-- Insert into country
INSERT INTO country (country_id, country_name) VALUES (1, 'Senegal');
INSERT INTO country (country_id, country_name) VALUES (2, 'Angola');
INSERT INTO country (country_id, country_name) VALUES (3, 'Reunion');
INSERT INTO country (country_id, country_name) VALUES (4, 'Afghanistan');
INSERT INTO country (country_id, country_name) VALUES (5, 'Hong Kong');
-- Insert into city
INSERT INTO city (city_id, city_name, country_id) VALUES (1, 'Lake Benjamin', 5);
INSERT INTO city (city_id, city_name, country_id) VALUES (2, 'Lake Steven', 1);
INSERT INTO city (city_id, city_name, country_id) VALUES (3, 'Port Clintonfurt', 4);
INSERT INTO city (city_id, city_name, country_id) VALUES (4, 'North Aaronton', 3);
INSERT INTO city (city_id, city_name, country_id) VALUES (5, 'Houstonberg', 4);
INSERT INTO city (city_id, city_name, country_id) VALUES (6, 'Port Meredith', 4);
INSERT INTO city (city_id, city_name, country_id) VALUES (7, 'West Alison', 2);
INSERT INTO city (city_id, city_name, country_id) VALUES (8, 'Hicksbury', 3);
INSERT INTO city (city_id, city_name, country_id) VALUES (9, 'South Christineton', 4);
INSERT INTO city (city_id, city_name, country_id) VALUES (10, 'South Mark', 5);
-- Insert into airport
INSERT INTO airport (airport_code, airport_name, city_id) VALUES ('AIR1', 'Lake Christine International', 2);
INSERT INTO airport (airport_code, airport_name, city_id) VALUES ('AIR2', 'Wilsonview International', 3);
INSERT INTO airport (airport_code, airport_name, city_id) VALUES ('AIR3', 'Jameschester International', 4);
INSERT INTO airport (airport_code, airport_name, city_id) VALUES ('AIR4', 'East Andrewville International', 5);
INSERT INTO airport (airport_code, airport_name, city_id) VALUES ('AIR5', 'East Courtney International', 6);
INSERT INTO airport (airport_code, airport_name, city_id) VALUES ('AIR6', 'West Kenneth International', 7);
INSERT INTO airport (airport_code, airport_name, city_id) VALUES ('AIR7', 'Sheriberg International', 8);
INSERT INTO airport (airport_code, airport_name, city_id) VALUES ('AIR8', 'East Stevenchester International', 9);
INSERT INTO airport (airport_code, airport_name, city_id) VALUES ('AIR9', 'East Shirley International', 10);
INSERT INTO airport (airport_code, airport_name, city_id) VALUES ('AIR10', 'South Duanefort International', 1);
-- Insert into manufacturer
INSERT INTO manufacturer (manufacturer_id, manufacturer_name) VALUES (1, 'Boeing');
INSERT INTO manufacturer (manufacturer_id, manufacturer_name) VALUES (2, 'Airbus');
INSERT INTO manufacturer (manufacturer_id, manufacturer_name) VALUES (3, 'Embraer');
-- Insert into aircraft_model
INSERT INTO aircraft_model (model_id, model_name, manufacturer_id) VALUES (1, 'Model-1', 1);
INSERT INTO aircraft_model (model_id, model_name, manufacturer_id) VALUES (2, 'Model-2', 2);
INSERT INTO aircraft_model (model_id, model_name, manufacturer_id) VALUES (3, 'Model-3', 3);
INSERT INTO aircraft_model (model_id, model_name, manufacturer_id) VALUES (4, 'Model-4', 1);
INSERT INTO aircraft_model (model_id, model_name, manufacturer_id) VALUES (5, 'Model-5', 1);
-- Insert into airline
INSERT INTO airline (airline_id, airline_name) VALUES (1, 'Kent Ltd Airlines');
INSERT INTO airline (airline_id, airline_name) VALUES (2, 'Miller-Morris Airlines');
INSERT INTO airline (airline_id, airline_name) VALUES (3, 'Colon, Durham and Warner Airlines');
INSERT INTO airline (airline_id, airline_name) VALUES (4, 'Ritter Group Airlines');
INSERT INTO airline (airline_id, airline_name) VALUES (5, 'Wilson Group Airlines');
-- Insert into aircraft
INSERT INTO aircraft (aircraft_id, aircraft_model_id, owned_by_airline_id) VALUES (1, 2, 4);
INSERT INTO aircraft (aircraft_id, aircraft_model_id, owned_by_airline_id) VALUES (2, 5, 2);
INSERT INTO aircraft (aircraft_id, aircraft_model_id, owned_by_airline_id) VALUES (3, 5, 5);
INSERT INTO aircraft (aircraft_id, aircraft_model_id, owned_by_airline_id) VALUES (4, 4, 4);
INSERT INTO aircraft (aircraft_id, aircraft_model_id, owned_by_airline_id) VALUES (5, 5, 4);
INSERT INTO aircraft (aircraft_id, aircraft_model_id, owned_by_airline_id) VALUES (6, 4, 2);
INSERT INTO aircraft (aircraft_id, aircraft_model_id, owned_by_airline_id) VALUES (7, 5, 4);
INSERT INTO aircraft (aircraft_id, aircraft_model_id, owned_by_airline_id) VALUES (8, 4, 2);
INSERT INTO aircraft (aircraft_id, aircraft_model_id, owned_by_airline_id) VALUES (9, 3, 1);
INSERT INTO aircraft (aircraft_id, aircraft_model_id, owned_by_airline_id) VALUES (10, 3, 4);
INSERT INTO aircraft (aircraft_id, aircraft_model_id, owned_by_airline_id) VALUES (11, 3, 4);
INSERT INTO aircraft (aircraft_id, aircraft_model_id, owned_by_airline_id) VALUES (12, 1, 4);
INSERT INTO aircraft (aircraft_id, aircraft_model_id, owned_by_airline_id) VALUES (13, 1, 3);
INSERT INTO aircraft (aircraft_id, aircraft_model_id, owned_by_airline_id) VALUES (14, 4, 2);
INSERT INTO aircraft (aircraft_id, aircraft_model_id, owned_by_airline_id) VALUES (15, 5, 2);
INSERT INTO aircraft (aircraft_id, aircraft_model_id, owned_by_airline_id) VALUES (16, 2, 2);
INSERT INTO aircraft (aircraft_id, aircraft_model_id, owned_by_airline_id) VALUES (17, 3, 5);
INSERT INTO aircraft (aircraft_id, aircraft_model_id, owned_by_airline_id) VALUES (18, 4, 2);
INSERT INTO aircraft (aircraft_id, aircraft_model_id, owned_by_airline_id) VALUES (19, 1, 5);
INSERT INTO aircraft (aircraft_id, aircraft_model_id, owned_by_airline_id) VALUES (20, 3, 4);
-- Insert into seat_class
INSERT INTO seat_class (seat_class_id, class_name) VALUES (1, 'Economy');
INSERT INTO seat_class (seat_class_id, class_name) VALUES (2, 'Business');
INSERT INTO seat_class (seat_class_id, class_name) VALUES (3, 'First');
-- Insert into aircraft_seat
INSERT INTO aircraft_seat (seat_id, aircraft_id, seat_class_id) VALUES (1, 1, 3);
INSERT INTO aircraft_seat (seat_id, aircraft_id, seat_class_id) VALUES (2, 1, 2);
INSERT INTO aircraft_seat (seat_id, aircraft_id, seat_class_id) VALUES (3, 1, 1);
INSERT INTO aircraft_seat (seat_id, aircraft_id, seat_class_id) VALUES (4, 1, 1);
INSERT INTO aircraft_seat (seat_id, aircraft_id, seat_class_id) VALUES (5, 1, 3);
INSERT INTO aircraft_seat (seat_id, aircraft_id, seat_class_id) VALUES (6, 1, 2);
INSERT INTO aircraft_seat (seat_id, aircraft_id, seat_class_id) VALUES (7, 1, 1);
INSERT INTO aircraft_seat (seat_id, aircraft_id, seat_class_id) VALUES (8, 1, 2);
INSERT INTO aircraft_seat (seat_id, aircraft_id, seat_class_id) VALUES (9, 1, 2);
INSERT INTO aircraft_seat (seat_id, aircraft_id, seat_class_id) VALUES (10, 1, 1);
INSERT INTO aircraft_seat (seat_id, aircraft_id, seat_class_id) VALUES (11, 2, 1);
INSERT INTO aircraft_seat (seat_id, aircraft_id, seat_class_id) VALUES (12, 2, 1);
INSERT INTO aircraft_seat (seat_id, aircraft_id, seat_class_id) VALUES (13, 2, 1);
INSERT INTO aircraft_seat (seat_id, aircraft_id, seat_class_id) VALUES (14, 2, 2);
INSERT INTO aircraft_seat (seat_id, aircraft_id, seat_class_id) VALUES (15, 2, 3);
INSERT INTO aircraft_seat (seat_id, aircraft_id, seat_class_id) VALUES (16, 2, 1);
INSERT INTO aircraft_seat (seat_id, aircraft_id, seat_class_id) VALUES (17, 2, 2);
INSERT INTO aircraft_seat (seat_id, aircraft_id, seat_class_id) VALUES (18, 2, 3);
INSERT INTO aircraft_seat (seat_id, aircraft_id, seat_class_id) VALUES (19, 2, 1);
INSERT INTO aircraft_seat (seat_id, aircraft_id, seat_class_id) VALUES (20, 2, 1);
INSERT INTO aircraft_seat (seat_id, aircraft_id, seat_class_id) VALUES (21, 3, 3);
INSERT INTO aircraft_seat (seat_id, aircraft_id, seat_class_id) VALUES (22, 3, 1);
INSERT INTO aircraft_seat (seat_id, aircraft_id, seat_class_id) VALUES (23, 3, 3);
INSERT INTO aircraft_seat (seat_id, aircraft_id, seat_class_id) VALUES (24, 3, 2);
INSERT INTO aircraft_seat (seat_id, aircraft_id, seat_class_id) VALUES (25, 3, 3);
INSERT INTO aircraft_seat (seat_id, aircraft_id, seat_class_id) VALUES (26, 3, 2);
INSERT INTO aircraft_seat (seat_id, aircraft_id, seat_class_id) VALUES (27, 3, 1);
INSERT INTO aircraft_seat (seat_id, aircraft_id, seat_class_id) VALUES (28, 3, 3);
INSERT INTO aircraft_seat (seat_id, aircraft_id, seat_class_id) VALUES (29, 3, 2);
INSERT INTO aircraft_seat (seat_id, aircraft_id, seat_class_id) VALUES (30, 3, 1);
INSERT INTO aircraft_seat (seat_id, aircraft_id, seat_class_id) VALUES (31, 4, 3);
INSERT INTO aircraft_seat (seat_id, aircraft_id, seat_class_id) VALUES (32, 4, 3);
INSERT INTO aircraft_seat (seat_id, aircraft_id, seat_class_id) VALUES (33, 4, 3);
INSERT INTO aircraft_seat (seat_id, aircraft_id, seat_class_id) VALUES (34, 4, 2);
INSERT INTO aircraft_seat (seat_id, aircraft_id, seat_class_id) VALUES (35, 4, 2);
INSERT INTO aircraft_seat (seat_id, aircraft_id, seat_class_id) VALUES (36, 4, 1);
INSERT INTO aircraft_seat (seat_id, aircraft_id, seat_class_id) VALUES (37, 4, 3);
INSERT INTO aircraft_seat (seat_id, aircraft_id, seat_class_id) VALUES (38, 4, 3);
INSERT INTO aircraft_seat (seat_id, aircraft_id, seat_class_id) VALUES (39, 4, 3);
INSERT INTO aircraft_seat (seat_id, aircraft_id, seat_class_id) VALUES (40, 4, 1);
INSERT INTO aircraft_seat (seat_id, aircraft_id, seat_class_id) VALUES (41, 5, 1);
INSERT INTO aircraft_seat (seat_id, aircraft_id, seat_class_id) VALUES (42, 5, 2);
INSERT INTO aircraft_seat (seat_id, aircraft_id, seat_class_id) VALUES (43, 5, 2);
INSERT INTO aircraft_seat (seat_id, aircraft_id, seat_class_id) VALUES (44, 5, 3);
INSERT INTO aircraft_seat (seat_id, aircraft_id, seat_class_id) VALUES (45, 5, 1);
INSERT INTO aircraft_seat (seat_id, aircraft_id, seat_class_id) VALUES (46, 5, 1);
INSERT INTO aircraft_seat (seat_id, aircraft_id, seat_class_id) VALUES (47, 5, 1);
INSERT INTO aircraft_seat (seat_id, aircraft_id, seat_class_id) VALUES (48, 5, 3);
INSERT INTO aircraft_seat (seat_id, aircraft_id, seat_class_id) VALUES (49, 5, 3);
INSERT INTO aircraft_seat (seat_id, aircraft_id, seat_class_id) VALUES (50, 5, 1);
INSERT INTO aircraft_seat (seat_id, aircraft_id, seat_class_id) VALUES (51, 6, 1);
INSERT INTO aircraft_seat (seat_id, aircraft_id, seat_class_id) VALUES (52, 6, 3);
INSERT INTO aircraft_seat (seat_id, aircraft_id, seat_class_id) VALUES (53, 6, 2);
INSERT INTO aircraft_seat (seat_id, aircraft_id, seat_class_id) VALUES (54, 6, 2);
INSERT INTO aircraft_seat (seat_id, aircraft_id, seat_class_id) VALUES (55, 6, 1);
INSERT INTO aircraft_seat (seat_id, aircraft_id, seat_class_id) VALUES (56, 6, 3);
INSERT INTO aircraft_seat (seat_id, aircraft_id, seat_class_id) VALUES (57, 6, 3);
INSERT INTO aircraft_seat (seat_id, aircraft_id, seat_class_id) VALUES (58, 6, 2);
INSERT INTO aircraft_seat (seat_id, aircraft_id, seat_class_id) VALUES (59, 6, 1);
INSERT INTO aircraft_seat (seat_id, aircraft_id, seat_class_id) VALUES (60, 6, 2);
INSERT INTO aircraft_seat (seat_id, aircraft_id, seat_class_id) VALUES (61, 7, 1);
INSERT INTO aircraft_seat (seat_id, aircraft_id, seat_class_id) VALUES (62, 7, 1);
INSERT INTO aircraft_seat (seat_id, aircraft_id, seat_class_id) VALUES (63, 7, 1);
INSERT INTO aircraft_seat (seat_id, aircraft_id, seat_class_id) VALUES (64, 7, 3);
INSERT INTO aircraft_seat (seat_id, aircraft_id, seat_class_id) VALUES (65, 7, 3);
INSERT INTO aircraft_seat (seat_id, aircraft_id, seat_class_id) VALUES (66, 7, 3);
INSERT INTO aircraft_seat (seat_id, aircraft_id, seat_class_id) VALUES (67, 7, 1);
INSERT INTO aircraft_seat (seat_id, aircraft_id, seat_class_id) VALUES (68, 7, 3);
INSERT INTO aircraft_seat (seat_id, aircraft_id, seat_class_id) VALUES (69, 7, 2);
INSERT INTO aircraft_seat (seat_id, aircraft_id, seat_class_id) VALUES (70, 7, 2);
INSERT INTO aircraft_seat (seat_id, aircraft_id, seat_class_id) VALUES (71, 8, 2);
INSERT INTO aircraft_seat (seat_id, aircraft_id, seat_class_id) VALUES (72, 8, 2);
INSERT INTO aircraft_seat (seat_id, aircraft_id, seat_class_id) VALUES (73, 8, 3);
INSERT INTO aircraft_seat (seat_id, aircraft_id, seat_class_id) VALUES (74, 8, 3);
INSERT INTO aircraft_seat (seat_id, aircraft_id, seat_class_id) VALUES (75, 8, 2);
INSERT INTO aircraft_seat (seat_id, aircraft_id, seat_class_id) VALUES (76, 8, 2);
INSERT INTO aircraft_seat (seat_id, aircraft_id, seat_class_id) VALUES (77, 8, 3);
INSERT INTO aircraft_seat (seat_id, aircraft_id, seat_class_id) VALUES (78, 8, 1);
INSERT INTO aircraft_seat (seat_id, aircraft_id, seat_class_id) VALUES (79, 8, 2);
INSERT INTO aircraft_seat (seat_id, aircraft_id, seat_class_id) VALUES (80, 8, 1);
INSERT INTO aircraft_seat (seat_id, aircraft_id, seat_class_id) VALUES (81, 9, 1);
INSERT INTO aircraft_seat (seat_id, aircraft_id, seat_class_id) VALUES (82, 9, 3);
INSERT INTO aircraft_seat (seat_id, aircraft_id, seat_class_id) VALUES (83, 9, 3);
INSERT INTO aircraft_seat (seat_id, aircraft_id, seat_class_id) VALUES (84, 9, 3);
INSERT INTO aircraft_seat (seat_id, aircraft_id, seat_class_id) VALUES (85, 9, 2);
INSERT INTO aircraft_seat (seat_id, aircraft_id, seat_class_id) VALUES (86, 9, 1);
INSERT INTO aircraft_seat (seat_id, aircraft_id, seat_class_id) VALUES (87, 9, 2);
INSERT INTO aircraft_seat (seat_id, aircraft_id, seat_class_id) VALUES (88, 9, 2);
INSERT INTO aircraft_seat (seat_id, aircraft_id, seat_class_id) VALUES (89, 9, 1);
INSERT INTO aircraft_seat (seat_id, aircraft_id, seat_class_id) VALUES (90, 9, 1);
INSERT INTO aircraft_seat (seat_id, aircraft_id, seat_class_id) VALUES (91, 10, 3);
INSERT INTO aircraft_seat (seat_id, aircraft_id, seat_class_id) VALUES (92, 10, 1);
INSERT INTO aircraft_seat (seat_id, aircraft_id, seat_class_id) VALUES (93, 10, 3);
INSERT INTO aircraft_seat (seat_id, aircraft_id, seat_class_id) VALUES (94, 10, 1);
INSERT INTO aircraft_seat (seat_id, aircraft_id, seat_class_id) VALUES (95, 10, 3);
INSERT INTO aircraft_seat (seat_id, aircraft_id, seat_class_id) VALUES (96, 10, 3);
INSERT INTO aircraft_seat (seat_id, aircraft_id, seat_class_id) VALUES (97, 10, 2);
INSERT INTO aircraft_seat (seat_id, aircraft_id, seat_class_id) VALUES (98, 10, 3);
INSERT INTO aircraft_seat (seat_id, aircraft_id, seat_class_id) VALUES (99, 10, 3);
INSERT INTO aircraft_seat (seat_id, aircraft_id, seat_class_id) VALUES (100, 10, 1);
INSERT INTO aircraft_seat (seat_id, aircraft_id, seat_class_id) VALUES (101, 11, 2);
INSERT INTO aircraft_seat (seat_id, aircraft_id, seat_class_id) VALUES (102, 11, 1);
INSERT INTO aircraft_seat (seat_id, aircraft_id, seat_class_id) VALUES (103, 11, 1);
INSERT INTO aircraft_seat (seat_id, aircraft_id, seat_class_id) VALUES (104, 11, 1);
INSERT INTO aircraft_seat (seat_id, aircraft_id, seat_class_id) VALUES (105, 11, 2);
INSERT INTO aircraft_seat (seat_id, aircraft_id, seat_class_id) VALUES (106, 11, 2);
INSERT INTO aircraft_seat (seat_id, aircraft_id, seat_class_id) VALUES (107, 11, 1);
INSERT INTO aircraft_seat (seat_id, aircraft_id, seat_class_id) VALUES (108, 11, 2);
INSERT INTO aircraft_seat (seat_id, aircraft_id, seat_class_id) VALUES (109, 11, 3);
INSERT INTO aircraft_seat (seat_id, aircraft_id, seat_class_id) VALUES (110, 11, 2);
INSERT INTO aircraft_seat (seat_id, aircraft_id, seat_class_id) VALUES (111, 12, 3);
INSERT INTO aircraft_seat (seat_id, aircraft_id, seat_class_id) VALUES (112, 12, 3);
INSERT INTO aircraft_seat (seat_id, aircraft_id, seat_class_id) VALUES (113, 12, 2);
INSERT INTO aircraft_seat (seat_id, aircraft_id, seat_class_id) VALUES (114, 12, 2);
INSERT INTO aircraft_seat (seat_id, aircraft_id, seat_class_id) VALUES (115, 12, 3);
INSERT INTO aircraft_seat (seat_id, aircraft_id, seat_class_id) VALUES (116, 12, 3);
INSERT INTO aircraft_seat (seat_id, aircraft_id, seat_class_id) VALUES (117, 12, 3);
INSERT INTO aircraft_seat (seat_id, aircraft_id, seat_class_id) VALUES (118, 12, 3);
INSERT INTO aircraft_seat (seat_id, aircraft_id, seat_class_id) VALUES (119, 12, 3);
INSERT INTO aircraft_seat (seat_id, aircraft_id, seat_class_id) VALUES (120, 12, 1);
INSERT INTO aircraft_seat (seat_id, aircraft_id, seat_class_id) VALUES (121, 13, 1);
INSERT INTO aircraft_seat (seat_id, aircraft_id, seat_class_id) VALUES (122, 13, 2);
INSERT INTO aircraft_seat (seat_id, aircraft_id, seat_class_id) VALUES (123, 13, 3);
INSERT INTO aircraft_seat (seat_id, aircraft_id, seat_class_id) VALUES (124, 13, 3);
INSERT INTO aircraft_seat (seat_id, aircraft_id, seat_class_id) VALUES (125, 13, 3);
INSERT INTO aircraft_seat (seat_id, aircraft_id, seat_class_id) VALUES (126, 13, 3);
INSERT INTO aircraft_seat (seat_id, aircraft_id, seat_class_id) VALUES (127, 13, 1);
INSERT INTO aircraft_seat (seat_id, aircraft_id, seat_class_id) VALUES (128, 13, 1);
INSERT INTO aircraft_seat (seat_id, aircraft_id, seat_class_id) VALUES (129, 13, 2);
INSERT INTO aircraft_seat (seat_id, aircraft_id, seat_class_id) VALUES (130, 13, 3);
INSERT INTO aircraft_seat (seat_id, aircraft_id, seat_class_id) VALUES (131, 14, 1);
INSERT INTO aircraft_seat (seat_id, aircraft_id, seat_class_id) VALUES (132, 14, 2);
INSERT INTO aircraft_seat (seat_id, aircraft_id, seat_class_id) VALUES (133, 14, 1);
INSERT INTO aircraft_seat (seat_id, aircraft_id, seat_class_id) VALUES (134, 14, 1);
INSERT INTO aircraft_seat (seat_id, aircraft_id, seat_class_id) VALUES (135, 14, 2);
INSERT INTO aircraft_seat (seat_id, aircraft_id, seat_class_id) VALUES (136, 14, 1);
INSERT INTO aircraft_seat (seat_id, aircraft_id, seat_class_id) VALUES (137, 14, 3);
INSERT INTO aircraft_seat (seat_id, aircraft_id, seat_class_id) VALUES (138, 14, 1);
INSERT INTO aircraft_seat (seat_id, aircraft_id, seat_class_id) VALUES (139, 14, 2);
INSERT INTO aircraft_seat (seat_id, aircraft_id, seat_class_id) VALUES (140, 14, 2);
INSERT INTO aircraft_seat (seat_id, aircraft_id, seat_class_id) VALUES (141, 15, 2);
INSERT INTO aircraft_seat (seat_id, aircraft_id, seat_class_id) VALUES (142, 15, 1);
INSERT INTO aircraft_seat (seat_id, aircraft_id, seat_class_id) VALUES (143, 15, 1);
INSERT INTO aircraft_seat (seat_id, aircraft_id, seat_class_id) VALUES (144, 15, 1);
INSERT INTO aircraft_seat (seat_id, aircraft_id, seat_class_id) VALUES (145, 15, 3);
INSERT INTO aircraft_seat (seat_id, aircraft_id, seat_class_id) VALUES (146, 15, 2);
INSERT INTO aircraft_seat (seat_id, aircraft_id, seat_class_id) VALUES (147, 15, 2);
INSERT INTO aircraft_seat (seat_id, aircraft_id, seat_class_id) VALUES (148, 15, 1);
INSERT INTO aircraft_seat (seat_id, aircraft_id, seat_class_id) VALUES (149, 15, 2);
INSERT INTO aircraft_seat (seat_id, aircraft_id, seat_class_id) VALUES (150, 15, 3);
INSERT INTO aircraft_seat (seat_id, aircraft_id, seat_class_id) VALUES (151, 16, 1);
INSERT INTO aircraft_seat (seat_id, aircraft_id, seat_class_id) VALUES (152, 16, 1);
INSERT INTO aircraft_seat (seat_id, aircraft_id, seat_class_id) VALUES (153, 16, 2);
INSERT INTO aircraft_seat (seat_id, aircraft_id, seat_class_id) VALUES (154, 16, 3);
INSERT INTO aircraft_seat (seat_id, aircraft_id, seat_class_id) VALUES (155, 16, 2);
INSERT INTO aircraft_seat (seat_id, aircraft_id, seat_class_id) VALUES (156, 16, 3);
INSERT INTO aircraft_seat (seat_id, aircraft_id, seat_class_id) VALUES (157, 16, 3);
INSERT INTO aircraft_seat (seat_id, aircraft_id, seat_class_id) VALUES (158, 16, 3);
INSERT INTO aircraft_seat (seat_id, aircraft_id, seat_class_id) VALUES (159, 16, 1);
INSERT INTO aircraft_seat (seat_id, aircraft_id, seat_class_id) VALUES (160, 16, 3);
INSERT INTO aircraft_seat (seat_id, aircraft_id, seat_class_id) VALUES (161, 17, 1);
INSERT INTO aircraft_seat (seat_id, aircraft_id, seat_class_id) VALUES (162, 17, 1);
INSERT INTO aircraft_seat (seat_id, aircraft_id, seat_class_id) VALUES (163, 17, 1);
INSERT INTO aircraft_seat (seat_id, aircraft_id, seat_class_id) VALUES (164, 17, 3);
INSERT INTO aircraft_seat (seat_id, aircraft_id, seat_class_id) VALUES (165, 17, 2);
INSERT INTO aircraft_seat (seat_id, aircraft_id, seat_class_id) VALUES (166, 17, 2);
INSERT INTO aircraft_seat (seat_id, aircraft_id, seat_class_id) VALUES (167, 17, 2);
INSERT INTO aircraft_seat (seat_id, aircraft_id, seat_class_id) VALUES (168, 17, 1);
INSERT INTO aircraft_seat (seat_id, aircraft_id, seat_class_id) VALUES (169, 17, 3);
INSERT INTO aircraft_seat (seat_id, aircraft_id, seat_class_id) VALUES (170, 17, 1);
INSERT INTO aircraft_seat (seat_id, aircraft_id, seat_class_id) VALUES (171, 18, 2);
INSERT INTO aircraft_seat (seat_id, aircraft_id, seat_class_id) VALUES (172, 18, 1);
INSERT INTO aircraft_seat (seat_id, aircraft_id, seat_class_id) VALUES (173, 18, 3);
INSERT INTO aircraft_seat (seat_id, aircraft_id, seat_class_id) VALUES (174, 18, 2);
INSERT INTO aircraft_seat (seat_id, aircraft_id, seat_class_id) VALUES (175, 18, 3);
INSERT INTO aircraft_seat (seat_id, aircraft_id, seat_class_id) VALUES (176, 18, 1);
INSERT INTO aircraft_seat (seat_id, aircraft_id, seat_class_id) VALUES (177, 18, 3);
INSERT INTO aircraft_seat (seat_id, aircraft_id, seat_class_id) VALUES (178, 18, 2);
INSERT INTO aircraft_seat (seat_id, aircraft_id, seat_class_id) VALUES (179, 18, 1);
INSERT INTO aircraft_seat (seat_id, aircraft_id, seat_class_id) VALUES (180, 18, 2);
INSERT INTO aircraft_seat (seat_id, aircraft_id, seat_class_id) VALUES (181, 19, 3);
INSERT INTO aircraft_seat (seat_id, aircraft_id, seat_class_id) VALUES (182, 19, 2);
INSERT INTO aircraft_seat (seat_id, aircraft_id, seat_class_id) VALUES (183, 19, 3);
INSERT INTO aircraft_seat (seat_id, aircraft_id, seat_class_id) VALUES (184, 19, 2);
INSERT INTO aircraft_seat (seat_id, aircraft_id, seat_class_id) VALUES (185, 19, 2);
INSERT INTO aircraft_seat (seat_id, aircraft_id, seat_class_id) VALUES (186, 19, 1);
INSERT INTO aircraft_seat (seat_id, aircraft_id, seat_class_id) VALUES (187, 19, 3);
INSERT INTO aircraft_seat (seat_id, aircraft_id, seat_class_id) VALUES (188, 19, 1);
INSERT INTO aircraft_seat (seat_id, aircraft_id, seat_class_id) VALUES (189, 19, 1);
INSERT INTO aircraft_seat (seat_id, aircraft_id, seat_class_id) VALUES (190, 19, 3);
INSERT INTO aircraft_seat (seat_id, aircraft_id, seat_class_id) VALUES (191, 20, 1);
INSERT INTO aircraft_seat (seat_id, aircraft_id, seat_class_id) VALUES (192, 20, 3);
INSERT INTO aircraft_seat (seat_id, aircraft_id, seat_class_id) VALUES (193, 20, 3);
INSERT INTO aircraft_seat (seat_id, aircraft_id, seat_class_id) VALUES (194, 20, 2);
INSERT INTO aircraft_seat (seat_id, aircraft_id, seat_class_id) VALUES (195, 20, 1);
INSERT INTO aircraft_seat (seat_id, aircraft_id, seat_class_id) VALUES (196, 20, 3);
INSERT INTO aircraft_seat (seat_id, aircraft_id, seat_class_id) VALUES (197, 20, 2);
INSERT INTO aircraft_seat (seat_id, aircraft_id, seat_class_id) VALUES (198, 20, 3);
INSERT INTO aircraft_seat (seat_id, aircraft_id, seat_class_id) VALUES (199, 20, 2);
INSERT INTO aircraft_seat (seat_id, aircraft_id, seat_class_id) VALUES (200, 20, 1);
-- Insert into flight
INSERT INTO flight (flight_code, airline_id) VALUES ('FL0001', 4);
INSERT INTO flight (flight_code, airline_id) VALUES ('FL0002', 1);
INSERT INTO flight (flight_code, airline_id) VALUES ('FL0003', 1);
INSERT INTO flight (flight_code, airline_id) VALUES ('FL0004', 1);
INSERT INTO flight (flight_code, airline_id) VALUES ('FL0005', 4);
INSERT INTO flight (flight_code, airline_id) VALUES ('FL0006', 3);
INSERT INTO flight (flight_code, airline_id) VALUES ('FL0007', 2);
INSERT INTO flight (flight_code, airline_id) VALUES ('FL0008', 3);
INSERT INTO flight (flight_code, airline_id) VALUES ('FL0009', 4);
INSERT INTO flight (flight_code, airline_id) VALUES ('FL0010', 5);
INSERT INTO flight (flight_code, airline_id) VALUES ('FL0011', 5);
INSERT INTO flight (flight_code, airline_id) VALUES ('FL0012', 5);
INSERT INTO flight (flight_code, airline_id) VALUES ('FL0013', 4);
INSERT INTO flight (flight_code, airline_id) VALUES ('FL0014', 5);
INSERT INTO flight (flight_code, airline_id) VALUES ('FL0015', 2);
INSERT INTO flight (flight_code, airline_id) VALUES ('FL0016', 4);
INSERT INTO flight (flight_code, airline_id) VALUES ('FL0017', 1);
INSERT INTO flight (flight_code, airline_id) VALUES ('FL0018', 4);
INSERT INTO flight (flight_code, airline_id) VALUES ('FL0019', 5);
INSERT INTO flight (flight_code, airline_id) VALUES ('FL0020', 2);
INSERT INTO flight (flight_code, airline_id) VALUES ('FL0021', 1);
INSERT INTO flight (flight_code, airline_id) VALUES ('FL0022', 1);
INSERT INTO flight (flight_code, airline_id) VALUES ('FL0023', 3);
INSERT INTO flight (flight_code, airline_id) VALUES ('FL0024', 2);
INSERT INTO flight (flight_code, airline_id) VALUES ('FL0025', 3);
INSERT INTO flight (flight_code, airline_id) VALUES ('FL0026', 3);
INSERT INTO flight (flight_code, airline_id) VALUES ('FL0027', 1);
INSERT INTO flight (flight_code, airline_id) VALUES ('FL0028', 2);
INSERT INTO flight (flight_code, airline_id) VALUES ('FL0029', 2);
INSERT INTO flight (flight_code, airline_id) VALUES ('FL0030', 5);
INSERT INTO flight (flight_code, airline_id) VALUES ('FL0031', 1);
INSERT INTO flight (flight_code, airline_id) VALUES ('FL0032', 5);
INSERT INTO flight (flight_code, airline_id) VALUES ('FL0033', 1);
INSERT INTO flight (flight_code, airline_id) VALUES ('FL0034', 2);
INSERT INTO flight (flight_code, airline_id) VALUES ('FL0035', 3);
INSERT INTO flight (flight_code, airline_id) VALUES ('FL0036', 1);
INSERT INTO flight (flight_code, airline_id) VALUES ('FL0037', 1);
INSERT INTO flight (flight_code, airline_id) VALUES ('FL0038', 4);
INSERT INTO flight (flight_code, airline_id) VALUES ('FL0039', 1);
INSERT INTO flight (flight_code, airline_id) VALUES ('FL0040', 4);
INSERT INTO flight (flight_code, airline_id) VALUES ('FL0041', 3);
INSERT INTO flight (flight_code, airline_id) VALUES ('FL0042', 3);
INSERT INTO flight (flight_code, airline_id) VALUES ('FL0043', 3);
INSERT INTO flight (flight_code, airline_id) VALUES ('FL0044', 1);
INSERT INTO flight (flight_code, airline_id) VALUES ('FL0045', 2);
INSERT INTO flight (flight_code, airline_id) VALUES ('FL0046', 2);
INSERT INTO flight (flight_code, airline_id) VALUES ('FL0047', 3);
INSERT INTO flight (flight_code, airline_id) VALUES ('FL0048', 1);
INSERT INTO flight (flight_code, airline_id) VALUES ('FL0049', 4);
INSERT INTO flight (flight_code, airline_id) VALUES ('FL0050', 3);
INSERT INTO flight (flight_code, airline_id) VALUES ('FL0051', 2);
INSERT INTO flight (flight_code, airline_id) VALUES ('FL0052', 1);
INSERT INTO flight (flight_code, airline_id) VALUES ('FL0053', 5);
INSERT INTO flight (flight_code, airline_id) VALUES ('FL0054', 4);
INSERT INTO flight (flight_code, airline_id) VALUES ('FL0055', 4);
INSERT INTO flight (flight_code, airline_id) VALUES ('FL0056', 5);
INSERT INTO flight (flight_code, airline_id) VALUES ('FL0057', 5);
INSERT INTO flight (flight_code, airline_id) VALUES ('FL0058', 3);
INSERT INTO flight (flight_code, airline_id) VALUES ('FL0059', 4);
INSERT INTO flight (flight_code, airline_id) VALUES ('FL0060', 2);
INSERT INTO flight (flight_code, airline_id) VALUES ('FL0061', 4);
INSERT INTO flight (flight_code, airline_id) VALUES ('FL0062', 5);
INSERT INTO flight (flight_code, airline_id) VALUES ('FL0063', 5);
INSERT INTO flight (flight_code, airline_id) VALUES ('FL0064', 4);
INSERT INTO flight (flight_code, airline_id) VALUES ('FL0065', 4);
INSERT INTO flight (flight_code, airline_id) VALUES ('FL0066', 5);
INSERT INTO flight (flight_code, airline_id) VALUES ('FL0067', 4);
INSERT INTO flight (flight_code, airline_id) VALUES ('FL0068', 2);
INSERT INTO flight (flight_code, airline_id) VALUES ('FL0069', 1);
INSERT INTO flight (flight_code, airline_id) VALUES ('FL0070', 2);
INSERT INTO flight (flight_code, airline_id) VALUES ('FL0071', 1);
INSERT INTO flight (flight_code, airline_id) VALUES ('FL0072', 4);
INSERT INTO flight (flight_code, airline_id) VALUES ('FL0073', 4);
INSERT INTO flight (flight_code, airline_id) VALUES ('FL0074', 5);
INSERT INTO flight (flight_code, airline_id) VALUES ('FL0075', 4);
INSERT INTO flight (flight_code, airline_id) VALUES ('FL0076', 3);
INSERT INTO flight (flight_code, airline_id) VALUES ('FL0077', 5);
INSERT INTO flight (flight_code, airline_id) VALUES ('FL0078', 4);
INSERT INTO flight (flight_code, airline_id) VALUES ('FL0079', 4);
INSERT INTO flight (flight_code, airline_id) VALUES ('FL0080', 2);
INSERT INTO flight (flight_code, airline_id) VALUES ('FL0081', 3);
INSERT INTO flight (flight_code, airline_id) VALUES ('FL0082', 1);
INSERT INTO flight (flight_code, airline_id) VALUES ('FL0083', 5);
INSERT INTO flight (flight_code, airline_id) VALUES ('FL0084', 4);
INSERT INTO flight (flight_code, airline_id) VALUES ('FL0085', 5);
INSERT INTO flight (flight_code, airline_id) VALUES ('FL0086', 1);
INSERT INTO flight (flight_code, airline_id) VALUES ('FL0087', 2);
INSERT INTO flight (flight_code, airline_id) VALUES ('FL0088', 5);
INSERT INTO flight (flight_code, airline_id) VALUES ('FL0089', 1);
INSERT INTO flight (flight_code, airline_id) VALUES ('FL0090', 3);
INSERT INTO flight (flight_code, airline_id) VALUES ('FL0091', 3);
INSERT INTO flight (flight_code, airline_id) VALUES ('FL0092', 5);
INSERT INTO flight (flight_code, airline_id) VALUES ('FL0093', 4);
INSERT INTO flight (flight_code, airline_id) VALUES ('FL0094', 4);
INSERT INTO flight (flight_code, airline_id) VALUES ('FL0095', 1);
INSERT INTO flight (flight_code, airline_id) VALUES ('FL0096', 2);
INSERT INTO flight (flight_code, airline_id) VALUES ('FL0097', 3);
INSERT INTO flight (flight_code, airline_id) VALUES ('FL0098', 4);
INSERT INTO flight (flight_code, airline_id) VALUES ('FL0099', 5);
INSERT INTO flight (flight_code, airline_id) VALUES ('FL0100', 4);
-- Insert into leg
INSERT INTO leg (leg_id, flight_code, arrival_airport_code, departure_airport_code, arrival_time, departure_time, aircraft_id) VALUES (1, 'FL0020', 'AIR6', 'AIR3', '2025-08-11 06:19:04', '2025-08-11 02:19:04', 3);
INSERT INTO leg (leg_id, flight_code, arrival_airport_code, departure_airport_code, arrival_time, departure_time, aircraft_id) VALUES (2, 'FL0007', 'AIR2', 'AIR7', '2025-08-09 03:51:28', '2025-08-08 22:51:28', 15);
INSERT INTO leg (leg_id, flight_code, arrival_airport_code, departure_airport_code, arrival_time, departure_time, aircraft_id) VALUES (3, 'FL0018', 'AIR1', 'AIR10', '2025-07-24 22:55:54', '2025-07-24 11:55:54', 20);
INSERT INTO leg (leg_id, flight_code, arrival_airport_code, departure_airport_code, arrival_time, departure_time, aircraft_id) VALUES (4, 'FL0099', 'AIR1', 'AIR8', '2025-08-23 12:19:06', '2025-08-23 06:19:06', 20);
INSERT INTO leg (leg_id, flight_code, arrival_airport_code, departure_airport_code, arrival_time, departure_time, aircraft_id) VALUES (5, 'FL0019', 'AIR3', 'AIR8', '2025-08-28 15:44:54', '2025-08-28 14:44:54', 4);
INSERT INTO leg (leg_id, flight_code, arrival_airport_code, departure_airport_code, arrival_time, departure_time, aircraft_id) VALUES (6, 'FL0098', 'AIR8', 'AIR3', '2025-09-04 14:35:35', '2025-09-04 12:35:35', 2);
INSERT INTO leg (leg_id, flight_code, arrival_airport_code, departure_airport_code, arrival_time, departure_time, aircraft_id) VALUES (7, 'FL0011', 'AIR3', 'AIR8', '2025-08-21 22:40:36', '2025-08-21 17:40:36', 18);
INSERT INTO leg (leg_id, flight_code, arrival_airport_code, departure_airport_code, arrival_time, departure_time, aircraft_id) VALUES (8, 'FL0081', 'AIR1', 'AIR5', '2025-08-04 18:46:47', '2025-08-04 16:46:47', 2);
INSERT INTO leg (leg_id, flight_code, arrival_airport_code, departure_airport_code, arrival_time, departure_time, aircraft_id) VALUES (9, 'FL0004', 'AIR6', 'AIR3', '2025-09-04 13:27:41', '2025-09-04 01:27:41', 13);
INSERT INTO leg (leg_id, flight_code, arrival_airport_code, departure_airport_code, arrival_time, departure_time, aircraft_id) VALUES (10, 'FL0057', 'AIR4', 'AIR1', '2025-07-20 08:58:31', '2025-07-20 04:58:31', 17);
INSERT INTO leg (leg_id, flight_code, arrival_airport_code, departure_airport_code, arrival_time, departure_time, aircraft_id) VALUES (11, 'FL0077', 'AIR9', 'AIR8', '2025-08-26 22:29:25', '2025-08-26 17:29:25', 17);
INSERT INTO leg (leg_id, flight_code, arrival_airport_code, departure_airport_code, arrival_time, departure_time, aircraft_id) VALUES (12, 'FL0027', 'AIR6', 'AIR3', '2025-08-13 08:47:14', '2025-08-13 07:47:14', 9);
INSERT INTO leg (leg_id, flight_code, arrival_airport_code, departure_airport_code, arrival_time, departure_time, aircraft_id) VALUES (13, 'FL0015', 'AIR9', 'AIR7', '2025-08-18 21:27:47', '2025-08-18 13:27:47', 4);
INSERT INTO leg (leg_id, flight_code, arrival_airport_code, departure_airport_code, arrival_time, departure_time, aircraft_id) VALUES (14, 'FL0068', 'AIR7', 'AIR6', '2025-09-06 11:36:31', '2025-09-06 01:36:31', 14);
INSERT INTO leg (leg_id, flight_code, arrival_airport_code, departure_airport_code, arrival_time, departure_time, aircraft_id) VALUES (15, 'FL0082', 'AIR8', 'AIR3', '2025-08-07 00:43:27', '2025-08-06 14:43:27', 17);
INSERT INTO leg (leg_id, flight_code, arrival_airport_code, departure_airport_code, arrival_time, departure_time, aircraft_id) VALUES (16, 'FL0026', 'AIR2', 'AIR3', '2025-08-06 13:50:11', '2025-08-06 01:50:11', 13);
INSERT INTO leg (leg_id, flight_code, arrival_airport_code, departure_airport_code, arrival_time, departure_time, aircraft_id) VALUES (17, 'FL0041', 'AIR5', 'AIR7', '2025-08-13 15:41:09', '2025-08-13 06:41:09', 18);
INSERT INTO leg (leg_id, flight_code, arrival_airport_code, departure_airport_code, arrival_time, departure_time, aircraft_id) VALUES (18, 'FL0015', 'AIR6', 'AIR2', '2025-08-18 09:19:06', '2025-08-18 03:19:06', 6);
INSERT INTO leg (leg_id, flight_code, arrival_airport_code, departure_airport_code, arrival_time, departure_time, aircraft_id) VALUES (19, 'FL0013', 'AIR1', 'AIR2', '2025-07-29 23:15:58', '2025-07-29 17:15:58', 5);
INSERT INTO leg (leg_id, flight_code, arrival_airport_code, departure_airport_code, arrival_time, departure_time, aircraft_id) VALUES (20, 'FL0044', 'AIR8', 'AIR7', '2025-09-04 01:33:25', '2025-09-03 19:33:25', 19);
INSERT INTO leg (leg_id, flight_code, arrival_airport_code, departure_airport_code, arrival_time, departure_time, aircraft_id) VALUES (21, 'FL0087', 'AIR8', 'AIR4', '2025-07-20 09:23:12', '2025-07-20 03:23:12', 20);
INSERT INTO leg (leg_id, flight_code, arrival_airport_code, departure_airport_code, arrival_time, departure_time, aircraft_id) VALUES (22, 'FL0039', 'AIR5', 'AIR3', '2025-07-31 13:40:48', '2025-07-31 02:40:48', 14);
INSERT INTO leg (leg_id, flight_code, arrival_airport_code, departure_airport_code, arrival_time, departure_time, aircraft_id) VALUES (23, 'FL0056', 'AIR5', 'AIR2', '2025-07-20 00:34:41', '2025-07-19 15:34:41', 16);
INSERT INTO leg (leg_id, flight_code, arrival_airport_code, departure_airport_code, arrival_time, departure_time, aircraft_id) VALUES (24, 'FL0044', 'AIR4', 'AIR8', '2025-07-20 14:50:07', '2025-07-20 02:50:07', 9);
INSERT INTO leg (leg_id, flight_code, arrival_airport_code, departure_airport_code, arrival_time, departure_time, aircraft_id) VALUES (25, 'FL0030', 'AIR8', 'AIR1', '2025-08-12 21:22:18', '2025-08-12 10:22:18', 2);
INSERT INTO leg (leg_id, flight_code, arrival_airport_code, departure_airport_code, arrival_time, departure_time, aircraft_id) VALUES (26, 'FL0013', 'AIR8', 'AIR2', '2025-07-31 06:53:10', '2025-07-31 04:53:10', 3);
INSERT INTO leg (leg_id, flight_code, arrival_airport_code, departure_airport_code, arrival_time, departure_time, aircraft_id) VALUES (27, 'FL0073', 'AIR5', 'AIR6', '2025-09-02 06:33:41', '2025-09-01 19:33:41', 18);
INSERT INTO leg (leg_id, flight_code, arrival_airport_code, departure_airport_code, arrival_time, departure_time, aircraft_id) VALUES (28, 'FL0090', 'AIR9', 'AIR5', '2025-09-03 23:45:30', '2025-09-03 22:45:30', 14);
INSERT INTO leg (leg_id, flight_code, arrival_airport_code, departure_airport_code, arrival_time, departure_time, aircraft_id) VALUES (29, 'FL0067', 'AIR4', 'AIR8', '2025-07-08 20:02:59', '2025-07-08 12:02:59', 17);
INSERT INTO leg (leg_id, flight_code, arrival_airport_code, departure_airport_code, arrival_time, departure_time, aircraft_id) VALUES (30, 'FL0021', 'AIR4', 'AIR6', '2025-08-14 13:07:04', '2025-08-14 01:07:04', 18);
INSERT INTO leg (leg_id, flight_code, arrival_airport_code, departure_airport_code, arrival_time, departure_time, aircraft_id) VALUES (31, 'FL0076', 'AIR8', 'AIR10', '2025-08-15 05:07:54', '2025-08-15 03:07:54', 7);
INSERT INTO leg (leg_id, flight_code, arrival_airport_code, departure_airport_code, arrival_time, departure_time, aircraft_id) VALUES (32, 'FL0086', 'AIR9', 'AIR4', '2025-08-12 01:28:41', '2025-08-11 20:28:41', 12);
INSERT INTO leg (leg_id, flight_code, arrival_airport_code, departure_airport_code, arrival_time, departure_time, aircraft_id) VALUES (33, 'FL0067', 'AIR5', 'AIR4', '2025-09-02 11:16:10', '2025-09-02 03:16:10', 4);
INSERT INTO leg (leg_id, flight_code, arrival_airport_code, departure_airport_code, arrival_time, departure_time, aircraft_id) VALUES (34, 'FL0075', 'AIR1', 'AIR4', '2025-07-24 18:39:55', '2025-07-24 12:39:55', 3);
INSERT INTO leg (leg_id, flight_code, arrival_airport_code, departure_airport_code, arrival_time, departure_time, aircraft_id) VALUES (35, 'FL0094', 'AIR5', 'AIR3', '2025-07-14 19:38:53', '2025-07-14 15:38:53', 6);
INSERT INTO leg (leg_id, flight_code, arrival_airport_code, departure_airport_code, arrival_time, departure_time, aircraft_id) VALUES (36, 'FL0009', 'AIR3', 'AIR6', '2025-08-11 12:34:33', '2025-08-11 07:34:33', 11);
INSERT INTO leg (leg_id, flight_code, arrival_airport_code, departure_airport_code, arrival_time, departure_time, aircraft_id) VALUES (37, 'FL0086', 'AIR5', 'AIR2', '2025-07-09 03:59:11', '2025-07-08 22:59:11', 13);
INSERT INTO leg (leg_id, flight_code, arrival_airport_code, departure_airport_code, arrival_time, departure_time, aircraft_id) VALUES (38, 'FL0093', 'AIR4', 'AIR7', '2025-08-26 18:08:48', '2025-08-26 09:08:48', 7);
INSERT INTO leg (leg_id, flight_code, arrival_airport_code, departure_airport_code, arrival_time, departure_time, aircraft_id) VALUES (39, 'FL0066', 'AIR6', 'AIR2', '2025-07-26 12:10:08', '2025-07-26 09:10:08', 4);
INSERT INTO leg (leg_id, flight_code, arrival_airport_code, departure_airport_code, arrival_time, departure_time, aircraft_id) VALUES (40, 'FL0046', 'AIR9', 'AIR1', '2025-08-27 14:18:14', '2025-08-27 12:18:14', 9);
INSERT INTO leg (leg_id, flight_code, arrival_airport_code, departure_airport_code, arrival_time, departure_time, aircraft_id) VALUES (41, 'FL0022', 'AIR3', 'AIR2', '2025-07-28 11:05:12', '2025-07-27 23:05:12', 19);
INSERT INTO leg (leg_id, flight_code, arrival_airport_code, departure_airport_code, arrival_time, departure_time, aircraft_id) VALUES (42, 'FL0030', 'AIR7', 'AIR9', '2025-08-05 20:55:05', '2025-08-05 10:55:05', 7);
INSERT INTO leg (leg_id, flight_code, arrival_airport_code, departure_airport_code, arrival_time, departure_time, aircraft_id) VALUES (43, 'FL0027', 'AIR8', 'AIR10', '2025-08-30 03:54:43', '2025-08-30 02:54:43', 4);
INSERT INTO leg (leg_id, flight_code, arrival_airport_code, departure_airport_code, arrival_time, departure_time, aircraft_id) VALUES (44, 'FL0028', 'AIR10', 'AIR9', '2025-09-05 00:28:51', '2025-09-04 14:28:51', 6);
INSERT INTO leg (leg_id, flight_code, arrival_airport_code, departure_airport_code, arrival_time, departure_time, aircraft_id) VALUES (45, 'FL0058', 'AIR2', 'AIR10', '2025-08-25 22:49:41', '2025-08-25 10:49:41', 1);
INSERT INTO leg (leg_id, flight_code, arrival_airport_code, departure_airport_code, arrival_time, departure_time, aircraft_id) VALUES (46, 'FL0044', 'AIR3', 'AIR6', '2025-08-01 15:42:26', '2025-08-01 13:42:26', 19);
INSERT INTO leg (leg_id, flight_code, arrival_airport_code, departure_airport_code, arrival_time, departure_time, aircraft_id) VALUES (47, 'FL0099', 'AIR6', 'AIR1', '2025-07-16 02:32:34', '2025-07-16 00:32:34', 19);
INSERT INTO leg (leg_id, flight_code, arrival_airport_code, departure_airport_code, arrival_time, departure_time, aircraft_id) VALUES (48, 'FL0074', 'AIR1', 'AIR4', '2025-08-26 13:16:38', '2025-08-26 08:16:38', 14);
INSERT INTO leg (leg_id, flight_code, arrival_airport_code, departure_airport_code, arrival_time, departure_time, aircraft_id) VALUES (49, 'FL0036', 'AIR2', 'AIR3', '2025-08-05 06:51:06', '2025-08-05 03:51:06', 7);
INSERT INTO leg (leg_id, flight_code, arrival_airport_code, departure_airport_code, arrival_time, departure_time, aircraft_id) VALUES (50, 'FL0036', 'AIR6', 'AIR8', '2025-08-10 04:57:04', '2025-08-10 00:57:04', 17);
INSERT INTO leg (leg_id, flight_code, arrival_airport_code, departure_airport_code, arrival_time, departure_time, aircraft_id) VALUES (51, 'FL0012', 'AIR8', 'AIR9', '2025-09-05 18:09:02', '2025-09-05 15:09:02', 2);
INSERT INTO leg (leg_id, flight_code, arrival_airport_code, departure_airport_code, arrival_time, departure_time, aircraft_id) VALUES (52, 'FL0038', 'AIR7', 'AIR4', '2025-07-31 06:39:17', '2025-07-30 21:39:17', 19);
INSERT INTO leg (leg_id, flight_code, arrival_airport_code, departure_airport_code, arrival_time, departure_time, aircraft_id) VALUES (53, 'FL0043', 'AIR1', 'AIR7', '2025-09-01 23:27:17', '2025-09-01 22:27:17', 10);
INSERT INTO leg (leg_id, flight_code, arrival_airport_code, departure_airport_code, arrival_time, departure_time, aircraft_id) VALUES (54, 'FL0040', 'AIR4', 'AIR9', '2025-08-27 13:37:28', '2025-08-27 04:37:28', 16);
INSERT INTO leg (leg_id, flight_code, arrival_airport_code, departure_airport_code, arrival_time, departure_time, aircraft_id) VALUES (55, 'FL0026', 'AIR9', 'AIR6', '2025-07-29 03:01:40', '2025-07-28 18:01:40', 8);
INSERT INTO leg (leg_id, flight_code, arrival_airport_code, departure_airport_code, arrival_time, departure_time, aircraft_id) VALUES (56, 'FL0086', 'AIR1', 'AIR9', '2025-08-18 15:06:36', '2025-08-18 14:06:36', 8);
INSERT INTO leg (leg_id, flight_code, arrival_airport_code, departure_airport_code, arrival_time, departure_time, aircraft_id) VALUES (57, 'FL0011', 'AIR10', 'AIR9', '2025-07-15 17:33:19', '2025-07-15 13:33:19', 13);
INSERT INTO leg (leg_id, flight_code, arrival_airport_code, departure_airport_code, arrival_time, departure_time, aircraft_id) VALUES (58, 'FL0100', 'AIR2', 'AIR1', '2025-07-28 11:29:36', '2025-07-28 02:29:36', 18);
INSERT INTO leg (leg_id, flight_code, arrival_airport_code, departure_airport_code, arrival_time, departure_time, aircraft_id) VALUES (59, 'FL0004', 'AIR7', 'AIR2', '2025-08-27 11:03:55', '2025-08-27 08:03:55', 19);
INSERT INTO leg (leg_id, flight_code, arrival_airport_code, departure_airport_code, arrival_time, departure_time, aircraft_id) VALUES (60, 'FL0052', 'AIR3', 'AIR8', '2025-09-04 17:15:57', '2025-09-04 12:15:57', 2);
INSERT INTO leg (leg_id, flight_code, arrival_airport_code, departure_airport_code, arrival_time, departure_time, aircraft_id) VALUES (61, 'FL0023', 'AIR2', 'AIR7', '2025-08-11 09:11:31', '2025-08-11 01:11:31', 13);
INSERT INTO leg (leg_id, flight_code, arrival_airport_code, departure_airport_code, arrival_time, departure_time, aircraft_id) VALUES (62, 'FL0070', 'AIR2', 'AIR3', '2025-08-26 13:56:33', '2025-08-26 06:56:33', 8);
INSERT INTO leg (leg_id, flight_code, arrival_airport_code, departure_airport_code, arrival_time, departure_time, aircraft_id) VALUES (63, 'FL0064', 'AIR2', 'AIR1', '2025-08-23 01:21:57', '2025-08-22 20:21:57', 5);
INSERT INTO leg (leg_id, flight_code, arrival_airport_code, departure_airport_code, arrival_time, departure_time, aircraft_id) VALUES (64, 'FL0095', 'AIR7', 'AIR5', '2025-07-10 06:18:13', '2025-07-10 04:18:13', 13);
INSERT INTO leg (leg_id, flight_code, arrival_airport_code, departure_airport_code, arrival_time, departure_time, aircraft_id) VALUES (65, 'FL0031', 'AIR8', 'AIR3', '2025-09-01 19:51:10', '2025-09-01 16:51:10', 20);
INSERT INTO leg (leg_id, flight_code, arrival_airport_code, departure_airport_code, arrival_time, departure_time, aircraft_id) VALUES (66, 'FL0028', 'AIR9', 'AIR3', '2025-08-14 16:52:30', '2025-08-14 14:52:30', 7);
INSERT INTO leg (leg_id, flight_code, arrival_airport_code, departure_airport_code, arrival_time, departure_time, aircraft_id) VALUES (67, 'FL0016', 'AIR3', 'AIR5', '2025-09-03 21:01:27', '2025-09-03 12:01:27', 8);
INSERT INTO leg (leg_id, flight_code, arrival_airport_code, departure_airport_code, arrival_time, departure_time, aircraft_id) VALUES (68, 'FL0019', 'AIR2', 'AIR1', '2025-08-31 19:18:59', '2025-08-31 11:18:59', 4);
INSERT INTO leg (leg_id, flight_code, arrival_airport_code, departure_airport_code, arrival_time, departure_time, aircraft_id) VALUES (69, 'FL0024', 'AIR8', 'AIR6', '2025-08-25 00:54:48', '2025-08-24 17:54:48', 1);
INSERT INTO leg (leg_id, flight_code, arrival_airport_code, departure_airport_code, arrival_time, departure_time, aircraft_id) VALUES (70, 'FL0038', 'AIR1', 'AIR9', '2025-08-29 22:56:31', '2025-08-29 17:56:31', 19);
INSERT INTO leg (leg_id, flight_code, arrival_airport_code, departure_airport_code, arrival_time, departure_time, aircraft_id) VALUES (71, 'FL0055', 'AIR7', 'AIR2', '2025-08-14 10:59:35', '2025-08-14 04:59:35', 3);
INSERT INTO leg (leg_id, flight_code, arrival_airport_code, departure_airport_code, arrival_time, departure_time, aircraft_id) VALUES (72, 'FL0036', 'AIR8', 'AIR6', '2025-07-29 05:36:40', '2025-07-28 22:36:40', 7);
INSERT INTO leg (leg_id, flight_code, arrival_airport_code, departure_airport_code, arrival_time, departure_time, aircraft_id) VALUES (73, 'FL0007', 'AIR1', 'AIR2', '2025-07-22 23:06:51', '2025-07-22 12:06:51', 6);
INSERT INTO leg (leg_id, flight_code, arrival_airport_code, departure_airport_code, arrival_time, departure_time, aircraft_id) VALUES (74, 'FL0050', 'AIR2', 'AIR7', '2025-08-22 22:08:29', '2025-08-22 20:08:29', 7);
INSERT INTO leg (leg_id, flight_code, arrival_airport_code, departure_airport_code, arrival_time, departure_time, aircraft_id) VALUES (75, 'FL0013', 'AIR6', 'AIR10', '2025-07-18 23:50:48', '2025-07-18 15:50:48', 13);
INSERT INTO leg (leg_id, flight_code, arrival_airport_code, departure_airport_code, arrival_time, departure_time, aircraft_id) VALUES (76, 'FL0070', 'AIR2', 'AIR3', '2025-08-10 04:03:39', '2025-08-09 20:03:39', 17);
INSERT INTO leg (leg_id, flight_code, arrival_airport_code, departure_airport_code, arrival_time, departure_time, aircraft_id) VALUES (77, 'FL0035', 'AIR5', 'AIR10', '2025-07-25 12:57:50', '2025-07-25 05:57:50', 15);
INSERT INTO leg (leg_id, flight_code, arrival_airport_code, departure_airport_code, arrival_time, departure_time, aircraft_id) VALUES (78, 'FL0026', 'AIR10', 'AIR8', '2025-07-15 20:12:53', '2025-07-15 18:12:53', 2);
INSERT INTO leg (leg_id, flight_code, arrival_airport_code, departure_airport_code, arrival_time, departure_time, aircraft_id) VALUES (79, 'FL0021', 'AIR3', 'AIR2', '2025-09-05 17:29:42', '2025-09-05 16:29:42', 1);
INSERT INTO leg (leg_id, flight_code, arrival_airport_code, departure_airport_code, arrival_time, departure_time, aircraft_id) VALUES (80, 'FL0090', 'AIR4', 'AIR1', '2025-08-19 16:44:38', '2025-08-19 05:44:38', 17);
INSERT INTO leg (leg_id, flight_code, arrival_airport_code, departure_airport_code, arrival_time, departure_time, aircraft_id) VALUES (81, 'FL0031', 'AIR7', 'AIR6', '2025-08-07 15:28:52', '2025-08-07 10:28:52', 7);
INSERT INTO leg (leg_id, flight_code, arrival_airport_code, departure_airport_code, arrival_time, departure_time, aircraft_id) VALUES (82, 'FL0075', 'AIR9', 'AIR3', '2025-07-28 09:19:14', '2025-07-28 01:19:14', 10);
INSERT INTO leg (leg_id, flight_code, arrival_airport_code, departure_airport_code, arrival_time, departure_time, aircraft_id) VALUES (83, 'FL0003', 'AIR10', 'AIR7', '2025-08-16 23:15:10', '2025-08-16 11:15:10', 10);
INSERT INTO leg (leg_id, flight_code, arrival_airport_code, departure_airport_code, arrival_time, departure_time, aircraft_id) VALUES (84, 'FL0089', 'AIR1', 'AIR10', '2025-09-02 16:56:53', '2025-09-02 11:56:53', 19);
INSERT INTO leg (leg_id, flight_code, arrival_airport_code, departure_airport_code, arrival_time, departure_time, aircraft_id) VALUES (85, 'FL0010', 'AIR3', 'AIR5', '2025-07-12 18:43:11', '2025-07-12 09:43:11', 12);
INSERT INTO leg (leg_id, flight_code, arrival_airport_code, departure_airport_code, arrival_time, departure_time, aircraft_id) VALUES (86, 'FL0032', 'AIR8', 'AIR10', '2025-08-27 19:52:43', '2025-08-27 09:52:43', 14);
INSERT INTO leg (leg_id, flight_code, arrival_airport_code, departure_airport_code, arrival_time, departure_time, aircraft_id) VALUES (87, 'FL0060', 'AIR2', 'AIR9', '2025-08-25 08:10:43', '2025-08-25 00:10:43', 3);
INSERT INTO leg (leg_id, flight_code, arrival_airport_code, departure_airport_code, arrival_time, departure_time, aircraft_id) VALUES (88, 'FL0064', 'AIR1', 'AIR8', '2025-09-06 11:26:50', '2025-09-05 23:26:50', 12);
INSERT INTO leg (leg_id, flight_code, arrival_airport_code, departure_airport_code, arrival_time, departure_time, aircraft_id) VALUES (89, 'FL0050', 'AIR9', 'AIR2', '2025-07-14 04:37:10', '2025-07-14 03:37:10', 6);
INSERT INTO leg (leg_id, flight_code, arrival_airport_code, departure_airport_code, arrival_time, departure_time, aircraft_id) VALUES (90, 'FL0093', 'AIR7', 'AIR9', '2025-07-18 11:34:49', '2025-07-18 05:34:49', 10);
INSERT INTO leg (leg_id, flight_code, arrival_airport_code, departure_airport_code, arrival_time, departure_time, aircraft_id) VALUES (91, 'FL0051', 'AIR8', 'AIR2', '2025-07-15 03:05:27', '2025-07-15 02:05:27', 15);
INSERT INTO leg (leg_id, flight_code, arrival_airport_code, departure_airport_code, arrival_time, departure_time, aircraft_id) VALUES (92, 'FL0022', 'AIR10', 'AIR6', '2025-09-01 20:33:57', '2025-09-01 13:33:57', 5);
INSERT INTO leg (leg_id, flight_code, arrival_airport_code, departure_airport_code, arrival_time, departure_time, aircraft_id) VALUES (93, 'FL0012', 'AIR5', 'AIR9', '2025-07-12 15:27:26', '2025-07-12 10:27:26', 11);
INSERT INTO leg (leg_id, flight_code, arrival_airport_code, departure_airport_code, arrival_time, departure_time, aircraft_id) VALUES (94, 'FL0015', 'AIR3', 'AIR9', '2025-08-20 19:31:15', '2025-08-20 09:31:15', 2);
INSERT INTO leg (leg_id, flight_code, arrival_airport_code, departure_airport_code, arrival_time, departure_time, aircraft_id) VALUES (95, 'FL0093', 'AIR2', 'AIR7', '2025-08-08 19:57:05', '2025-08-08 13:57:05', 12);
INSERT INTO leg (leg_id, flight_code, arrival_airport_code, departure_airport_code, arrival_time, departure_time, aircraft_id) VALUES (96, 'FL0038', 'AIR9', 'AIR10', '2025-07-12 01:22:26', '2025-07-11 19:22:26', 12);
INSERT INTO leg (leg_id, flight_code, arrival_airport_code, departure_airport_code, arrival_time, departure_time, aircraft_id) VALUES (97, 'FL0034', 'AIR3', 'AIR1', '2025-07-16 06:39:02', '2025-07-15 23:39:02', 3);
INSERT INTO leg (leg_id, flight_code, arrival_airport_code, departure_airport_code, arrival_time, departure_time, aircraft_id) VALUES (98, 'FL0008', 'AIR2', 'AIR10', '2025-08-11 11:40:05', '2025-08-11 07:40:05', 2);
INSERT INTO leg (leg_id, flight_code, arrival_airport_code, departure_airport_code, arrival_time, departure_time, aircraft_id) VALUES (99, 'FL0062', 'AIR9', 'AIR1', '2025-08-28 18:03:12', '2025-08-28 17:03:12', 18);
INSERT INTO leg (leg_id, flight_code, arrival_airport_code, departure_airport_code, arrival_time, departure_time, aircraft_id) VALUES (100, 'FL0078', 'AIR5', 'AIR7', '2025-09-06 15:31:11', '2025-09-06 06:31:11', 6);
INSERT INTO leg (leg_id, flight_code, arrival_airport_code, departure_airport_code, arrival_time, departure_time, aircraft_id) VALUES (101, 'FL0056', 'AIR1', 'AIR9', '2025-08-15 08:24:13', '2025-08-15 06:24:13', 14);
INSERT INTO leg (leg_id, flight_code, arrival_airport_code, departure_airport_code, arrival_time, departure_time, aircraft_id) VALUES (102, 'FL0001', 'AIR6', 'AIR1', '2025-08-02 14:10:34', '2025-08-02 09:10:34', 16);
INSERT INTO leg (leg_id, flight_code, arrival_airport_code, departure_airport_code, arrival_time, departure_time, aircraft_id) VALUES (103, 'FL0011', 'AIR10', 'AIR4', '2025-08-07 12:36:05', '2025-08-07 05:36:05', 11);
INSERT INTO leg (leg_id, flight_code, arrival_airport_code, departure_airport_code, arrival_time, departure_time, aircraft_id) VALUES (104, 'FL0004', 'AIR9', 'AIR10', '2025-08-20 21:22:52', '2025-08-20 19:22:52', 14);
INSERT INTO leg (leg_id, flight_code, arrival_airport_code, departure_airport_code, arrival_time, departure_time, aircraft_id) VALUES (105, 'FL0012', 'AIR10', 'AIR4', '2025-08-31 21:47:09', '2025-08-31 15:47:09', 19);
INSERT INTO leg (leg_id, flight_code, arrival_airport_code, departure_airport_code, arrival_time, departure_time, aircraft_id) VALUES (106, 'FL0047', 'AIR5', 'AIR8', '2025-08-24 12:57:58', '2025-08-24 11:57:58', 2);
INSERT INTO leg (leg_id, flight_code, arrival_airport_code, departure_airport_code, arrival_time, departure_time, aircraft_id) VALUES (107, 'FL0078', 'AIR1', 'AIR9', '2025-07-22 09:24:42', '2025-07-22 02:24:42', 10);
INSERT INTO leg (leg_id, flight_code, arrival_airport_code, departure_airport_code, arrival_time, departure_time, aircraft_id) VALUES (108, 'FL0087', 'AIR8', 'AIR7', '2025-08-14 06:44:48', '2025-08-14 03:44:48', 11);
INSERT INTO leg (leg_id, flight_code, arrival_airport_code, departure_airport_code, arrival_time, departure_time, aircraft_id) VALUES (109, 'FL0041', 'AIR5', 'AIR3', '2025-07-13 17:40:51', '2025-07-13 07:40:51', 14);
INSERT INTO leg (leg_id, flight_code, arrival_airport_code, departure_airport_code, arrival_time, departure_time, aircraft_id) VALUES (110, 'FL0023', 'AIR9', 'AIR5', '2025-07-28 03:31:19', '2025-07-28 02:31:19', 18);
INSERT INTO leg (leg_id, flight_code, arrival_airport_code, departure_airport_code, arrival_time, departure_time, aircraft_id) VALUES (111, 'FL0014', 'AIR2', 'AIR1', '2025-08-22 21:39:13', '2025-08-22 12:39:13', 17);
INSERT INTO leg (leg_id, flight_code, arrival_airport_code, departure_airport_code, arrival_time, departure_time, aircraft_id) VALUES (112, 'FL0091', 'AIR5', 'AIR8', '2025-07-16 06:53:19', '2025-07-15 21:53:19', 19);
INSERT INTO leg (leg_id, flight_code, arrival_airport_code, departure_airport_code, arrival_time, departure_time, aircraft_id) VALUES (113, 'FL0097', 'AIR2', 'AIR8', '2025-09-05 21:03:58', '2025-09-05 17:03:58', 8);
INSERT INTO leg (leg_id, flight_code, arrival_airport_code, departure_airport_code, arrival_time, departure_time, aircraft_id) VALUES (114, 'FL0030', 'AIR2', 'AIR5', '2025-07-20 20:38:11', '2025-07-20 16:38:11', 3);
INSERT INTO leg (leg_id, flight_code, arrival_airport_code, departure_airport_code, arrival_time, departure_time, aircraft_id) VALUES (115, 'FL0097', 'AIR2', 'AIR3', '2025-08-14 05:12:19', '2025-08-14 00:12:19', 8);
INSERT INTO leg (leg_id, flight_code, arrival_airport_code, departure_airport_code, arrival_time, departure_time, aircraft_id) VALUES (116, 'FL0028', 'AIR10', 'AIR7', '2025-08-08 14:36:32', '2025-08-08 03:36:32', 18);
INSERT INTO leg (leg_id, flight_code, arrival_airport_code, departure_airport_code, arrival_time, departure_time, aircraft_id) VALUES (117, 'FL0032', 'AIR9', 'AIR3', '2025-07-14 00:04:50', '2025-07-13 17:04:50', 2);
INSERT INTO leg (leg_id, flight_code, arrival_airport_code, departure_airport_code, arrival_time, departure_time, aircraft_id) VALUES (118, 'FL0065', 'AIR8', 'AIR1', '2025-07-29 01:33:47', '2025-07-28 22:33:47', 7);
INSERT INTO leg (leg_id, flight_code, arrival_airport_code, departure_airport_code, arrival_time, departure_time, aircraft_id) VALUES (119, 'FL0067', 'AIR1', 'AIR2', '2025-07-31 05:52:41', '2025-07-30 23:52:41', 1);
INSERT INTO leg (leg_id, flight_code, arrival_airport_code, departure_airport_code, arrival_time, departure_time, aircraft_id) VALUES (120, 'FL0096', 'AIR10', 'AIR2', '2025-07-24 06:19:59', '2025-07-24 01:19:59', 16);
INSERT INTO leg (leg_id, flight_code, arrival_airport_code, departure_airport_code, arrival_time, departure_time, aircraft_id) VALUES (121, 'FL0076', 'AIR1', 'AIR9', '2025-07-19 21:07:43', '2025-07-19 14:07:43', 12);
INSERT INTO leg (leg_id, flight_code, arrival_airport_code, departure_airport_code, arrival_time, departure_time, aircraft_id) VALUES (122, 'FL0016', 'AIR3', 'AIR4', '2025-08-29 04:33:37', '2025-08-29 00:33:37', 8);
INSERT INTO leg (leg_id, flight_code, arrival_airport_code, departure_airport_code, arrival_time, departure_time, aircraft_id) VALUES (123, 'FL0008', 'AIR5', 'AIR7', '2025-07-27 17:49:11', '2025-07-27 05:49:11', 16);
INSERT INTO leg (leg_id, flight_code, arrival_airport_code, departure_airport_code, arrival_time, departure_time, aircraft_id) VALUES (124, 'FL0085', 'AIR8', 'AIR2', '2025-08-24 13:55:11', '2025-08-24 10:55:11', 4);
INSERT INTO leg (leg_id, flight_code, arrival_airport_code, departure_airport_code, arrival_time, departure_time, aircraft_id) VALUES (125, 'FL0025', 'AIR1', 'AIR8', '2025-08-11 19:59:54', '2025-08-11 11:59:54', 16);
INSERT INTO leg (leg_id, flight_code, arrival_airport_code, departure_airport_code, arrival_time, departure_time, aircraft_id) VALUES (126, 'FL0040', 'AIR8', 'AIR6', '2025-07-30 14:37:47', '2025-07-30 02:37:47', 13);
INSERT INTO leg (leg_id, flight_code, arrival_airport_code, departure_airport_code, arrival_time, departure_time, aircraft_id) VALUES (127, 'FL0044', 'AIR5', 'AIR9', '2025-08-14 08:05:59', '2025-08-13 21:05:59', 19);
INSERT INTO leg (leg_id, flight_code, arrival_airport_code, departure_airport_code, arrival_time, departure_time, aircraft_id) VALUES (128, 'FL0059', 'AIR3', 'AIR5', '2025-08-22 21:26:13', '2025-08-22 18:26:13', 6);
INSERT INTO leg (leg_id, flight_code, arrival_airport_code, departure_airport_code, arrival_time, departure_time, aircraft_id) VALUES (129, 'FL0060', 'AIR5', 'AIR8', '2025-09-03 20:46:42', '2025-09-03 10:46:42', 19);
INSERT INTO leg (leg_id, flight_code, arrival_airport_code, departure_airport_code, arrival_time, departure_time, aircraft_id) VALUES (130, 'FL0008', 'AIR9', 'AIR2', '2025-07-27 13:01:10', '2025-07-27 02:01:10', 16);
INSERT INTO leg (leg_id, flight_code, arrival_airport_code, departure_airport_code, arrival_time, departure_time, aircraft_id) VALUES (131, 'FL0035', 'AIR6', 'AIR10', '2025-08-02 15:30:54', '2025-08-02 11:30:54', 1);
INSERT INTO leg (leg_id, flight_code, arrival_airport_code, departure_airport_code, arrival_time, departure_time, aircraft_id) VALUES (132, 'FL0097', 'AIR3', 'AIR7', '2025-07-09 04:16:46', '2025-07-09 00:16:46', 13);
INSERT INTO leg (leg_id, flight_code, arrival_airport_code, departure_airport_code, arrival_time, departure_time, aircraft_id) VALUES (133, 'FL0036', 'AIR2', 'AIR9', '2025-08-01 19:57:50', '2025-08-01 11:57:50', 2);
INSERT INTO leg (leg_id, flight_code, arrival_airport_code, departure_airport_code, arrival_time, departure_time, aircraft_id) VALUES (134, 'FL0051', 'AIR2', 'AIR6', '2025-07-16 16:43:54', '2025-07-16 14:43:54', 12);
INSERT INTO leg (leg_id, flight_code, arrival_airport_code, departure_airport_code, arrival_time, departure_time, aircraft_id) VALUES (135, 'FL0010', 'AIR6', 'AIR9', '2025-07-21 07:23:52', '2025-07-20 23:23:52', 6);
INSERT INTO leg (leg_id, flight_code, arrival_airport_code, departure_airport_code, arrival_time, departure_time, aircraft_id) VALUES (136, 'FL0054', 'AIR10', 'AIR3', '2025-07-24 22:28:28', '2025-07-24 11:28:28', 5);
INSERT INTO leg (leg_id, flight_code, arrival_airport_code, departure_airport_code, arrival_time, departure_time, aircraft_id) VALUES (137, 'FL0031', 'AIR1', 'AIR3', '2025-07-24 12:07:28', '2025-07-24 06:07:28', 10);
INSERT INTO leg (leg_id, flight_code, arrival_airport_code, departure_airport_code, arrival_time, departure_time, aircraft_id) VALUES (138, 'FL0016', 'AIR4', 'AIR6', '2025-07-31 20:20:20', '2025-07-31 15:20:20', 12);
INSERT INTO leg (leg_id, flight_code, arrival_airport_code, departure_airport_code, arrival_time, departure_time, aircraft_id) VALUES (139, 'FL0008', 'AIR7', 'AIR8', '2025-08-30 10:37:23', '2025-08-30 07:37:23', 4);
INSERT INTO leg (leg_id, flight_code, arrival_airport_code, departure_airport_code, arrival_time, departure_time, aircraft_id) VALUES (140, 'FL0025', 'AIR2', 'AIR6', '2025-08-10 06:48:53', '2025-08-10 03:48:53', 17);
INSERT INTO leg (leg_id, flight_code, arrival_airport_code, departure_airport_code, arrival_time, departure_time, aircraft_id) VALUES (141, 'FL0085', 'AIR2', 'AIR1', '2025-08-01 02:07:01', '2025-07-31 21:07:01', 15);
INSERT INTO leg (leg_id, flight_code, arrival_airport_code, departure_airport_code, arrival_time, departure_time, aircraft_id) VALUES (142, 'FL0035', 'AIR5', 'AIR8', '2025-08-16 13:36:23', '2025-08-16 03:36:23', 18);
INSERT INTO leg (leg_id, flight_code, arrival_airport_code, departure_airport_code, arrival_time, departure_time, aircraft_id) VALUES (143, 'FL0030', 'AIR8', 'AIR4', '2025-07-16 11:29:24', '2025-07-16 09:29:24', 7);
INSERT INTO leg (leg_id, flight_code, arrival_airport_code, departure_airport_code, arrival_time, departure_time, aircraft_id) VALUES (144, 'FL0020', 'AIR4', 'AIR3', '2025-07-19 19:07:19', '2025-07-19 13:07:19', 9);
INSERT INTO leg (leg_id, flight_code, arrival_airport_code, departure_airport_code, arrival_time, departure_time, aircraft_id) VALUES (145, 'FL0052', 'AIR4', 'AIR8', '2025-08-17 10:48:14', '2025-08-17 08:48:14', 13);
INSERT INTO leg (leg_id, flight_code, arrival_airport_code, departure_airport_code, arrival_time, departure_time, aircraft_id) VALUES (146, 'FL0035', 'AIR3', 'AIR5', '2025-08-20 14:05:38', '2025-08-20 09:05:38', 11);
INSERT INTO leg (leg_id, flight_code, arrival_airport_code, departure_airport_code, arrival_time, departure_time, aircraft_id) VALUES (147, 'FL0066', 'AIR2', 'AIR5', '2025-08-15 21:49:39', '2025-08-15 15:49:39', 15);
INSERT INTO leg (leg_id, flight_code, arrival_airport_code, departure_airport_code, arrival_time, departure_time, aircraft_id) VALUES (148, 'FL0019', 'AIR2', 'AIR7', '2025-07-17 17:18:32', '2025-07-17 12:18:32', 12);
INSERT INTO leg (leg_id, flight_code, arrival_airport_code, departure_airport_code, arrival_time, departure_time, aircraft_id) VALUES (149, 'FL0040', 'AIR1', 'AIR2', '2025-08-13 18:12:41', '2025-08-13 14:12:41', 4);
INSERT INTO leg (leg_id, flight_code, arrival_airport_code, departure_airport_code, arrival_time, departure_time, aircraft_id) VALUES (150, 'FL0011', 'AIR1', 'AIR5', '2025-08-13 09:34:59', '2025-08-13 06:34:59', 14);
INSERT INTO leg (leg_id, flight_code, arrival_airport_code, departure_airport_code, arrival_time, departure_time, aircraft_id) VALUES (151, 'FL0052', 'AIR2', 'AIR5', '2025-07-15 20:45:38', '2025-07-15 17:45:38', 15);
INSERT INTO leg (leg_id, flight_code, arrival_airport_code, departure_airport_code, arrival_time, departure_time, aircraft_id) VALUES (152, 'FL0040', 'AIR5', 'AIR4', '2025-08-15 18:06:04', '2025-08-15 14:06:04', 5);
INSERT INTO leg (leg_id, flight_code, arrival_airport_code, departure_airport_code, arrival_time, departure_time, aircraft_id) VALUES (153, 'FL0009', 'AIR2', 'AIR5', '2025-08-12 16:38:12', '2025-08-12 14:38:12', 6);
INSERT INTO leg (leg_id, flight_code, arrival_airport_code, departure_airport_code, arrival_time, departure_time, aircraft_id) VALUES (154, 'FL0007', 'AIR7', 'AIR2', '2025-08-31 15:04:09', '2025-08-31 12:04:09', 8);
INSERT INTO leg (leg_id, flight_code, arrival_airport_code, departure_airport_code, arrival_time, departure_time, aircraft_id) VALUES (155, 'FL0015', 'AIR5', 'AIR9', '2025-08-21 15:49:10', '2025-08-21 13:49:10', 9);
INSERT INTO leg (leg_id, flight_code, arrival_airport_code, departure_airport_code, arrival_time, departure_time, aircraft_id) VALUES (156, 'FL0097', 'AIR7', 'AIR10', '2025-08-24 11:23:21', '2025-08-24 09:23:21', 6);
INSERT INTO leg (leg_id, flight_code, arrival_airport_code, departure_airport_code, arrival_time, departure_time, aircraft_id) VALUES (157, 'FL0082', 'AIR5', 'AIR4', '2025-07-30 00:23:19', '2025-07-29 22:23:19', 9);
INSERT INTO leg (leg_id, flight_code, arrival_airport_code, departure_airport_code, arrival_time, departure_time, aircraft_id) VALUES (158, 'FL0055', 'AIR8', 'AIR6', '2025-08-15 05:57:12', '2025-08-15 01:57:12', 15);
INSERT INTO leg (leg_id, flight_code, arrival_airport_code, departure_airport_code, arrival_time, departure_time, aircraft_id) VALUES (159, 'FL0079', 'AIR5', 'AIR1', '2025-08-07 21:02:52', '2025-08-07 20:02:52', 13);
INSERT INTO leg (leg_id, flight_code, arrival_airport_code, departure_airport_code, arrival_time, departure_time, aircraft_id) VALUES (160, 'FL0049', 'AIR1', 'AIR9', '2025-07-09 23:31:48', '2025-07-09 12:31:48', 9);
INSERT INTO leg (leg_id, flight_code, arrival_airport_code, departure_airport_code, arrival_time, departure_time, aircraft_id) VALUES (161, 'FL0019', 'AIR7', 'AIR5', '2025-08-27 11:10:54', '2025-08-27 02:10:54', 10);
INSERT INTO leg (leg_id, flight_code, arrival_airport_code, departure_airport_code, arrival_time, departure_time, aircraft_id) VALUES (162, 'FL0019', 'AIR9', 'AIR10', '2025-08-10 05:45:31', '2025-08-09 19:45:31', 11);
INSERT INTO leg (leg_id, flight_code, arrival_airport_code, departure_airport_code, arrival_time, departure_time, aircraft_id) VALUES (163, 'FL0051', 'AIR3', 'AIR1', '2025-08-19 00:20:28', '2025-08-18 21:20:28', 8);
INSERT INTO leg (leg_id, flight_code, arrival_airport_code, departure_airport_code, arrival_time, departure_time, aircraft_id) VALUES (164, 'FL0086', 'AIR3', 'AIR7', '2025-07-29 09:38:57', '2025-07-28 21:38:57', 12);
INSERT INTO leg (leg_id, flight_code, arrival_airport_code, departure_airport_code, arrival_time, departure_time, aircraft_id) VALUES (165, 'FL0096', 'AIR5', 'AIR7', '2025-07-25 15:14:42', '2025-07-25 05:14:42', 6);
INSERT INTO leg (leg_id, flight_code, arrival_airport_code, departure_airport_code, arrival_time, departure_time, aircraft_id) VALUES (166, 'FL0080', 'AIR6', 'AIR2', '2025-08-16 04:53:34', '2025-08-15 22:53:34', 7);
INSERT INTO leg (leg_id, flight_code, arrival_airport_code, departure_airport_code, arrival_time, departure_time, aircraft_id) VALUES (167, 'FL0015', 'AIR10', 'AIR6', '2025-08-17 23:42:46', '2025-08-17 17:42:46', 8);
INSERT INTO leg (leg_id, flight_code, arrival_airport_code, departure_airport_code, arrival_time, departure_time, aircraft_id) VALUES (168, 'FL0088', 'AIR4', 'AIR1', '2025-08-04 02:07:34', '2025-08-03 14:07:34', 15);
INSERT INTO leg (leg_id, flight_code, arrival_airport_code, departure_airport_code, arrival_time, departure_time, aircraft_id) VALUES (169, 'FL0077', 'AIR10', 'AIR3', '2025-07-27 10:05:41', '2025-07-27 06:05:41', 7);
INSERT INTO leg (leg_id, flight_code, arrival_airport_code, departure_airport_code, arrival_time, departure_time, aircraft_id) VALUES (170, 'FL0061', 'AIR9', 'AIR8', '2025-08-06 04:05:48', '2025-08-06 03:05:48', 8);
INSERT INTO leg (leg_id, flight_code, arrival_airport_code, departure_airport_code, arrival_time, departure_time, aircraft_id) VALUES (171, 'FL0073', 'AIR3', 'AIR8', '2025-07-18 11:12:00', '2025-07-18 10:12:00', 13);
INSERT INTO leg (leg_id, flight_code, arrival_airport_code, departure_airport_code, arrival_time, departure_time, aircraft_id) VALUES (172, 'FL0065', 'AIR9', 'AIR7', '2025-08-27 06:06:40', '2025-08-27 04:06:40', 11);
INSERT INTO leg (leg_id, flight_code, arrival_airport_code, departure_airport_code, arrival_time, departure_time, aircraft_id) VALUES (173, 'FL0019', 'AIR6', 'AIR4', '2025-07-13 04:16:01', '2025-07-12 19:16:01', 8);
INSERT INTO leg (leg_id, flight_code, arrival_airport_code, departure_airport_code, arrival_time, departure_time, aircraft_id) VALUES (174, 'FL0056', 'AIR6', 'AIR1', '2025-08-27 19:59:55', '2025-08-27 17:59:55', 14);
INSERT INTO leg (leg_id, flight_code, arrival_airport_code, departure_airport_code, arrival_time, departure_time, aircraft_id) VALUES (175, 'FL0044', 'AIR7', 'AIR2', '2025-07-14 01:58:10', '2025-07-13 13:58:10', 6);
INSERT INTO leg (leg_id, flight_code, arrival_airport_code, departure_airport_code, arrival_time, departure_time, aircraft_id) VALUES (176, 'FL0054', 'AIR2', 'AIR5', '2025-08-13 11:35:00', '2025-08-13 01:35:00', 3);
INSERT INTO leg (leg_id, flight_code, arrival_airport_code, departure_airport_code, arrival_time, departure_time, aircraft_id) VALUES (177, 'FL0087', 'AIR2', 'AIR6', '2025-08-06 15:32:37', '2025-08-06 10:32:37', 7);
INSERT INTO leg (leg_id, flight_code, arrival_airport_code, departure_airport_code, arrival_time, departure_time, aircraft_id) VALUES (178, 'FL0045', 'AIR1', 'AIR9', '2025-07-23 10:45:23', '2025-07-23 02:45:23', 5);
INSERT INTO leg (leg_id, flight_code, arrival_airport_code, departure_airport_code, arrival_time, departure_time, aircraft_id) VALUES (179, 'FL0057', 'AIR3', 'AIR10', '2025-08-15 07:18:40', '2025-08-14 21:18:40', 5);
INSERT INTO leg (leg_id, flight_code, arrival_airport_code, departure_airport_code, arrival_time, departure_time, aircraft_id) VALUES (180, 'FL0075', 'AIR8', 'AIR1', '2025-09-06 19:57:12', '2025-09-06 07:57:12', 4);
INSERT INTO leg (leg_id, flight_code, arrival_airport_code, departure_airport_code, arrival_time, departure_time, aircraft_id) VALUES (181, 'FL0091', 'AIR8', 'AIR1', '2025-07-29 18:38:20', '2025-07-29 17:38:20', 5);
INSERT INTO leg (leg_id, flight_code, arrival_airport_code, departure_airport_code, arrival_time, departure_time, aircraft_id) VALUES (182, 'FL0096', 'AIR8', 'AIR4', '2025-08-10 06:06:10', '2025-08-09 20:06:10', 11);
INSERT INTO leg (leg_id, flight_code, arrival_airport_code, departure_airport_code, arrival_time, departure_time, aircraft_id) VALUES (183, 'FL0002', 'AIR1', 'AIR3', '2025-07-19 08:21:11', '2025-07-19 04:21:11', 3);
INSERT INTO leg (leg_id, flight_code, arrival_airport_code, departure_airport_code, arrival_time, departure_time, aircraft_id) VALUES (184, 'FL0006', 'AIR6', 'AIR4', '2025-08-20 15:11:30', '2025-08-20 05:11:30', 12);
INSERT INTO leg (leg_id, flight_code, arrival_airport_code, departure_airport_code, arrival_time, departure_time, aircraft_id) VALUES (185, 'FL0014', 'AIR3', 'AIR2', '2025-08-21 07:32:55', '2025-08-20 22:32:55', 10);
INSERT INTO leg (leg_id, flight_code, arrival_airport_code, departure_airport_code, arrival_time, departure_time, aircraft_id) VALUES (186, 'FL0026', 'AIR3', 'AIR6', '2025-07-12 09:44:52', '2025-07-12 02:44:52', 14);
INSERT INTO leg (leg_id, flight_code, arrival_airport_code, departure_airport_code, arrival_time, departure_time, aircraft_id) VALUES (187, 'FL0076', 'AIR5', 'AIR4', '2025-08-07 16:51:57', '2025-08-07 14:51:57', 13);
INSERT INTO leg (leg_id, flight_code, arrival_airport_code, departure_airport_code, arrival_time, departure_time, aircraft_id) VALUES (188, 'FL0053', 'AIR4', 'AIR6', '2025-08-04 19:03:55', '2025-08-04 15:03:55', 8);
INSERT INTO leg (leg_id, flight_code, arrival_airport_code, departure_airport_code, arrival_time, departure_time, aircraft_id) VALUES (189, 'FL0093', 'AIR9', 'AIR6', '2025-08-26 04:10:12', '2025-08-25 23:10:12', 9);
INSERT INTO leg (leg_id, flight_code, arrival_airport_code, departure_airport_code, arrival_time, departure_time, aircraft_id) VALUES (190, 'FL0063', 'AIR10', 'AIR3', '2025-08-16 23:41:08', '2025-08-16 12:41:08', 13);
INSERT INTO leg (leg_id, flight_code, arrival_airport_code, departure_airport_code, arrival_time, departure_time, aircraft_id) VALUES (191, 'FL0089', 'AIR6', 'AIR7', '2025-08-15 16:26:01', '2025-08-15 13:26:01', 3);
INSERT INTO leg (leg_id, flight_code, arrival_airport_code, departure_airport_code, arrival_time, departure_time, aircraft_id) VALUES (192, 'FL0060', 'AIR9', 'AIR4', '2025-08-03 22:00:46', '2025-08-03 13:00:46', 7);
INSERT INTO leg (leg_id, flight_code, arrival_airport_code, departure_airport_code, arrival_time, departure_time, aircraft_id) VALUES (193, 'FL0089', 'AIR6', 'AIR9', '2025-08-06 14:11:37', '2025-08-06 06:11:37', 12);
INSERT INTO leg (leg_id, flight_code, arrival_airport_code, departure_airport_code, arrival_time, departure_time, aircraft_id) VALUES (194, 'FL0028', 'AIR4', 'AIR6', '2025-07-09 02:03:40', '2025-07-08 14:03:40', 19);
INSERT INTO leg (leg_id, flight_code, arrival_airport_code, departure_airport_code, arrival_time, departure_time, aircraft_id) VALUES (195, 'FL0006', 'AIR8', 'AIR6', '2025-08-27 17:38:27', '2025-08-27 08:38:27', 9);
INSERT INTO leg (leg_id, flight_code, arrival_airport_code, departure_airport_code, arrival_time, departure_time, aircraft_id) VALUES (196, 'FL0002', 'AIR1', 'AIR4', '2025-08-22 06:27:48', '2025-08-22 05:27:48', 6);
INSERT INTO leg (leg_id, flight_code, arrival_airport_code, departure_airport_code, arrival_time, departure_time, aircraft_id) VALUES (197, 'FL0032', 'AIR1', 'AIR10', '2025-08-15 19:34:18', '2025-08-15 09:34:18', 5);
INSERT INTO leg (leg_id, flight_code, arrival_airport_code, departure_airport_code, arrival_time, departure_time, aircraft_id) VALUES (198, 'FL0029', 'AIR2', 'AIR5', '2025-07-27 04:18:06', '2025-07-26 19:18:06', 11);
INSERT INTO leg (leg_id, flight_code, arrival_airport_code, departure_airport_code, arrival_time, departure_time, aircraft_id) VALUES (199, 'FL0036', 'AIR5', 'AIR9', '2025-08-07 20:26:33', '2025-08-07 15:26:33', 9);
INSERT INTO leg (leg_id, flight_code, arrival_airport_code, departure_airport_code, arrival_time, departure_time, aircraft_id) VALUES (200, 'FL0025', 'AIR9', 'AIR7', '2025-07-27 15:17:50', '2025-07-27 08:17:50', 7);
INSERT INTO leg (leg_id, flight_code, arrival_airport_code, departure_airport_code, arrival_time, departure_time, aircraft_id) VALUES (201, 'FL0003', 'AIR10', 'AIR7', '2025-07-24 06:16:58', '2025-07-23 18:16:58', 3);
INSERT INTO leg (leg_id, flight_code, arrival_airport_code, departure_airport_code, arrival_time, departure_time, aircraft_id) VALUES (202, 'FL0038', 'AIR9', 'AIR8', '2025-08-16 05:42:14', '2025-08-15 20:42:14', 18);
INSERT INTO leg (leg_id, flight_code, arrival_airport_code, departure_airport_code, arrival_time, departure_time, aircraft_id) VALUES (203, 'FL0010', 'AIR4', 'AIR7', '2025-07-12 10:33:10', '2025-07-11 23:33:10', 1);
INSERT INTO leg (leg_id, flight_code, arrival_airport_code, departure_airport_code, arrival_time, departure_time, aircraft_id) VALUES (204, 'FL0005', 'AIR3', 'AIR6', '2025-08-19 05:08:28', '2025-08-18 18:08:28', 11);
INSERT INTO leg (leg_id, flight_code, arrival_airport_code, departure_airport_code, arrival_time, departure_time, aircraft_id) VALUES (205, 'FL0031', 'AIR4', 'AIR6', '2025-07-30 17:41:24', '2025-07-30 15:41:24', 14);
INSERT INTO leg (leg_id, flight_code, arrival_airport_code, departure_airport_code, arrival_time, departure_time, aircraft_id) VALUES (206, 'FL0078', 'AIR3', 'AIR9', '2025-07-26 15:36:59', '2025-07-26 06:36:59', 10);
INSERT INTO leg (leg_id, flight_code, arrival_airport_code, departure_airport_code, arrival_time, departure_time, aircraft_id) VALUES (207, 'FL0022', 'AIR3', 'AIR1', '2025-08-09 11:38:54', '2025-08-09 05:38:54', 4);
INSERT INTO leg (leg_id, flight_code, arrival_airport_code, departure_airport_code, arrival_time, departure_time, aircraft_id) VALUES (208, 'FL0099', 'AIR8', 'AIR4', '2025-07-25 13:16:03', '2025-07-25 04:16:03', 15);
INSERT INTO leg (leg_id, flight_code, arrival_airport_code, departure_airport_code, arrival_time, departure_time, aircraft_id) VALUES (209, 'FL0017', 'AIR6', 'AIR10', '2025-08-19 06:49:29', '2025-08-19 02:49:29', 18);
INSERT INTO leg (leg_id, flight_code, arrival_airport_code, departure_airport_code, arrival_time, departure_time, aircraft_id) VALUES (210, 'FL0072', 'AIR10', 'AIR5', '2025-08-07 23:08:42', '2025-08-07 19:08:42', 2);
INSERT INTO leg (leg_id, flight_code, arrival_airport_code, departure_airport_code, arrival_time, departure_time, aircraft_id) VALUES (211, 'FL0097', 'AIR1', 'AIR7', '2025-09-01 01:46:04', '2025-08-31 22:46:04', 1);
INSERT INTO leg (leg_id, flight_code, arrival_airport_code, departure_airport_code, arrival_time, departure_time, aircraft_id) VALUES (212, 'FL0060', 'AIR1', 'AIR2', '2025-07-16 00:26:26', '2025-07-15 15:26:26', 6);
INSERT INTO leg (leg_id, flight_code, arrival_airport_code, departure_airport_code, arrival_time, departure_time, aircraft_id) VALUES (213, 'FL0007', 'AIR4', 'AIR10', '2025-07-22 17:53:54', '2025-07-22 09:53:54', 12);
INSERT INTO leg (leg_id, flight_code, arrival_airport_code, departure_airport_code, arrival_time, departure_time, aircraft_id) VALUES (214, 'FL0025', 'AIR4', 'AIR7', '2025-08-19 14:23:01', '2025-08-19 11:23:01', 17);
INSERT INTO leg (leg_id, flight_code, arrival_airport_code, departure_airport_code, arrival_time, departure_time, aircraft_id) VALUES (215, 'FL0080', 'AIR1', 'AIR3', '2025-07-26 19:28:42', '2025-07-26 12:28:42', 5);
INSERT INTO leg (leg_id, flight_code, arrival_airport_code, departure_airport_code, arrival_time, departure_time, aircraft_id) VALUES (216, 'FL0002', 'AIR7', 'AIR10', '2025-08-10 20:10:01', '2025-08-10 18:10:01', 11);
INSERT INTO leg (leg_id, flight_code, arrival_airport_code, departure_airport_code, arrival_time, departure_time, aircraft_id) VALUES (217, 'FL0097', 'AIR3', 'AIR7', '2025-08-01 22:04:03', '2025-08-01 10:04:03', 9);
INSERT INTO leg (leg_id, flight_code, arrival_airport_code, departure_airport_code, arrival_time, departure_time, aircraft_id) VALUES (218, 'FL0030', 'AIR7', 'AIR3', '2025-08-31 10:39:38', '2025-08-31 06:39:38', 2);
INSERT INTO leg (leg_id, flight_code, arrival_airport_code, departure_airport_code, arrival_time, departure_time, aircraft_id) VALUES (219, 'FL0066', 'AIR4', 'AIR3', '2025-07-15 12:46:17', '2025-07-15 09:46:17', 4);
INSERT INTO leg (leg_id, flight_code, arrival_airport_code, departure_airport_code, arrival_time, departure_time, aircraft_id) VALUES (220, 'FL0008', 'AIR5', 'AIR4', '2025-09-05 09:44:34', '2025-09-05 05:44:34', 7);
INSERT INTO leg (leg_id, flight_code, arrival_airport_code, departure_airport_code, arrival_time, departure_time, aircraft_id) VALUES (221, 'FL0011', 'AIR3', 'AIR9', '2025-08-14 12:56:10', '2025-08-14 06:56:10', 13);
INSERT INTO leg (leg_id, flight_code, arrival_airport_code, departure_airport_code, arrival_time, departure_time, aircraft_id) VALUES (222, 'FL0054', 'AIR9', 'AIR1', '2025-07-27 05:50:21', '2025-07-27 01:50:21', 17);
INSERT INTO leg (leg_id, flight_code, arrival_airport_code, departure_airport_code, arrival_time, departure_time, aircraft_id) VALUES (223, 'FL0095', 'AIR5', 'AIR9', '2025-07-29 12:39:52', '2025-07-29 00:39:52', 5);
INSERT INTO leg (leg_id, flight_code, arrival_airport_code, departure_airport_code, arrival_time, departure_time, aircraft_id) VALUES (224, 'FL0004', 'AIR2', 'AIR10', '2025-08-24 00:03:38', '2025-08-23 15:03:38', 10);
INSERT INTO leg (leg_id, flight_code, arrival_airport_code, departure_airport_code, arrival_time, departure_time, aircraft_id) VALUES (225, 'FL0095', 'AIR4', 'AIR8', '2025-08-05 23:53:49', '2025-08-05 17:53:49', 10);
INSERT INTO leg (leg_id, flight_code, arrival_airport_code, departure_airport_code, arrival_time, departure_time, aircraft_id) VALUES (226, 'FL0049', 'AIR4', 'AIR2', '2025-08-31 13:36:28', '2025-08-31 03:36:28', 20);
INSERT INTO leg (leg_id, flight_code, arrival_airport_code, departure_airport_code, arrival_time, departure_time, aircraft_id) VALUES (227, 'FL0021', 'AIR3', 'AIR10', '2025-07-21 08:07:11', '2025-07-21 07:07:11', 1);
INSERT INTO leg (leg_id, flight_code, arrival_airport_code, departure_airport_code, arrival_time, departure_time, aircraft_id) VALUES (228, 'FL0079', 'AIR2', 'AIR8', '2025-08-08 07:52:29', '2025-08-08 06:52:29', 19);
INSERT INTO leg (leg_id, flight_code, arrival_airport_code, departure_airport_code, arrival_time, departure_time, aircraft_id) VALUES (229, 'FL0050', 'AIR5', 'AIR6', '2025-07-31 02:32:00', '2025-07-30 18:32:00', 15);
INSERT INTO leg (leg_id, flight_code, arrival_airport_code, departure_airport_code, arrival_time, departure_time, aircraft_id) VALUES (230, 'FL0008', 'AIR3', 'AIR5', '2025-07-31 22:55:46', '2025-07-31 12:55:46', 1);
INSERT INTO leg (leg_id, flight_code, arrival_airport_code, departure_airport_code, arrival_time, departure_time, aircraft_id) VALUES (231, 'FL0007', 'AIR8', 'AIR3', '2025-07-28 10:24:48', '2025-07-27 22:24:48', 14);
INSERT INTO leg (leg_id, flight_code, arrival_airport_code, departure_airport_code, arrival_time, departure_time, aircraft_id) VALUES (232, 'FL0048', 'AIR8', 'AIR2', '2025-07-21 17:22:23', '2025-07-21 13:22:23', 12);
INSERT INTO leg (leg_id, flight_code, arrival_airport_code, departure_airport_code, arrival_time, departure_time, aircraft_id) VALUES (233, 'FL0084', 'AIR4', 'AIR9', '2025-08-27 10:08:11', '2025-08-27 08:08:11', 17);
INSERT INTO leg (leg_id, flight_code, arrival_airport_code, departure_airport_code, arrival_time, departure_time, aircraft_id) VALUES (234, 'FL0084', 'AIR10', 'AIR4', '2025-07-13 02:05:14', '2025-07-12 19:05:14', 11);
INSERT INTO leg (leg_id, flight_code, arrival_airport_code, departure_airport_code, arrival_time, departure_time, aircraft_id) VALUES (235, 'FL0060', 'AIR4', 'AIR7', '2025-08-13 14:22:25', '2025-08-13 06:22:25', 11);
INSERT INTO leg (leg_id, flight_code, arrival_airport_code, departure_airport_code, arrival_time, departure_time, aircraft_id) VALUES (236, 'FL0091', 'AIR7', 'AIR6', '2025-08-13 05:35:31', '2025-08-12 19:35:31', 14);
INSERT INTO leg (leg_id, flight_code, arrival_airport_code, departure_airport_code, arrival_time, departure_time, aircraft_id) VALUES (237, 'FL0051', 'AIR1', 'AIR8', '2025-08-25 17:09:24', '2025-08-25 13:09:24', 2);
INSERT INTO leg (leg_id, flight_code, arrival_airport_code, departure_airport_code, arrival_time, departure_time, aircraft_id) VALUES (238, 'FL0032', 'AIR10', 'AIR3', '2025-07-31 03:34:48', '2025-07-30 22:34:48', 10);
INSERT INTO leg (leg_id, flight_code, arrival_airport_code, departure_airport_code, arrival_time, departure_time, aircraft_id) VALUES (239, 'FL0034', 'AIR2', 'AIR3', '2025-08-05 09:02:53', '2025-08-05 07:02:53', 2);
INSERT INTO leg (leg_id, flight_code, arrival_airport_code, departure_airport_code, arrival_time, departure_time, aircraft_id) VALUES (240, 'FL0086', 'AIR4', 'AIR1', '2025-08-31 16:14:58', '2025-08-31 07:14:58', 9);
INSERT INTO leg (leg_id, flight_code, arrival_airport_code, departure_airport_code, arrival_time, departure_time, aircraft_id) VALUES (241, 'FL0094', 'AIR3', 'AIR8', '2025-08-01 16:17:47', '2025-08-01 05:17:47', 2);
INSERT INTO leg (leg_id, flight_code, arrival_airport_code, departure_airport_code, arrival_time, departure_time, aircraft_id) VALUES (242, 'FL0025', 'AIR4', 'AIR10', '2025-08-04 22:04:57', '2025-08-04 20:04:57', 2);
INSERT INTO leg (leg_id, flight_code, arrival_airport_code, departure_airport_code, arrival_time, departure_time, aircraft_id) VALUES (243, 'FL0088', 'AIR9', 'AIR1', '2025-08-20 05:44:59', '2025-08-20 01:44:59', 11);
INSERT INTO leg (leg_id, flight_code, arrival_airport_code, departure_airport_code, arrival_time, departure_time, aircraft_id) VALUES (244, 'FL0013', 'AIR6', 'AIR1', '2025-08-09 03:47:11', '2025-08-08 17:47:11', 17);
INSERT INTO leg (leg_id, flight_code, arrival_airport_code, departure_airport_code, arrival_time, departure_time, aircraft_id) VALUES (245, 'FL0004', 'AIR6', 'AIR10', '2025-07-25 20:02:17', '2025-07-25 09:02:17', 17);
INSERT INTO leg (leg_id, flight_code, arrival_airport_code, departure_airport_code, arrival_time, departure_time, aircraft_id) VALUES (246, 'FL0037', 'AIR4', 'AIR2', '2025-07-22 20:00:15', '2025-07-22 13:00:15', 8);
INSERT INTO leg (leg_id, flight_code, arrival_airport_code, departure_airport_code, arrival_time, departure_time, aircraft_id) VALUES (247, 'FL0061', 'AIR1', 'AIR2', '2025-08-23 00:55:36', '2025-08-22 20:55:36', 10);
INSERT INTO leg (leg_id, flight_code, arrival_airport_code, departure_airport_code, arrival_time, departure_time, aircraft_id) VALUES (248, 'FL0013', 'AIR3', 'AIR2', '2025-08-18 04:29:23', '2025-08-17 21:29:23', 20);
INSERT INTO leg (leg_id, flight_code, arrival_airport_code, departure_airport_code, arrival_time, departure_time, aircraft_id) VALUES (249, 'FL0094', 'AIR9', 'AIR8', '2025-08-19 22:31:24', '2025-08-19 10:31:24', 5);
INSERT INTO leg (leg_id, flight_code, arrival_airport_code, departure_airport_code, arrival_time, departure_time, aircraft_id) VALUES (250, 'FL0010', 'AIR4', 'AIR9', '2025-07-16 09:17:44', '2025-07-16 03:17:44', 17);
INSERT INTO leg (leg_id, flight_code, arrival_airport_code, departure_airport_code, arrival_time, departure_time, aircraft_id) VALUES (251, 'FL0079', 'AIR3', 'AIR9', '2025-08-05 05:47:19', '2025-08-05 04:47:19', 3);
INSERT INTO leg (leg_id, flight_code, arrival_airport_code, departure_airport_code, arrival_time, departure_time, aircraft_id) VALUES (252, 'FL0030', 'AIR9', 'AIR6', '2025-08-13 00:42:59', '2025-08-12 14:42:59', 7);
INSERT INTO leg (leg_id, flight_code, arrival_airport_code, departure_airport_code, arrival_time, departure_time, aircraft_id) VALUES (253, 'FL0016', 'AIR2', 'AIR10', '2025-09-04 17:12:14', '2025-09-04 08:12:14', 12);
INSERT INTO leg (leg_id, flight_code, arrival_airport_code, departure_airport_code, arrival_time, departure_time, aircraft_id) VALUES (254, 'FL0071', 'AIR8', 'AIR5', '2025-08-27 00:14:17', '2025-08-26 12:14:17', 16);
INSERT INTO leg (leg_id, flight_code, arrival_airport_code, departure_airport_code, arrival_time, departure_time, aircraft_id) VALUES (255, 'FL0010', 'AIR1', 'AIR5', '2025-07-21 04:42:42', '2025-07-20 16:42:42', 12);
INSERT INTO leg (leg_id, flight_code, arrival_airport_code, departure_airport_code, arrival_time, departure_time, aircraft_id) VALUES (256, 'FL0050', 'AIR8', 'AIR2', '2025-07-22 01:19:43', '2025-07-21 23:19:43', 10);
INSERT INTO leg (leg_id, flight_code, arrival_airport_code, departure_airport_code, arrival_time, departure_time, aircraft_id) VALUES (257, 'FL0022', 'AIR6', 'AIR9', '2025-07-22 05:29:43', '2025-07-21 18:29:43', 15);
INSERT INTO leg (leg_id, flight_code, arrival_airport_code, departure_airport_code, arrival_time, departure_time, aircraft_id) VALUES (258, 'FL0100', 'AIR9', 'AIR1', '2025-07-14 06:41:36', '2025-07-13 18:41:36', 3);
INSERT INTO leg (leg_id, flight_code, arrival_airport_code, departure_airport_code, arrival_time, departure_time, aircraft_id) VALUES (259, 'FL0004', 'AIR4', 'AIR2', '2025-08-11 19:41:04', '2025-08-11 08:41:04', 15);
INSERT INTO leg (leg_id, flight_code, arrival_airport_code, departure_airport_code, arrival_time, departure_time, aircraft_id) VALUES (260, 'FL0038', 'AIR2', 'AIR6', '2025-08-29 02:15:48', '2025-08-28 20:15:48', 9);
INSERT INTO leg (leg_id, flight_code, arrival_airport_code, departure_airport_code, arrival_time, departure_time, aircraft_id) VALUES (261, 'FL0027', 'AIR9', 'AIR7', '2025-07-18 09:51:39', '2025-07-17 22:51:39', 6);
INSERT INTO leg (leg_id, flight_code, arrival_airport_code, departure_airport_code, arrival_time, departure_time, aircraft_id) VALUES (262, 'FL0054', 'AIR3', 'AIR1', '2025-07-14 06:28:56', '2025-07-14 04:28:56', 3);
INSERT INTO leg (leg_id, flight_code, arrival_airport_code, departure_airport_code, arrival_time, departure_time, aircraft_id) VALUES (263, 'FL0094', 'AIR5', 'AIR10', '2025-08-12 03:08:44', '2025-08-11 15:08:44', 12);
INSERT INTO leg (leg_id, flight_code, arrival_airport_code, departure_airport_code, arrival_time, departure_time, aircraft_id) VALUES (264, 'FL0079', 'AIR8', 'AIR3', '2025-07-10 21:26:59', '2025-07-10 17:26:59', 14);
INSERT INTO leg (leg_id, flight_code, arrival_airport_code, departure_airport_code, arrival_time, departure_time, aircraft_id) VALUES (265, 'FL0078', 'AIR1', 'AIR7', '2025-07-09 03:03:07', '2025-07-09 01:03:07', 19);
INSERT INTO leg (leg_id, flight_code, arrival_airport_code, departure_airport_code, arrival_time, departure_time, aircraft_id) VALUES (266, 'FL0053', 'AIR1', 'AIR8', '2025-08-23 00:25:39', '2025-08-22 23:25:39', 9);
INSERT INTO leg (leg_id, flight_code, arrival_airport_code, departure_airport_code, arrival_time, departure_time, aircraft_id) VALUES (267, 'FL0043', 'AIR9', 'AIR10', '2025-08-02 14:35:06', '2025-08-02 04:35:06', 16);
INSERT INTO leg (leg_id, flight_code, arrival_airport_code, departure_airport_code, arrival_time, departure_time, aircraft_id) VALUES (268, 'FL0035', 'AIR5', 'AIR7', '2025-08-16 17:24:31', '2025-08-16 06:24:31', 11);
INSERT INTO leg (leg_id, flight_code, arrival_airport_code, departure_airport_code, arrival_time, departure_time, aircraft_id) VALUES (269, 'FL0093', 'AIR2', 'AIR9', '2025-08-15 02:44:24', '2025-08-14 20:44:24', 18);
INSERT INTO leg (leg_id, flight_code, arrival_airport_code, departure_airport_code, arrival_time, departure_time, aircraft_id) VALUES (270, 'FL0060', 'AIR4', 'AIR9', '2025-08-19 08:28:22', '2025-08-19 04:28:22', 3);
INSERT INTO leg (leg_id, flight_code, arrival_airport_code, departure_airport_code, arrival_time, departure_time, aircraft_id) VALUES (271, 'FL0075', 'AIR9', 'AIR3', '2025-07-22 18:45:31', '2025-07-22 15:45:31', 18);
INSERT INTO leg (leg_id, flight_code, arrival_airport_code, departure_airport_code, arrival_time, departure_time, aircraft_id) VALUES (272, 'FL0056', 'AIR8', 'AIR5', '2025-08-18 06:11:05', '2025-08-17 20:11:05', 15);
INSERT INTO leg (leg_id, flight_code, arrival_airport_code, departure_airport_code, arrival_time, departure_time, aircraft_id) VALUES (273, 'FL0091', 'AIR10', 'AIR7', '2025-07-19 22:32:06', '2025-07-19 11:32:06', 9);
INSERT INTO leg (leg_id, flight_code, arrival_airport_code, departure_airport_code, arrival_time, departure_time, aircraft_id) VALUES (274, 'FL0049', 'AIR2', 'AIR1', '2025-08-31 16:11:49', '2025-08-31 09:11:49', 19);
INSERT INTO leg (leg_id, flight_code, arrival_airport_code, departure_airport_code, arrival_time, departure_time, aircraft_id) VALUES (275, 'FL0011', 'AIR5', 'AIR3', '2025-07-27 20:36:31', '2025-07-27 10:36:31', 7);
INSERT INTO leg (leg_id, flight_code, arrival_airport_code, departure_airport_code, arrival_time, departure_time, aircraft_id) VALUES (276, 'FL0065', 'AIR2', 'AIR7', '2025-09-02 11:52:20', '2025-09-02 04:52:20', 18);
INSERT INTO leg (leg_id, flight_code, arrival_airport_code, departure_airport_code, arrival_time, departure_time, aircraft_id) VALUES (277, 'FL0022', 'AIR10', 'AIR3', '2025-07-27 06:07:48', '2025-07-27 04:07:48', 20);
INSERT INTO leg (leg_id, flight_code, arrival_airport_code, departure_airport_code, arrival_time, departure_time, aircraft_id) VALUES (278, 'FL0079', 'AIR6', 'AIR8', '2025-07-26 07:04:34', '2025-07-26 00:04:34', 20);
INSERT INTO leg (leg_id, flight_code, arrival_airport_code, departure_airport_code, arrival_time, departure_time, aircraft_id) VALUES (279, 'FL0021', 'AIR3', 'AIR6', '2025-08-16 16:08:29', '2025-08-16 08:08:29', 6);
INSERT INTO leg (leg_id, flight_code, arrival_airport_code, departure_airport_code, arrival_time, departure_time, aircraft_id) VALUES (280, 'FL0041', 'AIR4', 'AIR2', '2025-08-12 18:27:10', '2025-08-12 14:27:10', 6);
INSERT INTO leg (leg_id, flight_code, arrival_airport_code, departure_airport_code, arrival_time, departure_time, aircraft_id) VALUES (281, 'FL0055', 'AIR8', 'AIR9', '2025-08-26 16:03:39', '2025-08-26 07:03:39', 9);
INSERT INTO leg (leg_id, flight_code, arrival_airport_code, departure_airport_code, arrival_time, departure_time, aircraft_id) VALUES (282, 'FL0073', 'AIR4', 'AIR10', '2025-08-02 08:55:23', '2025-08-02 03:55:23', 8);
INSERT INTO leg (leg_id, flight_code, arrival_airport_code, departure_airport_code, arrival_time, departure_time, aircraft_id) VALUES (283, 'FL0086', 'AIR9', 'AIR4', '2025-09-02 23:13:17', '2025-09-02 17:13:17', 5);
INSERT INTO leg (leg_id, flight_code, arrival_airport_code, departure_airport_code, arrival_time, departure_time, aircraft_id) VALUES (284, 'FL0002', 'AIR2', 'AIR3', '2025-07-25 23:56:28', '2025-07-25 16:56:28', 2);
INSERT INTO leg (leg_id, flight_code, arrival_airport_code, departure_airport_code, arrival_time, departure_time, aircraft_id) VALUES (285, 'FL0034', 'AIR8', 'AIR10', '2025-07-11 03:49:56', '2025-07-10 23:49:56', 9);
INSERT INTO leg (leg_id, flight_code, arrival_airport_code, departure_airport_code, arrival_time, departure_time, aircraft_id) VALUES (286, 'FL0076', 'AIR9', 'AIR10', '2025-08-27 12:48:18', '2025-08-27 04:48:18', 14);
INSERT INTO leg (leg_id, flight_code, arrival_airport_code, departure_airport_code, arrival_time, departure_time, aircraft_id) VALUES (287, 'FL0042', 'AIR6', 'AIR8', '2025-07-23 21:01:18', '2025-07-23 17:01:18', 20);
INSERT INTO leg (leg_id, flight_code, arrival_airport_code, departure_airport_code, arrival_time, departure_time, aircraft_id) VALUES (288, 'FL0057', 'AIR6', 'AIR7', '2025-07-23 00:15:26', '2025-07-22 22:15:26', 8);
INSERT INTO leg (leg_id, flight_code, arrival_airport_code, departure_airport_code, arrival_time, departure_time, aircraft_id) VALUES (289, 'FL0072', 'AIR9', 'AIR1', '2025-07-30 10:55:17', '2025-07-30 03:55:17', 8);
INSERT INTO leg (leg_id, flight_code, arrival_airport_code, departure_airport_code, arrival_time, departure_time, aircraft_id) VALUES (290, 'FL0035', 'AIR3', 'AIR7', '2025-09-05 22:17:46', '2025-09-05 15:17:46', 5);
INSERT INTO leg (leg_id, flight_code, arrival_airport_code, departure_airport_code, arrival_time, departure_time, aircraft_id) VALUES (291, 'FL0081', 'AIR8', 'AIR1', '2025-08-01 10:43:27', '2025-08-01 04:43:27', 3);
INSERT INTO leg (leg_id, flight_code, arrival_airport_code, departure_airport_code, arrival_time, departure_time, aircraft_id) VALUES (292, 'FL0003', 'AIR10', 'AIR3', '2025-08-18 01:10:58', '2025-08-17 14:10:58', 20);
INSERT INTO leg (leg_id, flight_code, arrival_airport_code, departure_airport_code, arrival_time, departure_time, aircraft_id) VALUES (293, 'FL0070', 'AIR9', 'AIR10', '2025-08-24 01:44:07', '2025-08-24 00:44:07', 16);
INSERT INTO leg (leg_id, flight_code, arrival_airport_code, departure_airport_code, arrival_time, departure_time, aircraft_id) VALUES (294, 'FL0043', 'AIR3', 'AIR1', '2025-08-29 16:35:23', '2025-08-29 08:35:23', 3);
INSERT INTO leg (leg_id, flight_code, arrival_airport_code, departure_airport_code, arrival_time, departure_time, aircraft_id) VALUES (295, 'FL0023', 'AIR5', 'AIR10', '2025-08-06 01:28:01', '2025-08-05 16:28:01', 15);
INSERT INTO leg (leg_id, flight_code, arrival_airport_code, departure_airport_code, arrival_time, departure_time, aircraft_id) VALUES (296, 'FL0068', 'AIR2', 'AIR3', '2025-08-30 11:50:57', '2025-08-30 10:50:57', 6);
INSERT INTO leg (leg_id, flight_code, arrival_airport_code, departure_airport_code, arrival_time, departure_time, aircraft_id) VALUES (297, 'FL0036', 'AIR6', 'AIR5', '2025-07-27 20:57:30', '2025-07-27 08:57:30', 6);
INSERT INTO leg (leg_id, flight_code, arrival_airport_code, departure_airport_code, arrival_time, departure_time, aircraft_id) VALUES (298, 'FL0065', 'AIR7', 'AIR5', '2025-09-05 15:16:19', '2025-09-05 09:16:19', 3);
INSERT INTO leg (leg_id, flight_code, arrival_airport_code, departure_airport_code, arrival_time, departure_time, aircraft_id) VALUES (299, 'FL0026', 'AIR8', 'AIR4', '2025-07-09 18:58:08', '2025-07-09 16:58:08', 3);
INSERT INTO leg (leg_id, flight_code, arrival_airport_code, departure_airport_code, arrival_time, departure_time, aircraft_id) VALUES (300, 'FL0014', 'AIR7', 'AIR6', '2025-08-15 13:39:35', '2025-08-15 04:39:35', 6);
-- Insert into customer
INSERT INTO customer (customer_id, first_name, last_name, passport_number, email_address, phone_number, country_id) VALUES (1, 'Eddie', 'Lowery', 'ic073319', 'kristen23@sanders-murphy.com', '(759)814-9074x40063', 3);
INSERT INTO customer (customer_id, first_name, last_name, passport_number, email_address, phone_number, country_id) VALUES (2, 'Stacey', 'Ortega', 'Xn417541', 'adamgarcia@yahoo.com', '001-080-585-4429x4012', 4);
INSERT INTO customer (customer_id, first_name, last_name, passport_number, email_address, phone_number, country_id) VALUES (3, 'James', 'Phelps', 'uD033450', 'marcoflores@johnson.net', '(664)916-2667', 2);
INSERT INTO customer (customer_id, first_name, last_name, passport_number, email_address, phone_number, country_id) VALUES (4, 'Timothy', 'Henry', 'xS207205', 'margaretwilliams@hotmail.com', '727.945.5271', 3);
INSERT INTO customer (customer_id, first_name, last_name, passport_number, email_address, phone_number, country_id) VALUES (5, 'Eric', 'Brown', 'kJ790655', 'marksdennis@houston-wheeler.com', '+1-387-686-1968', 1);
INSERT INTO customer (customer_id, first_name, last_name, passport_number, email_address, phone_number, country_id) VALUES (6, 'Greg', 'Perez', 'fo419068', 'brandonpierce@rivers-smith.info', '750-801-0216x2113', 2);
INSERT INTO customer (customer_id, first_name, last_name, passport_number, email_address, phone_number, country_id) VALUES (7, 'Troy', 'Coleman', 'Tf143579', 'pearsonscott@adkins.info', '934-335-0289x4753', 4);
INSERT INTO customer (customer_id, first_name, last_name, passport_number, email_address, phone_number, country_id) VALUES (8, 'Kyle', 'Parsons', 'cp201832', 'bchen@gmail.com', '001-877-961-0008x0260', 5);
INSERT INTO customer (customer_id, first_name, last_name, passport_number, email_address, phone_number, country_id) VALUES (9, 'Brian', 'Castro', 'Bx462536', 'jessicaallison@yahoo.com', '+1-036-517-5274x1285', 3);
INSERT INTO customer (customer_id, first_name, last_name, passport_number, email_address, phone_number, country_id) VALUES (10, 'Arthur', 'Brown', 'fl166240', 'aaronyoder@gmail.com', '(762)735-7561x23036', 3);
INSERT INTO customer (customer_id, first_name, last_name, passport_number, email_address, phone_number, country_id) VALUES (11, 'Tara', 'Montes', 'rw393505', 'dmunoz@evans.info', '0578407208', 4);
INSERT INTO customer (customer_id, first_name, last_name, passport_number, email_address, phone_number, country_id) VALUES (12, 'Melissa', 'Vargas', 'ZO882063', 'lbell@salazar.com', '+1-155-757-7733x699', 4);
INSERT INTO customer (customer_id, first_name, last_name, passport_number, email_address, phone_number, country_id) VALUES (13, 'Connor', 'Maldonado', 'vp489037', 'dunnmichael@mcconnell.com', '913.633.5683x6951', 3);
INSERT INTO customer (customer_id, first_name, last_name, passport_number, email_address, phone_number, country_id) VALUES (14, 'Robert', 'Ellis', 'jQ253382', 'kbauer@gmail.com', '487-344-6687', 1);
INSERT INTO customer (customer_id, first_name, last_name, passport_number, email_address, phone_number, country_id) VALUES (15, 'Michael', 'Lopez', 'GO128360', 'sarah42@yahoo.com', '+1-357-596-1968x29535', 1);
INSERT INTO customer (customer_id, first_name, last_name, passport_number, email_address, phone_number, country_id) VALUES (16, 'Brandon', 'Barber', 'Ut397615', 'gbrown@gmail.com', '831-583-0297x88424', 4);
INSERT INTO customer (customer_id, first_name, last_name, passport_number, email_address, phone_number, country_id) VALUES (17, 'Sandra', 'Walsh', 'Qu598511', 'patrick37@yahoo.com', '+1-264-952-4803', 2);
INSERT INTO customer (customer_id, first_name, last_name, passport_number, email_address, phone_number, country_id) VALUES (18, 'Robert', 'Pace', 'pm591659', 'moraleschelsea@gmail.com', '9970090414', 3);
INSERT INTO customer (customer_id, first_name, last_name, passport_number, email_address, phone_number, country_id) VALUES (19, 'April', 'Clark', 'fo370980', 'ewatson@adams.org', '5988367083', 2);
INSERT INTO customer (customer_id, first_name, last_name, passport_number, email_address, phone_number, country_id) VALUES (20, 'Kathryn', 'Shannon', 'Tw703809', 'nicholsonjamie@hotmail.com', '001-703-230-9137x41670', 2);
INSERT INTO customer (customer_id, first_name, last_name, passport_number, email_address, phone_number, country_id) VALUES (21, 'Michael', 'Richards', 'lc059098', 'megan00@yahoo.com', '704-979-3489', 1);
INSERT INTO customer (customer_id, first_name, last_name, passport_number, email_address, phone_number, country_id) VALUES (22, 'Arthur', 'Johnston', 'Mh662872', 'matthew46@wood-martinez.com', '(742)754-2556', 4);
INSERT INTO customer (customer_id, first_name, last_name, passport_number, email_address, phone_number, country_id) VALUES (23, 'Michael', 'Cruz', 'BI369040', 'akoch@hotmail.com', '001-265-294-9013x0537', 2);
INSERT INTO customer (customer_id, first_name, last_name, passport_number, email_address, phone_number, country_id) VALUES (24, 'Andrea', 'Jensen', 'vQ981007', 'reyesalexander@torres-frank.info', '001-038-183-4685x6390', 2);
INSERT INTO customer (customer_id, first_name, last_name, passport_number, email_address, phone_number, country_id) VALUES (25, 'Brianna', 'Walter', 'Cq457654', 'phelpsjennifer@yahoo.com', '8432545703', 2);
INSERT INTO customer (customer_id, first_name, last_name, passport_number, email_address, phone_number, country_id) VALUES (26, 'Daniel', 'Santiago', 'Uc940962', 'glennkeith@hotmail.com', '+1-300-549-6020', 1);
INSERT INTO customer (customer_id, first_name, last_name, passport_number, email_address, phone_number, country_id) VALUES (27, 'Ryan', 'Rogers', 'Oz054406', 'icasey@wilson.com', '002.083.4749x85406', 2);
INSERT INTO customer (customer_id, first_name, last_name, passport_number, email_address, phone_number, country_id) VALUES (28, 'Eric', 'Luna', 'iq140319', 'brian80@king-freeman.org', '952-290-7140', 3);
INSERT INTO customer (customer_id, first_name, last_name, passport_number, email_address, phone_number, country_id) VALUES (29, 'Jordan', 'Kelley', 'LK591017', 'natasha04@gmail.com', '(726)573-9373x749', 3);
INSERT INTO customer (customer_id, first_name, last_name, passport_number, email_address, phone_number, country_id) VALUES (30, 'Kellie', 'Barton', 'Xq461564', 'carrkimberly@gmail.com', '760.086.1639x242', 3);
INSERT INTO customer (customer_id, first_name, last_name, passport_number, email_address, phone_number, country_id) VALUES (31, 'Alexander', 'Lewis', 'hY285555', 'tamara53@lewis.com', '2290586467', 4);
INSERT INTO customer (customer_id, first_name, last_name, passport_number, email_address, phone_number, country_id) VALUES (32, 'Joe', 'Allen', 'Lb820526', 'wendymartinez@jensen.com', '(580)753-2122x6833', 1);
INSERT INTO customer (customer_id, first_name, last_name, passport_number, email_address, phone_number, country_id) VALUES (33, 'Karen', 'Lawrence', 'dT274797', 'emilypierce@santiago-adams.info', '9436790688', 5);
INSERT INTO customer (customer_id, first_name, last_name, passport_number, email_address, phone_number, country_id) VALUES (34, 'Brittany', 'Velez', 'tl980727', 'harry82@mccullough.org', '001-511-603-5875x693', 4);
INSERT INTO customer (customer_id, first_name, last_name, passport_number, email_address, phone_number, country_id) VALUES (35, 'Eric', 'Dudley', 'tZ054847', 'hannah11@hotmail.com', '001-276-511-8695x00337', 4);
INSERT INTO customer (customer_id, first_name, last_name, passport_number, email_address, phone_number, country_id) VALUES (36, 'Michael', 'Carter', 'cM084398', 'maryrobinson@elliott-cunningham.com', '001-405-747-6604x13094', 4);
INSERT INTO customer (customer_id, first_name, last_name, passport_number, email_address, phone_number, country_id) VALUES (37, 'Hannah', 'Joseph', 'FF117781', 'courtneyrojas@hotmail.com', '001-343-406-0920x55525', 5);
INSERT INTO customer (customer_id, first_name, last_name, passport_number, email_address, phone_number, country_id) VALUES (38, 'Kimberly', 'Rangel', 'qs164654', 'ernestscott@clements.com', '728.038.3181', 1);
INSERT INTO customer (customer_id, first_name, last_name, passport_number, email_address, phone_number, country_id) VALUES (39, 'Angelica', 'Bonilla', 'ek355261', 'amandashelton@gmail.com', '(406)043-7108x0619', 2);
INSERT INTO customer (customer_id, first_name, last_name, passport_number, email_address, phone_number, country_id) VALUES (40, 'Kelly', 'Ramirez', 'vS437264', 'starknancy@hotmail.com', '329-889-0671x841', 4);
INSERT INTO customer (customer_id, first_name, last_name, passport_number, email_address, phone_number, country_id) VALUES (41, 'Brittany', 'Larsen', 'zN895745', 'csanchez@taylor-brennan.info', '(495)387-0346x46551', 4);
INSERT INTO customer (customer_id, first_name, last_name, passport_number, email_address, phone_number, country_id) VALUES (42, 'Kaitlyn', 'Cole', 'QN989880', 'lindsay79@clark.com', '(302)132-3158', 5);
INSERT INTO customer (customer_id, first_name, last_name, passport_number, email_address, phone_number, country_id) VALUES (43, 'Nicholas', 'Barnes', 'ob210892', 'sking@ferguson.net', '+1-953-874-3657', 2);
INSERT INTO customer (customer_id, first_name, last_name, passport_number, email_address, phone_number, country_id) VALUES (44, 'Charles', 'Wiggins', 'UU828858', 'olee@torres.com', '242.399.7684x0877', 2);
INSERT INTO customer (customer_id, first_name, last_name, passport_number, email_address, phone_number, country_id) VALUES (45, 'Pamela', 'Webb', 'Km602190', 'deniselara@hotmail.com', '254.493.2450', 2);
INSERT INTO customer (customer_id, first_name, last_name, passport_number, email_address, phone_number, country_id) VALUES (46, 'Elizabeth', 'Mcpherson', 'sY854987', 'grayjoseph@gmail.com', '308-963-1271x03570', 1);
INSERT INTO customer (customer_id, first_name, last_name, passport_number, email_address, phone_number, country_id) VALUES (47, 'Kelly', 'Coleman', 'Sj246367', 'markmiller@gmail.com', '+1-457-181-5805x193', 5);
INSERT INTO customer (customer_id, first_name, last_name, passport_number, email_address, phone_number, country_id) VALUES (48, 'Deborah', 'Lee', 'Pm067663', 'kaufmankaren@nelson.com', '+1-072-384-7585x3211', 1);
INSERT INTO customer (customer_id, first_name, last_name, passport_number, email_address, phone_number, country_id) VALUES (49, 'Robert', 'King', 'nu749650', 'brianasmith@gordon.com', '800-641-0244', 5);
INSERT INTO customer (customer_id, first_name, last_name, passport_number, email_address, phone_number, country_id) VALUES (50, 'Samantha', 'Moore', 'zf011421', 'hpreston@horton.com', '526-905-1696x67768', 3);
INSERT INTO customer (customer_id, first_name, last_name, passport_number, email_address, phone_number, country_id) VALUES (51, 'Robert', 'Foster', 'ZL836699', 'amy45@hotmail.com', '939.351.0984x539', 1);
INSERT INTO customer (customer_id, first_name, last_name, passport_number, email_address, phone_number, country_id) VALUES (52, 'Rachel', 'Bush', 'JO396169', 'villanuevanathaniel@hotmail.com', '+1-893-150-4239', 3);
INSERT INTO customer (customer_id, first_name, last_name, passport_number, email_address, phone_number, country_id) VALUES (53, 'Sue', 'Olson', 'AY277327', 'plynch@yahoo.com', '083-529-1699x3792', 4);
INSERT INTO customer (customer_id, first_name, last_name, passport_number, email_address, phone_number, country_id) VALUES (54, 'Kelly', 'Joyce', 'ua580196', 'jensenthomas@adams.com', '+1-770-801-9528x34401', 3);
INSERT INTO customer (customer_id, first_name, last_name, passport_number, email_address, phone_number, country_id) VALUES (55, 'Hannah', 'Cole', 'qt700608', 'cervantesdiana@hotmail.com', '693.757.4655x55400', 4);
INSERT INTO customer (customer_id, first_name, last_name, passport_number, email_address, phone_number, country_id) VALUES (56, 'Kevin', 'Green', 'nB064469', 'gary82@carroll-rush.biz', '+1-761-901-5995x512', 4);
INSERT INTO customer (customer_id, first_name, last_name, passport_number, email_address, phone_number, country_id) VALUES (57, 'Kevin', 'Larson', 'zw213394', 'zgreen@hotmail.com', '639-421-9483x14049', 2);
INSERT INTO customer (customer_id, first_name, last_name, passport_number, email_address, phone_number, country_id) VALUES (58, 'William', 'Luna', 'Ig926255', 'haneyfrancisco@grant.com', '040-331-2364x17577', 5);
INSERT INTO customer (customer_id, first_name, last_name, passport_number, email_address, phone_number, country_id) VALUES (59, 'Devin', 'Weber', 'rB275261', 'coxjessica@atkins.com', '001-044-595-4261x46709', 3);
INSERT INTO customer (customer_id, first_name, last_name, passport_number, email_address, phone_number, country_id) VALUES (60, 'Douglas', 'Thomas', 'TW275032', 'hwagner@gmail.com', '123-125-9634x72159', 5);
INSERT INTO customer (customer_id, first_name, last_name, passport_number, email_address, phone_number, country_id) VALUES (61, 'Dillon', 'Richardson', 'nC403231', 'qblankenship@martinez.com', '001-712-115-3187', 1);
INSERT INTO customer (customer_id, first_name, last_name, passport_number, email_address, phone_number, country_id) VALUES (62, 'David', 'Walker', 'Vr352903', 'christopherschneider@hotmail.com', '(990)512-1373', 2);
INSERT INTO customer (customer_id, first_name, last_name, passport_number, email_address, phone_number, country_id) VALUES (63, 'Audrey', 'Porter', 'mq163679', 'asimmons@gmail.com', '060.033.4868', 5);
INSERT INTO customer (customer_id, first_name, last_name, passport_number, email_address, phone_number, country_id) VALUES (64, 'David', 'Abbott', 'hW798155', 'davisjoshua@hotmail.com', '001-494-396-4893x1784', 5);
INSERT INTO customer (customer_id, first_name, last_name, passport_number, email_address, phone_number, country_id) VALUES (65, 'Christine', 'Carpenter', 'Fa741212', 'spope@yahoo.com', '832.600.2231x56736', 1);
INSERT INTO customer (customer_id, first_name, last_name, passport_number, email_address, phone_number, country_id) VALUES (66, 'Jasmine', 'Ellis', 'sm034463', 'fryemark@yahoo.com', '260.080.7385', 3);
INSERT INTO customer (customer_id, first_name, last_name, passport_number, email_address, phone_number, country_id) VALUES (67, 'Frank', 'Welch', 'pJ294725', 'lisajohnson@hotmail.com', '001-559-623-3207', 3);
INSERT INTO customer (customer_id, first_name, last_name, passport_number, email_address, phone_number, country_id) VALUES (68, 'Sarah', 'Wright', 'IO425036', 'nicholswilliam@roy.net', '001-117-054-5307', 5);
INSERT INTO customer (customer_id, first_name, last_name, passport_number, email_address, phone_number, country_id) VALUES (69, 'Christopher', 'Bryant', 'fR216639', 'mharmon@yahoo.com', '466-730-9449', 2);
INSERT INTO customer (customer_id, first_name, last_name, passport_number, email_address, phone_number, country_id) VALUES (70, 'Karen', 'Gentry', 'cQ838688', 'mitchellmichele@hotmail.com', '+1-101-362-7208x52133', 4);
INSERT INTO customer (customer_id, first_name, last_name, passport_number, email_address, phone_number, country_id) VALUES (71, 'Jennifer', 'Griffin', 'wZ247061', 'sarah98@yahoo.com', '+1-860-591-8129x3748', 5);
INSERT INTO customer (customer_id, first_name, last_name, passport_number, email_address, phone_number, country_id) VALUES (72, 'Amanda', 'Wood', 'AT853781', 'alison82@gmail.com', '(147)076-0465', 3);
INSERT INTO customer (customer_id, first_name, last_name, passport_number, email_address, phone_number, country_id) VALUES (73, 'Jennifer', 'Crawford', 'Mw697078', 'vgardner@gmail.com', '+1-385-274-8928x634', 2);
INSERT INTO customer (customer_id, first_name, last_name, passport_number, email_address, phone_number, country_id) VALUES (74, 'Joshua', 'Guerrero', 'Wq942321', 'thorton@velasquez.net', '7273845147', 1);
INSERT INTO customer (customer_id, first_name, last_name, passport_number, email_address, phone_number, country_id) VALUES (75, 'Michael', 'Miller', 'HC414284', 'xwillis@aguilar.com', '466.669.4874x482', 3);
INSERT INTO customer (customer_id, first_name, last_name, passport_number, email_address, phone_number, country_id) VALUES (76, 'Justin', 'Green', 'VJ887035', 'trandaniel@rodriguez.com', '(170)026-1268x3672', 2);
INSERT INTO customer (customer_id, first_name, last_name, passport_number, email_address, phone_number, country_id) VALUES (77, 'Christine', 'Rhodes', 'yn368997', 'chrisfreeman@gmail.com', '001-294-465-8654x743', 4);
INSERT INTO customer (customer_id, first_name, last_name, passport_number, email_address, phone_number, country_id) VALUES (78, 'Hector', 'Howard', 'hz925485', 'joneslori@thomas.com', '488.049.2511x9984', 3);
INSERT INTO customer (customer_id, first_name, last_name, passport_number, email_address, phone_number, country_id) VALUES (79, 'Ernest', 'Hodges', 'ov037846', 'markdennis@lynn.com', '808-598-6806', 5);
INSERT INTO customer (customer_id, first_name, last_name, passport_number, email_address, phone_number, country_id) VALUES (80, 'Adam', 'Harris', 'xI720742', 'rachel31@baker-rice.org', '001-784-494-7172x01842', 2);
INSERT INTO customer (customer_id, first_name, last_name, passport_number, email_address, phone_number, country_id) VALUES (81, 'Angela', 'Ellis', 'vz104831', 'csmith@patterson.com', '592.863.0389x7893', 4);
INSERT INTO customer (customer_id, first_name, last_name, passport_number, email_address, phone_number, country_id) VALUES (82, 'Regina', 'Medina', 'Jt179967', 'phillipslatoya@yahoo.com', '001-243-897-0052', 2);
INSERT INTO customer (customer_id, first_name, last_name, passport_number, email_address, phone_number, country_id) VALUES (83, 'Stephanie', 'Jones', 'WJ609404', 'hcarter@logan.org', '641-582-2523', 4);
INSERT INTO customer (customer_id, first_name, last_name, passport_number, email_address, phone_number, country_id) VALUES (84, 'Teresa', 'Phillips', 'Fm119079', 'mooresheila@hotmail.com', '736-693-1371x6815', 3);
INSERT INTO customer (customer_id, first_name, last_name, passport_number, email_address, phone_number, country_id) VALUES (85, 'Kathryn', 'Rogers', 'ko014318', 'vargasdonna@yahoo.com', '(708)314-4483', 1);
INSERT INTO customer (customer_id, first_name, last_name, passport_number, email_address, phone_number, country_id) VALUES (86, 'Christopher', 'Bailey', 'fl694278', 'kevinmcneil@gmail.com', '029.338.8463', 4);
INSERT INTO customer (customer_id, first_name, last_name, passport_number, email_address, phone_number, country_id) VALUES (87, 'Reginald', 'Byrd', 'FD092605', 'danieljohnson@thompson.com', '001-075-391-0913x94815', 1);
INSERT INTO customer (customer_id, first_name, last_name, passport_number, email_address, phone_number, country_id) VALUES (88, 'Lisa', 'Clayton', 'sX491536', 'albertkim@herrera.com', '001-823-761-0309x4746', 2);
INSERT INTO customer (customer_id, first_name, last_name, passport_number, email_address, phone_number, country_id) VALUES (89, 'Amanda', 'Hernandez', 'bW555800', 'jose43@ross.com', '(338)083-0538x768', 4);
INSERT INTO customer (customer_id, first_name, last_name, passport_number, email_address, phone_number, country_id) VALUES (90, 'Joseph', 'Ortiz', 'rI066747', 'ann69@gmail.com', '542-862-1086', 3);
INSERT INTO customer (customer_id, first_name, last_name, passport_number, email_address, phone_number, country_id) VALUES (91, 'Andrew', 'Webb', 'ln968854', 'jennifer03@cruz.org', '+1-087-642-6328x94872', 3);
INSERT INTO customer (customer_id, first_name, last_name, passport_number, email_address, phone_number, country_id) VALUES (92, 'Rebecca', 'Johnston', 'Nx667238', 'richard31@williams.net', '921-794-8863x007', 1);
INSERT INTO customer (customer_id, first_name, last_name, passport_number, email_address, phone_number, country_id) VALUES (93, 'Jeffrey', 'Dominguez', 'pn174598', 'fraziersusan@hotmail.com', '853-246-1322x637', 4);
INSERT INTO customer (customer_id, first_name, last_name, passport_number, email_address, phone_number, country_id) VALUES (94, 'Mary', 'Sanchez', 'nv698822', 'sandra65@malone.net', '001-910-642-9981x3966', 5);
INSERT INTO customer (customer_id, first_name, last_name, passport_number, email_address, phone_number, country_id) VALUES (95, 'Denise', 'Knight', 'sl640544', 'edward28@jones.com', '750.698.4909', 3);
INSERT INTO customer (customer_id, first_name, last_name, passport_number, email_address, phone_number, country_id) VALUES (96, 'Michael', 'Lopez', 'YI187218', 'patrick57@gmail.com', '+1-512-637-4078x6097', 5);
INSERT INTO customer (customer_id, first_name, last_name, passport_number, email_address, phone_number, country_id) VALUES (97, 'Ariel', 'Adams', 'ZG996648', 'fthomas@flores-rodriguez.org', '9165741445', 5);
INSERT INTO customer (customer_id, first_name, last_name, passport_number, email_address, phone_number, country_id) VALUES (98, 'Brian', 'Pugh', 'ha235963', 'adavis@hotmail.com', '774-064-3629', 5);
INSERT INTO customer (customer_id, first_name, last_name, passport_number, email_address, phone_number, country_id) VALUES (99, 'Scott', 'White', 'hk807288', 'williamsemily@yahoo.com', '(306)225-7957', 4);
INSERT INTO customer (customer_id, first_name, last_name, passport_number, email_address, phone_number, country_id) VALUES (100, 'Lisa', 'Blair', 'om665020', 'billyperez@yahoo.com', '359.978.7664x997', 3);
INSERT INTO customer (customer_id, first_name, last_name, passport_number, email_address, phone_number, country_id) VALUES (101, 'Elizabeth', 'Duffy', 'ms089870', 'tanya24@yahoo.com', '441.884.4278x2010', 1);
INSERT INTO customer (customer_id, first_name, last_name, passport_number, email_address, phone_number, country_id) VALUES (102, 'Susan', 'Smith', 'Gv660078', 'moorerobert@hotmail.com', '+1-809-458-8902x328', 2);
INSERT INTO customer (customer_id, first_name, last_name, passport_number, email_address, phone_number, country_id) VALUES (103, 'William', 'Alexander', 'wt366190', 'mosleyrobin@yahoo.com', '(739)485-9070x64964', 2);
INSERT INTO customer (customer_id, first_name, last_name, passport_number, email_address, phone_number, country_id) VALUES (104, 'Chad', 'Norris', 'YV866623', 'teresawhite@wise-sanchez.com', '220-121-0445x087', 4);
INSERT INTO customer (customer_id, first_name, last_name, passport_number, email_address, phone_number, country_id) VALUES (105, 'Blake', 'Lewis', 'pP216128', 'jamie35@gmail.com', '916.765.3687x6959', 5);
INSERT INTO customer (customer_id, first_name, last_name, passport_number, email_address, phone_number, country_id) VALUES (106, 'Paul', 'Vincent', 'aa408074', 'simsmadison@hotmail.com', '(510)172-2337x5260', 1);
INSERT INTO customer (customer_id, first_name, last_name, passport_number, email_address, phone_number, country_id) VALUES (107, 'Kenneth', 'Washington', 'gL378000', 'odomashley@hotmail.com', '001-767-405-9204x986', 4);
INSERT INTO customer (customer_id, first_name, last_name, passport_number, email_address, phone_number, country_id) VALUES (108, 'Jeffrey', 'Lewis', 'OW014253', 'brianallen@hotmail.com', '(232)072-2921x69661', 3);
INSERT INTO customer (customer_id, first_name, last_name, passport_number, email_address, phone_number, country_id) VALUES (109, 'Jeffrey', 'Scott', 'Pk455137', 'pattersondonna@yahoo.com', '(947)514-3629x66400', 5);
INSERT INTO customer (customer_id, first_name, last_name, passport_number, email_address, phone_number, country_id) VALUES (110, 'Shannon', 'Hernandez', 'li266104', 'debra38@brown.com', '(573)854-0653', 4);
INSERT INTO customer (customer_id, first_name, last_name, passport_number, email_address, phone_number, country_id) VALUES (111, 'Donna', 'Wolfe', 'in177739', 'jason30@carter-henry.com', '001-500-413-7532', 5);
INSERT INTO customer (customer_id, first_name, last_name, passport_number, email_address, phone_number, country_id) VALUES (112, 'Marvin', 'Sandoval', 'aD186121', 'shortamanda@hotmail.com', '(079)346-3749x17957', 3);
INSERT INTO customer (customer_id, first_name, last_name, passport_number, email_address, phone_number, country_id) VALUES (113, 'Ashley', 'Douglas', 'kr157121', 'patricia63@gmail.com', '(942)988-5871', 4);
INSERT INTO customer (customer_id, first_name, last_name, passport_number, email_address, phone_number, country_id) VALUES (114, 'Casey', 'Bartlett', 'hU538560', 'rgraham@gamble.com', '169-385-9940x0584', 2);
INSERT INTO customer (customer_id, first_name, last_name, passport_number, email_address, phone_number, country_id) VALUES (115, 'Catherine', 'Burgess', 'tY948318', 'lbrown@gmail.com', '0659999057', 3);
INSERT INTO customer (customer_id, first_name, last_name, passport_number, email_address, phone_number, country_id) VALUES (116, 'Lindsey', 'Davenport', 'wj394481', 'vcoleman@acosta.com', '+1-705-813-8839x77174', 2);
INSERT INTO customer (customer_id, first_name, last_name, passport_number, email_address, phone_number, country_id) VALUES (117, 'Jessica', 'Richard', 'RD491091', 'robertberry@long.info', '429.252.5376x80144', 3);
INSERT INTO customer (customer_id, first_name, last_name, passport_number, email_address, phone_number, country_id) VALUES (118, 'James', 'Hood', 'YA055320', 'jonathan24@gray.org', '754-009-5512', 1);
INSERT INTO customer (customer_id, first_name, last_name, passport_number, email_address, phone_number, country_id) VALUES (119, 'Daniel', 'Malone', 'zj950856', 'kentbryant@rodriguez.com', '061.854.2087', 5);
INSERT INTO customer (customer_id, first_name, last_name, passport_number, email_address, phone_number, country_id) VALUES (120, 'Danielle', 'Kelley', 'vN541295', 'haileycurtis@gmail.com', '+1-824-333-2717x50428', 5);
INSERT INTO customer (customer_id, first_name, last_name, passport_number, email_address, phone_number, country_id) VALUES (121, 'Gregory', 'Rodriguez', 'aa569897', 'wfrazier@turner.com', '(858)408-0131x50688', 4);
INSERT INTO customer (customer_id, first_name, last_name, passport_number, email_address, phone_number, country_id) VALUES (122, 'Steven', 'Patterson', 'Gv064650', 'jamie02@park.com', '5839763359', 4);
INSERT INTO customer (customer_id, first_name, last_name, passport_number, email_address, phone_number, country_id) VALUES (123, 'Mario', 'Gordon', 'kC404451', 'wmiller@reed-francis.com', '894.715.1450', 4);
INSERT INTO customer (customer_id, first_name, last_name, passport_number, email_address, phone_number, country_id) VALUES (124, 'Lucas', 'Farley', 'hu028731', 'achapman@yahoo.com', '(906)151-8439', 1);
INSERT INTO customer (customer_id, first_name, last_name, passport_number, email_address, phone_number, country_id) VALUES (125, 'Christopher', 'Estrada', 'sQ792327', 'carrsarah@gmail.com', '001-493-247-6751x745', 3);
INSERT INTO customer (customer_id, first_name, last_name, passport_number, email_address, phone_number, country_id) VALUES (126, 'Amanda', 'Gibson', 'ZD309887', 'pgarrett@gmail.com', '9721731497', 5);
INSERT INTO customer (customer_id, first_name, last_name, passport_number, email_address, phone_number, country_id) VALUES (127, 'Sherry', 'Barber', 'Nl930308', 'migueljohnson@hotmail.com', '853-048-1715x386', 3);
INSERT INTO customer (customer_id, first_name, last_name, passport_number, email_address, phone_number, country_id) VALUES (128, 'Dylan', 'Gonzalez', 'nH415135', 'harriscrystal@robinson-gardner.info', '(478)813-3442', 4);
INSERT INTO customer (customer_id, first_name, last_name, passport_number, email_address, phone_number, country_id) VALUES (129, 'Scott', 'Riggs', 'zI770370', 'justin57@murphy.com', '001-700-844-8045', 5);
INSERT INTO customer (customer_id, first_name, last_name, passport_number, email_address, phone_number, country_id) VALUES (130, 'Adam', 'Washington', 'qY602274', 'colleenhuang@herman.com', '140.632.8326x7112', 2);
INSERT INTO customer (customer_id, first_name, last_name, passport_number, email_address, phone_number, country_id) VALUES (131, 'Debra', 'Leonard', 'pI864299', 'wanda24@yahoo.com', '372-317-0092', 1);
INSERT INTO customer (customer_id, first_name, last_name, passport_number, email_address, phone_number, country_id) VALUES (132, 'Tracey', 'Wilson', 'tf200413', 'robert51@williams-rogers.info', '528.667.9517x0558', 4);
INSERT INTO customer (customer_id, first_name, last_name, passport_number, email_address, phone_number, country_id) VALUES (133, 'Terrence', 'Young', 'Il314364', 'joshuajones@gmail.com', '5826629507', 5);
INSERT INTO customer (customer_id, first_name, last_name, passport_number, email_address, phone_number, country_id) VALUES (134, 'Christopher', 'Holder', 'Ql538006', 'morgan51@owens.com', '937.451.2559x3077', 3);
INSERT INTO customer (customer_id, first_name, last_name, passport_number, email_address, phone_number, country_id) VALUES (135, 'Larry', 'Rowe', 'zN020396', 'rowenicole@yahoo.com', '001-971-892-8831', 3);
INSERT INTO customer (customer_id, first_name, last_name, passport_number, email_address, phone_number, country_id) VALUES (136, 'James', 'Marshall', 'nn298769', 'egarcia@yahoo.com', '(726)845-9673x07762', 3);
INSERT INTO customer (customer_id, first_name, last_name, passport_number, email_address, phone_number, country_id) VALUES (137, 'Samantha', 'Johnson', 'mI878467', 'gcontreras@yahoo.com', '189.679.5215x6913', 5);
INSERT INTO customer (customer_id, first_name, last_name, passport_number, email_address, phone_number, country_id) VALUES (138, 'Laurie', 'Hernandez', 'Gd708092', 'ricardo21@vargas-torres.com', '(202)417-1091', 3);
INSERT INTO customer (customer_id, first_name, last_name, passport_number, email_address, phone_number, country_id) VALUES (139, 'Maria', 'Martin', 'EA005195', 'samuelgordon@davis-bauer.info', '+1-076-771-6139x857', 5);
INSERT INTO customer (customer_id, first_name, last_name, passport_number, email_address, phone_number, country_id) VALUES (140, 'Kevin', 'Wood', 'iv487358', 'isabellawalker@rogers.com', '011.997.2798x48644', 5);
INSERT INTO customer (customer_id, first_name, last_name, passport_number, email_address, phone_number, country_id) VALUES (141, 'Nicole', 'Farley', 'gT988466', 'upacheco@hotmail.com', '(894)187-7971', 3);
INSERT INTO customer (customer_id, first_name, last_name, passport_number, email_address, phone_number, country_id) VALUES (142, 'Taylor', 'Perez', 'Ws125139', 'roberthebert@gmail.com', '459-904-9274x14293', 3);
INSERT INTO customer (customer_id, first_name, last_name, passport_number, email_address, phone_number, country_id) VALUES (143, 'Grace', 'Thomas', 'yJ310153', 'carmen40@hotmail.com', '+1-127-009-1344', 3);
INSERT INTO customer (customer_id, first_name, last_name, passport_number, email_address, phone_number, country_id) VALUES (144, 'April', 'Mccormick', 'fm673854', 'stephanie33@yahoo.com', '883.718.3690x748', 5);
INSERT INTO customer (customer_id, first_name, last_name, passport_number, email_address, phone_number, country_id) VALUES (145, 'Sandra', 'Parks', 'zS632982', 'tmiller@ross-quinn.info', '5529810724', 3);
INSERT INTO customer (customer_id, first_name, last_name, passport_number, email_address, phone_number, country_id) VALUES (146, 'Mary', 'Gordon', 'Vd615330', 'michaelcastro@yahoo.com', '619.450.6667x90839', 4);
INSERT INTO customer (customer_id, first_name, last_name, passport_number, email_address, phone_number, country_id) VALUES (147, 'Samantha', 'Jackson', 'hG298606', 'cassandraanthony@smith.com', '153-425-1026', 3);
INSERT INTO customer (customer_id, first_name, last_name, passport_number, email_address, phone_number, country_id) VALUES (148, 'Timothy', 'Mcintosh', 'Wi997686', 'bbrown@yahoo.com', '+1-303-914-6865x633', 5);
INSERT INTO customer (customer_id, first_name, last_name, passport_number, email_address, phone_number, country_id) VALUES (149, 'Melissa', 'Rowe', 'YY947292', 'marymoreno@hotmail.com', '541-902-9975', 1);
INSERT INTO customer (customer_id, first_name, last_name, passport_number, email_address, phone_number, country_id) VALUES (150, 'William', 'Bell', 'ef310717', 'smithzoe@adams-stewart.com', '(373)442-8314', 4);
INSERT INTO customer (customer_id, first_name, last_name, passport_number, email_address, phone_number, country_id) VALUES (151, 'Robert', 'Williams', 'NH954722', 'michelle80@durham.com', '(141)626-7577x210', 4);
INSERT INTO customer (customer_id, first_name, last_name, passport_number, email_address, phone_number, country_id) VALUES (152, 'Bradley', 'White', 'xD786585', 'qhess@burke.com', '(558)779-6723x84490', 2);
INSERT INTO customer (customer_id, first_name, last_name, passport_number, email_address, phone_number, country_id) VALUES (153, 'Kathleen', 'Kramer', 'ZH139399', 'ksmith@yahoo.com', '+1-689-620-2864x0908', 4);
INSERT INTO customer (customer_id, first_name, last_name, passport_number, email_address, phone_number, country_id) VALUES (154, 'Victoria', 'Williams', 'Ta382414', 'psparks@white-suarez.biz', '043-086-5338x2443', 3);
INSERT INTO customer (customer_id, first_name, last_name, passport_number, email_address, phone_number, country_id) VALUES (155, 'Steven', 'Taylor', 'Ht223680', 'ericawashington@jordan.com', '513-324-6494', 1);
INSERT INTO customer (customer_id, first_name, last_name, passport_number, email_address, phone_number, country_id) VALUES (156, 'Nicholas', 'Mccormick', 'WE905133', 'thompsonpeter@hotmail.com', '243.870.0423', 3);
INSERT INTO customer (customer_id, first_name, last_name, passport_number, email_address, phone_number, country_id) VALUES (157, 'Susan', 'Pennington', 'bP542189', 'martinbruce@aguilar.com', '(728)279-8199', 4);
INSERT INTO customer (customer_id, first_name, last_name, passport_number, email_address, phone_number, country_id) VALUES (158, 'Michael', 'Mann', 'rB550513', 'beth72@yahoo.com', '001-802-550-9756x724', 2);
INSERT INTO customer (customer_id, first_name, last_name, passport_number, email_address, phone_number, country_id) VALUES (159, 'Michael', 'Andrews', 'YV301369', 'anna90@lucas.com', '560.750.3855', 5);
INSERT INTO customer (customer_id, first_name, last_name, passport_number, email_address, phone_number, country_id) VALUES (160, 'Matthew', 'Williams', 'Rl792900', 'zalvarez@turner.com', '+1-392-249-3737', 4);
INSERT INTO customer (customer_id, first_name, last_name, passport_number, email_address, phone_number, country_id) VALUES (161, 'Charles', 'Davis', 'HD114008', 'torreswilliam@yahoo.com', '001-852-687-2801x008', 3);
INSERT INTO customer (customer_id, first_name, last_name, passport_number, email_address, phone_number, country_id) VALUES (162, 'Ruben', 'Brown', 'zX829347', 'cheryl40@schmidt.com', '+1-463-527-1381', 3);
INSERT INTO customer (customer_id, first_name, last_name, passport_number, email_address, phone_number, country_id) VALUES (163, 'Lindsey', 'Johnson', 'iA110668', 'cunninghamwendy@brown.net', '9284335465', 5);
INSERT INTO customer (customer_id, first_name, last_name, passport_number, email_address, phone_number, country_id) VALUES (164, 'Timothy', 'Walker', 'TD981680', 'fred26@yahoo.com', '(891)175-5721', 3);
INSERT INTO customer (customer_id, first_name, last_name, passport_number, email_address, phone_number, country_id) VALUES (165, 'Jonathan', 'White', 'fn419973', 'destinysimpson@gmail.com', '756.793.5271', 1);
INSERT INTO customer (customer_id, first_name, last_name, passport_number, email_address, phone_number, country_id) VALUES (166, 'Monica', 'Stevenson', 'jB224589', 'zacharymurphy@gmail.com', '+1-277-337-5531x7211', 4);
INSERT INTO customer (customer_id, first_name, last_name, passport_number, email_address, phone_number, country_id) VALUES (167, 'Tyler', 'Hendrix', 'FO487850', 'jonathandavis@yahoo.com', '601.404.7249x611', 3);
INSERT INTO customer (customer_id, first_name, last_name, passport_number, email_address, phone_number, country_id) VALUES (168, 'Linda', 'Gonzalez', 'AV240980', 'icampbell@gmail.com', '488-026-5171x9959', 2);
INSERT INTO customer (customer_id, first_name, last_name, passport_number, email_address, phone_number, country_id) VALUES (169, 'Tracey', 'Hogan', 'FO714897', 'morrowjoseph@luna-maddox.net', '768-063-7821', 3);
INSERT INTO customer (customer_id, first_name, last_name, passport_number, email_address, phone_number, country_id) VALUES (170, 'Alyssa', 'Ward', 'TB740180', 'susan60@hotmail.com', '870-376-0879x52800', 1);
INSERT INTO customer (customer_id, first_name, last_name, passport_number, email_address, phone_number, country_id) VALUES (171, 'Alexander', 'Caldwell', 'Cq462996', 'abigail13@sparks.com', '907-419-4418x075', 2);
INSERT INTO customer (customer_id, first_name, last_name, passport_number, email_address, phone_number, country_id) VALUES (172, 'Theresa', 'Moore', 'bF645303', 'ahughes@hotmail.com', '(819)069-5842x21424', 5);
INSERT INTO customer (customer_id, first_name, last_name, passport_number, email_address, phone_number, country_id) VALUES (173, 'Karen', 'Peterson', 'LD440254', 'snydercameron@miller.com', '(308)924-2981x432', 2);
INSERT INTO customer (customer_id, first_name, last_name, passport_number, email_address, phone_number, country_id) VALUES (174, 'Carlos', 'Ramirez', 'vk437733', 'gina91@gmail.com', '001-503-176-3002x3728', 4);
INSERT INTO customer (customer_id, first_name, last_name, passport_number, email_address, phone_number, country_id) VALUES (175, 'Robert', 'Hodges', 'gT665889', 'brooke83@sexton.com', '784-780-4798x116', 3);
INSERT INTO customer (customer_id, first_name, last_name, passport_number, email_address, phone_number, country_id) VALUES (176, 'Megan', 'Watts', 'RA012477', 'ikey@gmail.com', '(266)955-4420', 4);
INSERT INTO customer (customer_id, first_name, last_name, passport_number, email_address, phone_number, country_id) VALUES (177, 'Adrian', 'Johnson', 'uR340838', 'danielferguson@fischer.com', '691-605-5124', 5);
INSERT INTO customer (customer_id, first_name, last_name, passport_number, email_address, phone_number, country_id) VALUES (178, 'Jennifer', 'Reed', 'ye844219', 'vargaswilliam@hotmail.com', '408.725.2209', 2);
INSERT INTO customer (customer_id, first_name, last_name, passport_number, email_address, phone_number, country_id) VALUES (179, 'Zachary', 'Harvey', 'Kl767788', 'mcleandavid@gmail.com', '+1-631-067-4169', 5);
INSERT INTO customer (customer_id, first_name, last_name, passport_number, email_address, phone_number, country_id) VALUES (180, 'Terry', 'Cisneros', 'hL105480', 'huynhkristine@hotmail.com', '+1-239-098-2519', 4);
INSERT INTO customer (customer_id, first_name, last_name, passport_number, email_address, phone_number, country_id) VALUES (181, 'Mitchell', 'Reynolds', 'lF731075', 'angelamcdaniel@hancock-luna.biz', '285.259.0036x9694', 3);
INSERT INTO customer (customer_id, first_name, last_name, passport_number, email_address, phone_number, country_id) VALUES (182, 'Katherine', 'Wagner', 'id662605', 'zcoleman@wells-fischer.com', '6012978084', 2);
INSERT INTO customer (customer_id, first_name, last_name, passport_number, email_address, phone_number, country_id) VALUES (183, 'Jennifer', 'Rivera', 'JU616586', 'mathewsamanda@watkins-parker.com', '1224706476', 3);
INSERT INTO customer (customer_id, first_name, last_name, passport_number, email_address, phone_number, country_id) VALUES (184, 'Albert', 'Roberts', 'ME210916', 'paul20@osborne.biz', '9636993185', 4);
INSERT INTO customer (customer_id, first_name, last_name, passport_number, email_address, phone_number, country_id) VALUES (185, 'Daniel', 'Moody', 'Sp814655', 'gonzalezmichelle@yahoo.com', '936.904.2885', 1);
INSERT INTO customer (customer_id, first_name, last_name, passport_number, email_address, phone_number, country_id) VALUES (186, 'Robert', 'Nelson', 'bk601112', 'vmoyer@becker.biz', '753-226-0566', 4);
INSERT INTO customer (customer_id, first_name, last_name, passport_number, email_address, phone_number, country_id) VALUES (187, 'Madison', 'Goodman', 'cA430022', 'qwhite@preston.com', '(745)305-7464x32659', 4);
INSERT INTO customer (customer_id, first_name, last_name, passport_number, email_address, phone_number, country_id) VALUES (188, 'Jessica', 'Bray', 'Nz664645', 'sbowman@jackson.com', '(071)510-4299x7695', 1);
INSERT INTO customer (customer_id, first_name, last_name, passport_number, email_address, phone_number, country_id) VALUES (189, 'Diana', 'Taylor', 'jI873542', 'robertwoods@gmail.com', '(361)952-6088x1582', 2);
INSERT INTO customer (customer_id, first_name, last_name, passport_number, email_address, phone_number, country_id) VALUES (190, 'Stephen', 'Wilson', 'Lo772283', 'rebecca64@sutton-bruce.com', '9660877701', 4);
INSERT INTO customer (customer_id, first_name, last_name, passport_number, email_address, phone_number, country_id) VALUES (191, 'David', 'Lawson', 'ei169750', 'robertmiller@clark-hayes.com', '001-499-324-1582x3210', 5);
INSERT INTO customer (customer_id, first_name, last_name, passport_number, email_address, phone_number, country_id) VALUES (192, 'Daniel', 'Scott', 'rc980919', 'blakelawrence@gmail.com', '9340594151', 4);
INSERT INTO customer (customer_id, first_name, last_name, passport_number, email_address, phone_number, country_id) VALUES (193, 'Dwayne', 'Ingram', 'gG646792', 'lisa52@perez-jackson.com', '(873)035-0985', 5);
INSERT INTO customer (customer_id, first_name, last_name, passport_number, email_address, phone_number, country_id) VALUES (194, 'Rebecca', 'Eaton', 'yK673695', 'susan81@gmail.com', '579.471.9370x798', 2);
INSERT INTO customer (customer_id, first_name, last_name, passport_number, email_address, phone_number, country_id) VALUES (195, 'Thomas', 'Miller', 'EN868765', 'shannon48@moreno.biz', '715.461.4800', 1);
INSERT INTO customer (customer_id, first_name, last_name, passport_number, email_address, phone_number, country_id) VALUES (196, 'Christopher', 'Oliver', 'ln539454', 'ryansmith@taylor.org', '(283)724-5395', 1);
INSERT INTO customer (customer_id, first_name, last_name, passport_number, email_address, phone_number, country_id) VALUES (197, 'Jessica', 'Hicks', 'UE078765', 'naguilar@gmail.com', '200-003-3154', 5);
INSERT INTO customer (customer_id, first_name, last_name, passport_number, email_address, phone_number, country_id) VALUES (198, 'James', 'Richardson', 'no823193', 'brobinson@lee.info', '955-232-0813', 1);
INSERT INTO customer (customer_id, first_name, last_name, passport_number, email_address, phone_number, country_id) VALUES (199, 'Beth', 'Rangel', 'tm946045', 'stephendavis@yahoo.com', '(872)145-4694x2553', 1);
INSERT INTO customer (customer_id, first_name, last_name, passport_number, email_address, phone_number, country_id) VALUES (200, 'Christina', 'Morrow', 'xH802432', 'darnold@torres.com', '(609)570-0920', 3);
-- Insert into booking
INSERT INTO booking (booking_id, airline_id, customer_id) VALUES (1, 5, 194);
INSERT INTO booking (booking_id, airline_id, customer_id) VALUES (2, 2, 35);
INSERT INTO booking (booking_id, airline_id, customer_id) VALUES (3, 3, 177);
INSERT INTO booking (booking_id, airline_id, customer_id) VALUES (4, 3, 127);
INSERT INTO booking (booking_id, airline_id, customer_id) VALUES (5, 3, 138);
INSERT INTO booking (booking_id, airline_id, customer_id) VALUES (6, 4, 160);
INSERT INTO booking (booking_id, airline_id, customer_id) VALUES (7, 5, 183);
INSERT INTO booking (booking_id, airline_id, customer_id) VALUES (8, 2, 142);
INSERT INTO booking (booking_id, airline_id, customer_id) VALUES (9, 5, 93);
INSERT INTO booking (booking_id, airline_id, customer_id) VALUES (10, 3, 87);
INSERT INTO booking (booking_id, airline_id, customer_id) VALUES (11, 5, 56);
INSERT INTO booking (booking_id, airline_id, customer_id) VALUES (12, 3, 74);
INSERT INTO booking (booking_id, airline_id, customer_id) VALUES (13, 5, 46);
INSERT INTO booking (booking_id, airline_id, customer_id) VALUES (14, 3, 96);
INSERT INTO booking (booking_id, airline_id, customer_id) VALUES (15, 5, 107);
INSERT INTO booking (booking_id, airline_id, customer_id) VALUES (16, 2, 21);
INSERT INTO booking (booking_id, airline_id, customer_id) VALUES (17, 4, 110);
INSERT INTO booking (booking_id, airline_id, customer_id) VALUES (18, 5, 134);
INSERT INTO booking (booking_id, airline_id, customer_id) VALUES (19, 4, 121);
INSERT INTO booking (booking_id, airline_id, customer_id) VALUES (20, 2, 176);
INSERT INTO booking (booking_id, airline_id, customer_id) VALUES (21, 3, 160);
INSERT INTO booking (booking_id, airline_id, customer_id) VALUES (22, 1, 98);
INSERT INTO booking (booking_id, airline_id, customer_id) VALUES (23, 1, 76);
INSERT INTO booking (booking_id, airline_id, customer_id) VALUES (24, 3, 125);
INSERT INTO booking (booking_id, airline_id, customer_id) VALUES (25, 1, 196);
INSERT INTO booking (booking_id, airline_id, customer_id) VALUES (26, 4, 200);
INSERT INTO booking (booking_id, airline_id, customer_id) VALUES (27, 3, 115);
INSERT INTO booking (booking_id, airline_id, customer_id) VALUES (28, 2, 165);
INSERT INTO booking (booking_id, airline_id, customer_id) VALUES (29, 2, 118);
INSERT INTO booking (booking_id, airline_id, customer_id) VALUES (30, 1, 5);
INSERT INTO booking (booking_id, airline_id, customer_id) VALUES (31, 4, 181);
INSERT INTO booking (booking_id, airline_id, customer_id) VALUES (32, 1, 24);
INSERT INTO booking (booking_id, airline_id, customer_id) VALUES (33, 4, 170);
INSERT INTO booking (booking_id, airline_id, customer_id) VALUES (34, 2, 53);
INSERT INTO booking (booking_id, airline_id, customer_id) VALUES (35, 1, 43);
INSERT INTO booking (booking_id, airline_id, customer_id) VALUES (36, 1, 71);
INSERT INTO booking (booking_id, airline_id, customer_id) VALUES (37, 2, 158);
INSERT INTO booking (booking_id, airline_id, customer_id) VALUES (38, 3, 105);
INSERT INTO booking (booking_id, airline_id, customer_id) VALUES (39, 4, 17);
INSERT INTO booking (booking_id, airline_id, customer_id) VALUES (40, 1, 164);
INSERT INTO booking (booking_id, airline_id, customer_id) VALUES (41, 3, 172);
INSERT INTO booking (booking_id, airline_id, customer_id) VALUES (42, 1, 64);
INSERT INTO booking (booking_id, airline_id, customer_id) VALUES (43, 2, 115);
INSERT INTO booking (booking_id, airline_id, customer_id) VALUES (44, 3, 177);
INSERT INTO booking (booking_id, airline_id, customer_id) VALUES (45, 2, 86);
INSERT INTO booking (booking_id, airline_id, customer_id) VALUES (46, 4, 145);
INSERT INTO booking (booking_id, airline_id, customer_id) VALUES (47, 4, 9);
INSERT INTO booking (booking_id, airline_id, customer_id) VALUES (48, 2, 23);
INSERT INTO booking (booking_id, airline_id, customer_id) VALUES (49, 1, 5);
INSERT INTO booking (booking_id, airline_id, customer_id) VALUES (50, 4, 1);
INSERT INTO booking (booking_id, airline_id, customer_id) VALUES (51, 2, 158);
INSERT INTO booking (booking_id, airline_id, customer_id) VALUES (52, 5, 200);
INSERT INTO booking (booking_id, airline_id, customer_id) VALUES (53, 5, 38);
INSERT INTO booking (booking_id, airline_id, customer_id) VALUES (54, 3, 85);
INSERT INTO booking (booking_id, airline_id, customer_id) VALUES (55, 5, 196);
INSERT INTO booking (booking_id, airline_id, customer_id) VALUES (56, 2, 140);
INSERT INTO booking (booking_id, airline_id, customer_id) VALUES (57, 4, 61);
INSERT INTO booking (booking_id, airline_id, customer_id) VALUES (58, 2, 22);
INSERT INTO booking (booking_id, airline_id, customer_id) VALUES (59, 2, 18);
INSERT INTO booking (booking_id, airline_id, customer_id) VALUES (60, 1, 84);
INSERT INTO booking (booking_id, airline_id, customer_id) VALUES (61, 1, 112);
INSERT INTO booking (booking_id, airline_id, customer_id) VALUES (62, 3, 132);
INSERT INTO booking (booking_id, airline_id, customer_id) VALUES (63, 3, 32);
INSERT INTO booking (booking_id, airline_id, customer_id) VALUES (64, 3, 133);
INSERT INTO booking (booking_id, airline_id, customer_id) VALUES (65, 2, 113);
INSERT INTO booking (booking_id, airline_id, customer_id) VALUES (66, 2, 91);
INSERT INTO booking (booking_id, airline_id, customer_id) VALUES (67, 5, 142);
INSERT INTO booking (booking_id, airline_id, customer_id) VALUES (68, 3, 195);
INSERT INTO booking (booking_id, airline_id, customer_id) VALUES (69, 3, 15);
INSERT INTO booking (booking_id, airline_id, customer_id) VALUES (70, 1, 47);
INSERT INTO booking (booking_id, airline_id, customer_id) VALUES (71, 4, 64);
INSERT INTO booking (booking_id, airline_id, customer_id) VALUES (72, 3, 127);
INSERT INTO booking (booking_id, airline_id, customer_id) VALUES (73, 3, 33);
INSERT INTO booking (booking_id, airline_id, customer_id) VALUES (74, 2, 29);
INSERT INTO booking (booking_id, airline_id, customer_id) VALUES (75, 5, 40);
INSERT INTO booking (booking_id, airline_id, customer_id) VALUES (76, 1, 110);
INSERT INTO booking (booking_id, airline_id, customer_id) VALUES (77, 5, 78);
INSERT INTO booking (booking_id, airline_id, customer_id) VALUES (78, 1, 50);
INSERT INTO booking (booking_id, airline_id, customer_id) VALUES (79, 2, 113);
INSERT INTO booking (booking_id, airline_id, customer_id) VALUES (80, 4, 162);
INSERT INTO booking (booking_id, airline_id, customer_id) VALUES (81, 5, 118);
INSERT INTO booking (booking_id, airline_id, customer_id) VALUES (82, 2, 195);
INSERT INTO booking (booking_id, airline_id, customer_id) VALUES (83, 5, 145);
INSERT INTO booking (booking_id, airline_id, customer_id) VALUES (84, 2, 69);
INSERT INTO booking (booking_id, airline_id, customer_id) VALUES (85, 4, 44);
INSERT INTO booking (booking_id, airline_id, customer_id) VALUES (86, 2, 5);
INSERT INTO booking (booking_id, airline_id, customer_id) VALUES (87, 4, 78);
INSERT INTO booking (booking_id, airline_id, customer_id) VALUES (88, 2, 77);
INSERT INTO booking (booking_id, airline_id, customer_id) VALUES (89, 4, 123);
INSERT INTO booking (booking_id, airline_id, customer_id) VALUES (90, 1, 126);
INSERT INTO booking (booking_id, airline_id, customer_id) VALUES (91, 2, 125);
INSERT INTO booking (booking_id, airline_id, customer_id) VALUES (92, 5, 30);
INSERT INTO booking (booking_id, airline_id, customer_id) VALUES (93, 1, 106);
INSERT INTO booking (booking_id, airline_id, customer_id) VALUES (94, 3, 171);
INSERT INTO booking (booking_id, airline_id, customer_id) VALUES (95, 5, 198);
INSERT INTO booking (booking_id, airline_id, customer_id) VALUES (96, 5, 171);
INSERT INTO booking (booking_id, airline_id, customer_id) VALUES (97, 1, 137);
INSERT INTO booking (booking_id, airline_id, customer_id) VALUES (98, 2, 96);
INSERT INTO booking (booking_id, airline_id, customer_id) VALUES (99, 3, 63);
INSERT INTO booking (booking_id, airline_id, customer_id) VALUES (100, 1, 71);
INSERT INTO booking (booking_id, airline_id, customer_id) VALUES (101, 1, 179);
INSERT INTO booking (booking_id, airline_id, customer_id) VALUES (102, 1, 140);
INSERT INTO booking (booking_id, airline_id, customer_id) VALUES (103, 1, 9);
INSERT INTO booking (booking_id, airline_id, customer_id) VALUES (104, 2, 169);
INSERT INTO booking (booking_id, airline_id, customer_id) VALUES (105, 1, 35);
INSERT INTO booking (booking_id, airline_id, customer_id) VALUES (106, 3, 61);
INSERT INTO booking (booking_id, airline_id, customer_id) VALUES (107, 4, 192);
INSERT INTO booking (booking_id, airline_id, customer_id) VALUES (108, 4, 91);
INSERT INTO booking (booking_id, airline_id, customer_id) VALUES (109, 2, 65);
INSERT INTO booking (booking_id, airline_id, customer_id) VALUES (110, 3, 122);
INSERT INTO booking (booking_id, airline_id, customer_id) VALUES (111, 4, 49);
INSERT INTO booking (booking_id, airline_id, customer_id) VALUES (112, 1, 144);
INSERT INTO booking (booking_id, airline_id, customer_id) VALUES (113, 3, 187);
INSERT INTO booking (booking_id, airline_id, customer_id) VALUES (114, 2, 129);
INSERT INTO booking (booking_id, airline_id, customer_id) VALUES (115, 3, 50);
INSERT INTO booking (booking_id, airline_id, customer_id) VALUES (116, 1, 83);
INSERT INTO booking (booking_id, airline_id, customer_id) VALUES (117, 3, 149);
INSERT INTO booking (booking_id, airline_id, customer_id) VALUES (118, 4, 50);
INSERT INTO booking (booking_id, airline_id, customer_id) VALUES (119, 4, 53);
INSERT INTO booking (booking_id, airline_id, customer_id) VALUES (120, 2, 191);
INSERT INTO booking (booking_id, airline_id, customer_id) VALUES (121, 2, 51);
INSERT INTO booking (booking_id, airline_id, customer_id) VALUES (122, 1, 169);
INSERT INTO booking (booking_id, airline_id, customer_id) VALUES (123, 1, 114);
INSERT INTO booking (booking_id, airline_id, customer_id) VALUES (124, 4, 153);
INSERT INTO booking (booking_id, airline_id, customer_id) VALUES (125, 4, 142);
INSERT INTO booking (booking_id, airline_id, customer_id) VALUES (126, 5, 36);
INSERT INTO booking (booking_id, airline_id, customer_id) VALUES (127, 4, 128);
INSERT INTO booking (booking_id, airline_id, customer_id) VALUES (128, 5, 81);
INSERT INTO booking (booking_id, airline_id, customer_id) VALUES (129, 5, 187);
INSERT INTO booking (booking_id, airline_id, customer_id) VALUES (130, 2, 139);
INSERT INTO booking (booking_id, airline_id, customer_id) VALUES (131, 4, 90);
INSERT INTO booking (booking_id, airline_id, customer_id) VALUES (132, 4, 112);
INSERT INTO booking (booking_id, airline_id, customer_id) VALUES (133, 5, 48);
INSERT INTO booking (booking_id, airline_id, customer_id) VALUES (134, 1, 2);
INSERT INTO booking (booking_id, airline_id, customer_id) VALUES (135, 1, 82);
INSERT INTO booking (booking_id, airline_id, customer_id) VALUES (136, 2, 88);
INSERT INTO booking (booking_id, airline_id, customer_id) VALUES (137, 1, 71);
INSERT INTO booking (booking_id, airline_id, customer_id) VALUES (138, 5, 108);
INSERT INTO booking (booking_id, airline_id, customer_id) VALUES (139, 2, 111);
INSERT INTO booking (booking_id, airline_id, customer_id) VALUES (140, 3, 33);
INSERT INTO booking (booking_id, airline_id, customer_id) VALUES (141, 1, 136);
INSERT INTO booking (booking_id, airline_id, customer_id) VALUES (142, 2, 106);
INSERT INTO booking (booking_id, airline_id, customer_id) VALUES (143, 4, 19);
INSERT INTO booking (booking_id, airline_id, customer_id) VALUES (144, 1, 177);
INSERT INTO booking (booking_id, airline_id, customer_id) VALUES (145, 5, 91);
INSERT INTO booking (booking_id, airline_id, customer_id) VALUES (146, 2, 103);
INSERT INTO booking (booking_id, airline_id, customer_id) VALUES (147, 5, 125);
INSERT INTO booking (booking_id, airline_id, customer_id) VALUES (148, 2, 178);
INSERT INTO booking (booking_id, airline_id, customer_id) VALUES (149, 3, 49);
INSERT INTO booking (booking_id, airline_id, customer_id) VALUES (150, 3, 26);
INSERT INTO booking (booking_id, airline_id, customer_id) VALUES (151, 1, 134);
INSERT INTO booking (booking_id, airline_id, customer_id) VALUES (152, 3, 13);
INSERT INTO booking (booking_id, airline_id, customer_id) VALUES (153, 4, 1);
INSERT INTO booking (booking_id, airline_id, customer_id) VALUES (154, 3, 80);
INSERT INTO booking (booking_id, airline_id, customer_id) VALUES (155, 2, 5);
INSERT INTO booking (booking_id, airline_id, customer_id) VALUES (156, 4, 144);
INSERT INTO booking (booking_id, airline_id, customer_id) VALUES (157, 2, 120);
INSERT INTO booking (booking_id, airline_id, customer_id) VALUES (158, 4, 97);
INSERT INTO booking (booking_id, airline_id, customer_id) VALUES (159, 5, 10);
INSERT INTO booking (booking_id, airline_id, customer_id) VALUES (160, 3, 159);
INSERT INTO booking (booking_id, airline_id, customer_id) VALUES (161, 5, 198);
INSERT INTO booking (booking_id, airline_id, customer_id) VALUES (162, 2, 177);
INSERT INTO booking (booking_id, airline_id, customer_id) VALUES (163, 2, 69);
INSERT INTO booking (booking_id, airline_id, customer_id) VALUES (164, 4, 126);
INSERT INTO booking (booking_id, airline_id, customer_id) VALUES (165, 4, 106);
INSERT INTO booking (booking_id, airline_id, customer_id) VALUES (166, 4, 81);
INSERT INTO booking (booking_id, airline_id, customer_id) VALUES (167, 3, 63);
INSERT INTO booking (booking_id, airline_id, customer_id) VALUES (168, 5, 41);
INSERT INTO booking (booking_id, airline_id, customer_id) VALUES (169, 3, 39);
INSERT INTO booking (booking_id, airline_id, customer_id) VALUES (170, 1, 110);
INSERT INTO booking (booking_id, airline_id, customer_id) VALUES (171, 1, 116);
INSERT INTO booking (booking_id, airline_id, customer_id) VALUES (172, 4, 166);
INSERT INTO booking (booking_id, airline_id, customer_id) VALUES (173, 5, 21);
INSERT INTO booking (booking_id, airline_id, customer_id) VALUES (174, 1, 78);
INSERT INTO booking (booking_id, airline_id, customer_id) VALUES (175, 5, 176);
INSERT INTO booking (booking_id, airline_id, customer_id) VALUES (176, 2, 41);
INSERT INTO booking (booking_id, airline_id, customer_id) VALUES (177, 1, 91);
INSERT INTO booking (booking_id, airline_id, customer_id) VALUES (178, 4, 174);
INSERT INTO booking (booking_id, airline_id, customer_id) VALUES (179, 3, 200);
INSERT INTO booking (booking_id, airline_id, customer_id) VALUES (180, 2, 70);
INSERT INTO booking (booking_id, airline_id, customer_id) VALUES (181, 1, 123);
INSERT INTO booking (booking_id, airline_id, customer_id) VALUES (182, 2, 162);
INSERT INTO booking (booking_id, airline_id, customer_id) VALUES (183, 1, 147);
INSERT INTO booking (booking_id, airline_id, customer_id) VALUES (184, 3, 101);
INSERT INTO booking (booking_id, airline_id, customer_id) VALUES (185, 3, 25);
INSERT INTO booking (booking_id, airline_id, customer_id) VALUES (186, 5, 100);
INSERT INTO booking (booking_id, airline_id, customer_id) VALUES (187, 1, 146);
INSERT INTO booking (booking_id, airline_id, customer_id) VALUES (188, 4, 198);
INSERT INTO booking (booking_id, airline_id, customer_id) VALUES (189, 4, 142);
INSERT INTO booking (booking_id, airline_id, customer_id) VALUES (190, 2, 83);
INSERT INTO booking (booking_id, airline_id, customer_id) VALUES (191, 5, 109);
INSERT INTO booking (booking_id, airline_id, customer_id) VALUES (192, 2, 25);
INSERT INTO booking (booking_id, airline_id, customer_id) VALUES (193, 4, 185);
INSERT INTO booking (booking_id, airline_id, customer_id) VALUES (194, 2, 100);
INSERT INTO booking (booking_id, airline_id, customer_id) VALUES (195, 4, 112);
INSERT INTO booking (booking_id, airline_id, customer_id) VALUES (196, 4, 4);
INSERT INTO booking (booking_id, airline_id, customer_id) VALUES (197, 4, 126);
INSERT INTO booking (booking_id, airline_id, customer_id) VALUES (198, 1, 131);
INSERT INTO booking (booking_id, airline_id, customer_id) VALUES (199, 5, 154);
INSERT INTO booking (booking_id, airline_id, customer_id) VALUES (200, 1, 140);
INSERT INTO booking (booking_id, airline_id, customer_id) VALUES (201, 2, 180);
INSERT INTO booking (booking_id, airline_id, customer_id) VALUES (202, 5, 183);
INSERT INTO booking (booking_id, airline_id, customer_id) VALUES (203, 3, 60);
INSERT INTO booking (booking_id, airline_id, customer_id) VALUES (204, 2, 49);
INSERT INTO booking (booking_id, airline_id, customer_id) VALUES (205, 2, 174);
INSERT INTO booking (booking_id, airline_id, customer_id) VALUES (206, 2, 49);
INSERT INTO booking (booking_id, airline_id, customer_id) VALUES (207, 2, 6);
INSERT INTO booking (booking_id, airline_id, customer_id) VALUES (208, 2, 55);
INSERT INTO booking (booking_id, airline_id, customer_id) VALUES (209, 4, 173);
INSERT INTO booking (booking_id, airline_id, customer_id) VALUES (210, 1, 35);
INSERT INTO booking (booking_id, airline_id, customer_id) VALUES (211, 1, 141);
INSERT INTO booking (booking_id, airline_id, customer_id) VALUES (212, 3, 160);
INSERT INTO booking (booking_id, airline_id, customer_id) VALUES (213, 1, 174);
INSERT INTO booking (booking_id, airline_id, customer_id) VALUES (214, 3, 165);
INSERT INTO booking (booking_id, airline_id, customer_id) VALUES (215, 5, 115);
INSERT INTO booking (booking_id, airline_id, customer_id) VALUES (216, 3, 155);
INSERT INTO booking (booking_id, airline_id, customer_id) VALUES (217, 2, 124);
INSERT INTO booking (booking_id, airline_id, customer_id) VALUES (218, 5, 127);
INSERT INTO booking (booking_id, airline_id, customer_id) VALUES (219, 3, 144);
INSERT INTO booking (booking_id, airline_id, customer_id) VALUES (220, 3, 156);
INSERT INTO booking (booking_id, airline_id, customer_id) VALUES (221, 3, 25);
INSERT INTO booking (booking_id, airline_id, customer_id) VALUES (222, 2, 67);
INSERT INTO booking (booking_id, airline_id, customer_id) VALUES (223, 5, 197);
INSERT INTO booking (booking_id, airline_id, customer_id) VALUES (224, 1, 138);
INSERT INTO booking (booking_id, airline_id, customer_id) VALUES (225, 2, 137);
INSERT INTO booking (booking_id, airline_id, customer_id) VALUES (226, 4, 54);
INSERT INTO booking (booking_id, airline_id, customer_id) VALUES (227, 4, 57);
INSERT INTO booking (booking_id, airline_id, customer_id) VALUES (228, 2, 74);
INSERT INTO booking (booking_id, airline_id, customer_id) VALUES (229, 3, 101);
INSERT INTO booking (booking_id, airline_id, customer_id) VALUES (230, 3, 97);
INSERT INTO booking (booking_id, airline_id, customer_id) VALUES (231, 5, 91);
INSERT INTO booking (booking_id, airline_id, customer_id) VALUES (232, 4, 152);
INSERT INTO booking (booking_id, airline_id, customer_id) VALUES (233, 1, 94);
INSERT INTO booking (booking_id, airline_id, customer_id) VALUES (234, 2, 61);
INSERT INTO booking (booking_id, airline_id, customer_id) VALUES (235, 3, 126);
INSERT INTO booking (booking_id, airline_id, customer_id) VALUES (236, 5, 47);
INSERT INTO booking (booking_id, airline_id, customer_id) VALUES (237, 5, 89);
INSERT INTO booking (booking_id, airline_id, customer_id) VALUES (238, 5, 121);
INSERT INTO booking (booking_id, airline_id, customer_id) VALUES (239, 5, 146);
INSERT INTO booking (booking_id, airline_id, customer_id) VALUES (240, 3, 124);
INSERT INTO booking (booking_id, airline_id, customer_id) VALUES (241, 2, 50);
INSERT INTO booking (booking_id, airline_id, customer_id) VALUES (242, 3, 152);
INSERT INTO booking (booking_id, airline_id, customer_id) VALUES (243, 1, 169);
INSERT INTO booking (booking_id, airline_id, customer_id) VALUES (244, 3, 47);
INSERT INTO booking (booking_id, airline_id, customer_id) VALUES (245, 5, 91);
INSERT INTO booking (booking_id, airline_id, customer_id) VALUES (246, 2, 109);
INSERT INTO booking (booking_id, airline_id, customer_id) VALUES (247, 5, 148);
INSERT INTO booking (booking_id, airline_id, customer_id) VALUES (248, 5, 105);
INSERT INTO booking (booking_id, airline_id, customer_id) VALUES (249, 4, 184);
INSERT INTO booking (booking_id, airline_id, customer_id) VALUES (250, 5, 175);
INSERT INTO booking (booking_id, airline_id, customer_id) VALUES (251, 1, 102);
INSERT INTO booking (booking_id, airline_id, customer_id) VALUES (252, 5, 172);
INSERT INTO booking (booking_id, airline_id, customer_id) VALUES (253, 2, 155);
INSERT INTO booking (booking_id, airline_id, customer_id) VALUES (254, 5, 102);
INSERT INTO booking (booking_id, airline_id, customer_id) VALUES (255, 3, 25);
INSERT INTO booking (booking_id, airline_id, customer_id) VALUES (256, 5, 114);
INSERT INTO booking (booking_id, airline_id, customer_id) VALUES (257, 3, 187);
INSERT INTO booking (booking_id, airline_id, customer_id) VALUES (258, 1, 67);
INSERT INTO booking (booking_id, airline_id, customer_id) VALUES (259, 3, 8);
INSERT INTO booking (booking_id, airline_id, customer_id) VALUES (260, 4, 34);
INSERT INTO booking (booking_id, airline_id, customer_id) VALUES (261, 4, 176);
INSERT INTO booking (booking_id, airline_id, customer_id) VALUES (262, 4, 132);
INSERT INTO booking (booking_id, airline_id, customer_id) VALUES (263, 3, 114);
INSERT INTO booking (booking_id, airline_id, customer_id) VALUES (264, 5, 72);
INSERT INTO booking (booking_id, airline_id, customer_id) VALUES (265, 1, 43);
INSERT INTO booking (booking_id, airline_id, customer_id) VALUES (266, 4, 27);
INSERT INTO booking (booking_id, airline_id, customer_id) VALUES (267, 4, 103);
INSERT INTO booking (booking_id, airline_id, customer_id) VALUES (268, 3, 13);
INSERT INTO booking (booking_id, airline_id, customer_id) VALUES (269, 4, 85);
INSERT INTO booking (booking_id, airline_id, customer_id) VALUES (270, 2, 60);
INSERT INTO booking (booking_id, airline_id, customer_id) VALUES (271, 2, 64);
INSERT INTO booking (booking_id, airline_id, customer_id) VALUES (272, 2, 27);
INSERT INTO booking (booking_id, airline_id, customer_id) VALUES (273, 1, 21);
INSERT INTO booking (booking_id, airline_id, customer_id) VALUES (274, 2, 145);
INSERT INTO booking (booking_id, airline_id, customer_id) VALUES (275, 5, 18);
INSERT INTO booking (booking_id, airline_id, customer_id) VALUES (276, 5, 5);
INSERT INTO booking (booking_id, airline_id, customer_id) VALUES (277, 1, 124);
INSERT INTO booking (booking_id, airline_id, customer_id) VALUES (278, 4, 40);
INSERT INTO booking (booking_id, airline_id, customer_id) VALUES (279, 3, 76);
INSERT INTO booking (booking_id, airline_id, customer_id) VALUES (280, 4, 49);
INSERT INTO booking (booking_id, airline_id, customer_id) VALUES (281, 2, 34);
INSERT INTO booking (booking_id, airline_id, customer_id) VALUES (282, 2, 75);
INSERT INTO booking (booking_id, airline_id, customer_id) VALUES (283, 4, 186);
INSERT INTO booking (booking_id, airline_id, customer_id) VALUES (284, 1, 59);
INSERT INTO booking (booking_id, airline_id, customer_id) VALUES (285, 2, 186);
INSERT INTO booking (booking_id, airline_id, customer_id) VALUES (286, 5, 154);
INSERT INTO booking (booking_id, airline_id, customer_id) VALUES (287, 2, 15);
INSERT INTO booking (booking_id, airline_id, customer_id) VALUES (288, 3, 89);
INSERT INTO booking (booking_id, airline_id, customer_id) VALUES (289, 1, 72);
INSERT INTO booking (booking_id, airline_id, customer_id) VALUES (290, 3, 137);
INSERT INTO booking (booking_id, airline_id, customer_id) VALUES (291, 4, 118);
INSERT INTO booking (booking_id, airline_id, customer_id) VALUES (292, 4, 75);
INSERT INTO booking (booking_id, airline_id, customer_id) VALUES (293, 1, 173);
INSERT INTO booking (booking_id, airline_id, customer_id) VALUES (294, 4, 148);
INSERT INTO booking (booking_id, airline_id, customer_id) VALUES (295, 3, 82);
INSERT INTO booking (booking_id, airline_id, customer_id) VALUES (296, 5, 68);
INSERT INTO booking (booking_id, airline_id, customer_id) VALUES (297, 3, 27);
INSERT INTO booking (booking_id, airline_id, customer_id) VALUES (298, 5, 161);
INSERT INTO booking (booking_id, airline_id, customer_id) VALUES (299, 2, 87);
INSERT INTO booking (booking_id, airline_id, customer_id) VALUES (300, 2, 18);
INSERT INTO booking (booking_id, airline_id, customer_id) VALUES (301, 3, 94);
INSERT INTO booking (booking_id, airline_id, customer_id) VALUES (302, 2, 135);
INSERT INTO booking (booking_id, airline_id, customer_id) VALUES (303, 5, 178);
INSERT INTO booking (booking_id, airline_id, customer_id) VALUES (304, 2, 60);
INSERT INTO booking (booking_id, airline_id, customer_id) VALUES (305, 3, 186);
INSERT INTO booking (booking_id, airline_id, customer_id) VALUES (306, 3, 136);
INSERT INTO booking (booking_id, airline_id, customer_id) VALUES (307, 5, 137);
INSERT INTO booking (booking_id, airline_id, customer_id) VALUES (308, 3, 174);
INSERT INTO booking (booking_id, airline_id, customer_id) VALUES (309, 4, 44);
INSERT INTO booking (booking_id, airline_id, customer_id) VALUES (310, 1, 93);
INSERT INTO booking (booking_id, airline_id, customer_id) VALUES (311, 4, 57);
INSERT INTO booking (booking_id, airline_id, customer_id) VALUES (312, 3, 136);
INSERT INTO booking (booking_id, airline_id, customer_id) VALUES (313, 3, 190);
INSERT INTO booking (booking_id, airline_id, customer_id) VALUES (314, 2, 134);
INSERT INTO booking (booking_id, airline_id, customer_id) VALUES (315, 4, 129);
INSERT INTO booking (booking_id, airline_id, customer_id) VALUES (316, 1, 62);
INSERT INTO booking (booking_id, airline_id, customer_id) VALUES (317, 5, 196);
INSERT INTO booking (booking_id, airline_id, customer_id) VALUES (318, 2, 122);
INSERT INTO booking (booking_id, airline_id, customer_id) VALUES (319, 2, 77);
INSERT INTO booking (booking_id, airline_id, customer_id) VALUES (320, 3, 76);
INSERT INTO booking (booking_id, airline_id, customer_id) VALUES (321, 5, 79);
INSERT INTO booking (booking_id, airline_id, customer_id) VALUES (322, 5, 4);
INSERT INTO booking (booking_id, airline_id, customer_id) VALUES (323, 1, 51);
INSERT INTO booking (booking_id, airline_id, customer_id) VALUES (324, 1, 76);
INSERT INTO booking (booking_id, airline_id, customer_id) VALUES (325, 5, 90);
INSERT INTO booking (booking_id, airline_id, customer_id) VALUES (326, 1, 161);
INSERT INTO booking (booking_id, airline_id, customer_id) VALUES (327, 2, 41);
INSERT INTO booking (booking_id, airline_id, customer_id) VALUES (328, 3, 90);
INSERT INTO booking (booking_id, airline_id, customer_id) VALUES (329, 3, 24);
INSERT INTO booking (booking_id, airline_id, customer_id) VALUES (330, 3, 55);
INSERT INTO booking (booking_id, airline_id, customer_id) VALUES (331, 4, 158);
INSERT INTO booking (booking_id, airline_id, customer_id) VALUES (332, 3, 110);
INSERT INTO booking (booking_id, airline_id, customer_id) VALUES (333, 3, 89);
INSERT INTO booking (booking_id, airline_id, customer_id) VALUES (334, 1, 85);
INSERT INTO booking (booking_id, airline_id, customer_id) VALUES (335, 2, 108);
INSERT INTO booking (booking_id, airline_id, customer_id) VALUES (336, 1, 185);
INSERT INTO booking (booking_id, airline_id, customer_id) VALUES (337, 5, 130);
INSERT INTO booking (booking_id, airline_id, customer_id) VALUES (338, 5, 132);
INSERT INTO booking (booking_id, airline_id, customer_id) VALUES (339, 2, 112);
INSERT INTO booking (booking_id, airline_id, customer_id) VALUES (340, 2, 127);
INSERT INTO booking (booking_id, airline_id, customer_id) VALUES (341, 2, 151);
INSERT INTO booking (booking_id, airline_id, customer_id) VALUES (342, 4, 58);
INSERT INTO booking (booking_id, airline_id, customer_id) VALUES (343, 2, 170);
INSERT INTO booking (booking_id, airline_id, customer_id) VALUES (344, 4, 194);
INSERT INTO booking (booking_id, airline_id, customer_id) VALUES (345, 4, 41);
INSERT INTO booking (booking_id, airline_id, customer_id) VALUES (346, 2, 120);
INSERT INTO booking (booking_id, airline_id, customer_id) VALUES (347, 5, 141);
INSERT INTO booking (booking_id, airline_id, customer_id) VALUES (348, 4, 188);
INSERT INTO booking (booking_id, airline_id, customer_id) VALUES (349, 4, 42);
INSERT INTO booking (booking_id, airline_id, customer_id) VALUES (350, 2, 41);
INSERT INTO booking (booking_id, airline_id, customer_id) VALUES (351, 2, 149);
INSERT INTO booking (booking_id, airline_id, customer_id) VALUES (352, 3, 199);
INSERT INTO booking (booking_id, airline_id, customer_id) VALUES (353, 2, 101);
INSERT INTO booking (booking_id, airline_id, customer_id) VALUES (354, 3, 93);
INSERT INTO booking (booking_id, airline_id, customer_id) VALUES (355, 3, 128);
INSERT INTO booking (booking_id, airline_id, customer_id) VALUES (356, 5, 137);
INSERT INTO booking (booking_id, airline_id, customer_id) VALUES (357, 1, 3);
INSERT INTO booking (booking_id, airline_id, customer_id) VALUES (358, 3, 155);
INSERT INTO booking (booking_id, airline_id, customer_id) VALUES (359, 2, 182);
INSERT INTO booking (booking_id, airline_id, customer_id) VALUES (360, 4, 131);
INSERT INTO booking (booking_id, airline_id, customer_id) VALUES (361, 3, 128);
INSERT INTO booking (booking_id, airline_id, customer_id) VALUES (362, 4, 94);
INSERT INTO booking (booking_id, airline_id, customer_id) VALUES (363, 3, 88);
INSERT INTO booking (booking_id, airline_id, customer_id) VALUES (364, 1, 132);
INSERT INTO booking (booking_id, airline_id, customer_id) VALUES (365, 4, 51);
INSERT INTO booking (booking_id, airline_id, customer_id) VALUES (366, 1, 97);
INSERT INTO booking (booking_id, airline_id, customer_id) VALUES (367, 3, 80);
INSERT INTO booking (booking_id, airline_id, customer_id) VALUES (368, 1, 154);
INSERT INTO booking (booking_id, airline_id, customer_id) VALUES (369, 5, 136);
INSERT INTO booking (booking_id, airline_id, customer_id) VALUES (370, 2, 166);
INSERT INTO booking (booking_id, airline_id, customer_id) VALUES (371, 4, 121);
INSERT INTO booking (booking_id, airline_id, customer_id) VALUES (372, 1, 174);
INSERT INTO booking (booking_id, airline_id, customer_id) VALUES (373, 4, 12);
INSERT INTO booking (booking_id, airline_id, customer_id) VALUES (374, 2, 35);
INSERT INTO booking (booking_id, airline_id, customer_id) VALUES (375, 1, 25);
INSERT INTO booking (booking_id, airline_id, customer_id) VALUES (376, 4, 148);
INSERT INTO booking (booking_id, airline_id, customer_id) VALUES (377, 3, 175);
INSERT INTO booking (booking_id, airline_id, customer_id) VALUES (378, 2, 57);
INSERT INTO booking (booking_id, airline_id, customer_id) VALUES (379, 1, 177);
INSERT INTO booking (booking_id, airline_id, customer_id) VALUES (380, 2, 104);
INSERT INTO booking (booking_id, airline_id, customer_id) VALUES (381, 3, 194);
INSERT INTO booking (booking_id, airline_id, customer_id) VALUES (382, 4, 92);
INSERT INTO booking (booking_id, airline_id, customer_id) VALUES (383, 5, 8);
INSERT INTO booking (booking_id, airline_id, customer_id) VALUES (384, 5, 23);
INSERT INTO booking (booking_id, airline_id, customer_id) VALUES (385, 4, 50);
INSERT INTO booking (booking_id, airline_id, customer_id) VALUES (386, 1, 59);
INSERT INTO booking (booking_id, airline_id, customer_id) VALUES (387, 2, 21);
INSERT INTO booking (booking_id, airline_id, customer_id) VALUES (388, 1, 46);
INSERT INTO booking (booking_id, airline_id, customer_id) VALUES (389, 3, 127);
INSERT INTO booking (booking_id, airline_id, customer_id) VALUES (390, 2, 183);
INSERT INTO booking (booking_id, airline_id, customer_id) VALUES (391, 4, 186);
INSERT INTO booking (booking_id, airline_id, customer_id) VALUES (392, 2, 178);
INSERT INTO booking (booking_id, airline_id, customer_id) VALUES (393, 4, 124);
INSERT INTO booking (booking_id, airline_id, customer_id) VALUES (394, 2, 102);
INSERT INTO booking (booking_id, airline_id, customer_id) VALUES (395, 1, 116);
INSERT INTO booking (booking_id, airline_id, customer_id) VALUES (396, 5, 101);
INSERT INTO booking (booking_id, airline_id, customer_id) VALUES (397, 3, 136);
INSERT INTO booking (booking_id, airline_id, customer_id) VALUES (398, 5, 114);
INSERT INTO booking (booking_id, airline_id, customer_id) VALUES (399, 1, 193);
INSERT INTO booking (booking_id, airline_id, customer_id) VALUES (400, 3, 139);
INSERT INTO booking (booking_id, airline_id, customer_id) VALUES (401, 2, 17);
INSERT INTO booking (booking_id, airline_id, customer_id) VALUES (402, 1, 24);
INSERT INTO booking (booking_id, airline_id, customer_id) VALUES (403, 3, 143);
INSERT INTO booking (booking_id, airline_id, customer_id) VALUES (404, 2, 13);
INSERT INTO booking (booking_id, airline_id, customer_id) VALUES (405, 3, 194);
INSERT INTO booking (booking_id, airline_id, customer_id) VALUES (406, 3, 170);
INSERT INTO booking (booking_id, airline_id, customer_id) VALUES (407, 2, 46);
INSERT INTO booking (booking_id, airline_id, customer_id) VALUES (408, 1, 160);
INSERT INTO booking (booking_id, airline_id, customer_id) VALUES (409, 1, 86);
INSERT INTO booking (booking_id, airline_id, customer_id) VALUES (410, 1, 98);
INSERT INTO booking (booking_id, airline_id, customer_id) VALUES (411, 5, 48);
INSERT INTO booking (booking_id, airline_id, customer_id) VALUES (412, 2, 93);
INSERT INTO booking (booking_id, airline_id, customer_id) VALUES (413, 2, 29);
INSERT INTO booking (booking_id, airline_id, customer_id) VALUES (414, 3, 120);
INSERT INTO booking (booking_id, airline_id, customer_id) VALUES (415, 5, 99);
INSERT INTO booking (booking_id, airline_id, customer_id) VALUES (416, 2, 144);
INSERT INTO booking (booking_id, airline_id, customer_id) VALUES (417, 2, 48);
INSERT INTO booking (booking_id, airline_id, customer_id) VALUES (418, 1, 115);
INSERT INTO booking (booking_id, airline_id, customer_id) VALUES (419, 1, 108);
INSERT INTO booking (booking_id, airline_id, customer_id) VALUES (420, 5, 2);
INSERT INTO booking (booking_id, airline_id, customer_id) VALUES (421, 4, 186);
INSERT INTO booking (booking_id, airline_id, customer_id) VALUES (422, 3, 78);
INSERT INTO booking (booking_id, airline_id, customer_id) VALUES (423, 3, 117);
INSERT INTO booking (booking_id, airline_id, customer_id) VALUES (424, 1, 141);
INSERT INTO booking (booking_id, airline_id, customer_id) VALUES (425, 3, 147);
INSERT INTO booking (booking_id, airline_id, customer_id) VALUES (426, 1, 30);
INSERT INTO booking (booking_id, airline_id, customer_id) VALUES (427, 2, 188);
INSERT INTO booking (booking_id, airline_id, customer_id) VALUES (428, 1, 28);
INSERT INTO booking (booking_id, airline_id, customer_id) VALUES (429, 5, 118);
INSERT INTO booking (booking_id, airline_id, customer_id) VALUES (430, 2, 4);
INSERT INTO booking (booking_id, airline_id, customer_id) VALUES (431, 4, 86);
INSERT INTO booking (booking_id, airline_id, customer_id) VALUES (432, 4, 148);
INSERT INTO booking (booking_id, airline_id, customer_id) VALUES (433, 1, 154);
INSERT INTO booking (booking_id, airline_id, customer_id) VALUES (434, 2, 156);
INSERT INTO booking (booking_id, airline_id, customer_id) VALUES (435, 1, 159);
INSERT INTO booking (booking_id, airline_id, customer_id) VALUES (436, 1, 197);
INSERT INTO booking (booking_id, airline_id, customer_id) VALUES (437, 1, 81);
INSERT INTO booking (booking_id, airline_id, customer_id) VALUES (438, 4, 1);
INSERT INTO booking (booking_id, airline_id, customer_id) VALUES (439, 3, 43);
INSERT INTO booking (booking_id, airline_id, customer_id) VALUES (440, 5, 93);
INSERT INTO booking (booking_id, airline_id, customer_id) VALUES (441, 5, 173);
INSERT INTO booking (booking_id, airline_id, customer_id) VALUES (442, 4, 127);
INSERT INTO booking (booking_id, airline_id, customer_id) VALUES (443, 4, 34);
INSERT INTO booking (booking_id, airline_id, customer_id) VALUES (444, 4, 123);
INSERT INTO booking (booking_id, airline_id, customer_id) VALUES (445, 2, 33);
INSERT INTO booking (booking_id, airline_id, customer_id) VALUES (446, 1, 160);
INSERT INTO booking (booking_id, airline_id, customer_id) VALUES (447, 2, 77);
INSERT INTO booking (booking_id, airline_id, customer_id) VALUES (448, 5, 11);
INSERT INTO booking (booking_id, airline_id, customer_id) VALUES (449, 4, 152);
INSERT INTO booking (booking_id, airline_id, customer_id) VALUES (450, 2, 8);
INSERT INTO booking (booking_id, airline_id, customer_id) VALUES (451, 3, 30);
INSERT INTO booking (booking_id, airline_id, customer_id) VALUES (452, 5, 94);
INSERT INTO booking (booking_id, airline_id, customer_id) VALUES (453, 2, 3);
INSERT INTO booking (booking_id, airline_id, customer_id) VALUES (454, 2, 63);
INSERT INTO booking (booking_id, airline_id, customer_id) VALUES (455, 5, 194);
INSERT INTO booking (booking_id, airline_id, customer_id) VALUES (456, 2, 47);
INSERT INTO booking (booking_id, airline_id, customer_id) VALUES (457, 5, 11);
INSERT INTO booking (booking_id, airline_id, customer_id) VALUES (458, 2, 139);
INSERT INTO booking (booking_id, airline_id, customer_id) VALUES (459, 4, 186);
INSERT INTO booking (booking_id, airline_id, customer_id) VALUES (460, 5, 52);
INSERT INTO booking (booking_id, airline_id, customer_id) VALUES (461, 2, 5);
INSERT INTO booking (booking_id, airline_id, customer_id) VALUES (462, 1, 56);
INSERT INTO booking (booking_id, airline_id, customer_id) VALUES (463, 4, 20);
INSERT INTO booking (booking_id, airline_id, customer_id) VALUES (464, 5, 98);
INSERT INTO booking (booking_id, airline_id, customer_id) VALUES (465, 4, 124);
INSERT INTO booking (booking_id, airline_id, customer_id) VALUES (466, 1, 7);
INSERT INTO booking (booking_id, airline_id, customer_id) VALUES (467, 4, 118);
INSERT INTO booking (booking_id, airline_id, customer_id) VALUES (468, 3, 191);
INSERT INTO booking (booking_id, airline_id, customer_id) VALUES (469, 4, 79);
INSERT INTO booking (booking_id, airline_id, customer_id) VALUES (470, 3, 26);
INSERT INTO booking (booking_id, airline_id, customer_id) VALUES (471, 2, 140);
INSERT INTO booking (booking_id, airline_id, customer_id) VALUES (472, 4, 156);
INSERT INTO booking (booking_id, airline_id, customer_id) VALUES (473, 2, 200);
INSERT INTO booking (booking_id, airline_id, customer_id) VALUES (474, 4, 148);
INSERT INTO booking (booking_id, airline_id, customer_id) VALUES (475, 4, 103);
INSERT INTO booking (booking_id, airline_id, customer_id) VALUES (476, 1, 107);
INSERT INTO booking (booking_id, airline_id, customer_id) VALUES (477, 2, 65);
INSERT INTO booking (booking_id, airline_id, customer_id) VALUES (478, 1, 8);
INSERT INTO booking (booking_id, airline_id, customer_id) VALUES (479, 4, 137);
INSERT INTO booking (booking_id, airline_id, customer_id) VALUES (480, 5, 154);
INSERT INTO booking (booking_id, airline_id, customer_id) VALUES (481, 1, 156);
INSERT INTO booking (booking_id, airline_id, customer_id) VALUES (482, 5, 40);
INSERT INTO booking (booking_id, airline_id, customer_id) VALUES (483, 1, 175);
INSERT INTO booking (booking_id, airline_id, customer_id) VALUES (484, 2, 131);
INSERT INTO booking (booking_id, airline_id, customer_id) VALUES (485, 4, 170);
INSERT INTO booking (booking_id, airline_id, customer_id) VALUES (486, 4, 175);
INSERT INTO booking (booking_id, airline_id, customer_id) VALUES (487, 5, 74);
INSERT INTO booking (booking_id, airline_id, customer_id) VALUES (488, 3, 132);
INSERT INTO booking (booking_id, airline_id, customer_id) VALUES (489, 1, 167);
INSERT INTO booking (booking_id, airline_id, customer_id) VALUES (490, 1, 90);
INSERT INTO booking (booking_id, airline_id, customer_id) VALUES (491, 2, 97);
INSERT INTO booking (booking_id, airline_id, customer_id) VALUES (492, 3, 82);
INSERT INTO booking (booking_id, airline_id, customer_id) VALUES (493, 1, 49);
INSERT INTO booking (booking_id, airline_id, customer_id) VALUES (494, 4, 3);
INSERT INTO booking (booking_id, airline_id, customer_id) VALUES (495, 3, 72);
INSERT INTO booking (booking_id, airline_id, customer_id) VALUES (496, 3, 26);
INSERT INTO booking (booking_id, airline_id, customer_id) VALUES (497, 4, 77);
INSERT INTO booking (booking_id, airline_id, customer_id) VALUES (498, 1, 149);
INSERT INTO booking (booking_id, airline_id, customer_id) VALUES (499, 5, 170);
INSERT INTO booking (booking_id, airline_id, customer_id) VALUES (500, 3, 65);
-- Insert into booking_leg
INSERT INTO booking_leg (booking_leg_id, booking_id, leg_id, seat_id, price) VALUES (1, 420, 237, 13, 1035.4);
INSERT INTO booking_leg (booking_leg_id, booking_id, leg_id, seat_id, price) VALUES (2, 150, 54, 54, 243.08);
INSERT INTO booking_leg (booking_leg_id, booking_id, leg_id, seat_id, price) VALUES (3, 1, 242, 13, 182.98);
INSERT INTO booking_leg (booking_leg_id, booking_id, leg_id, seat_id, price) VALUES (4, 390, 247, 115, 303.4);
INSERT INTO booking_leg (booking_leg_id, booking_id, leg_id, seat_id, price) VALUES (5, 399, 222, 141, 1249.9);
INSERT INTO booking_leg (booking_leg_id, booking_id, leg_id, seat_id, price) VALUES (6, 359, 206, 58, 962.0);
INSERT INTO booking_leg (booking_leg_id, booking_id, leg_id, seat_id, price) VALUES (7, 42, 53, 157, 561.92);
INSERT INTO booking_leg (booking_leg_id, booking_id, leg_id, seat_id, price) VALUES (8, 313, 61, 160, 1449.06);
INSERT INTO booking_leg (booking_leg_id, booking_id, leg_id, seat_id, price) VALUES (9, 498, 141, 154, 504.64);
INSERT INTO booking_leg (booking_leg_id, booking_id, leg_id, seat_id, price) VALUES (10, 179, 126, 67, 326.53);
INSERT INTO booking_leg (booking_leg_id, booking_id, leg_id, seat_id, price) VALUES (11, 122, 291, 76, 537.83);
INSERT INTO booking_leg (booking_leg_id, booking_id, leg_id, seat_id, price) VALUES (12, 101, 158, 130, 818.09);
INSERT INTO booking_leg (booking_leg_id, booking_id, leg_id, seat_id, price) VALUES (13, 460, 209, 57, 244.05);
INSERT INTO booking_leg (booking_leg_id, booking_id, leg_id, seat_id, price) VALUES (14, 237, 297, 177, 253.65);
INSERT INTO booking_leg (booking_leg_id, booking_id, leg_id, seat_id, price) VALUES (15, 330, 138, 164, 1269.22);
INSERT INTO booking_leg (booking_leg_id, booking_id, leg_id, seat_id, price) VALUES (16, 390, 216, 31, 297.25);
INSERT INTO booking_leg (booking_leg_id, booking_id, leg_id, seat_id, price) VALUES (17, 336, 163, 156, 392.29);
INSERT INTO booking_leg (booking_leg_id, booking_id, leg_id, seat_id, price) VALUES (18, 348, 59, 141, 447.16);
INSERT INTO booking_leg (booking_leg_id, booking_id, leg_id, seat_id, price) VALUES (19, 347, 35, 9, 185.84);
INSERT INTO booking_leg (booking_leg_id, booking_id, leg_id, seat_id, price) VALUES (20, 95, 136, 124, 826.41);
INSERT INTO booking_leg (booking_leg_id, booking_id, leg_id, seat_id, price) VALUES (21, 405, 175, 164, 104.69);
INSERT INTO booking_leg (booking_leg_id, booking_id, leg_id, seat_id, price) VALUES (22, 358, 134, 116, 1344.12);
INSERT INTO booking_leg (booking_leg_id, booking_id, leg_id, seat_id, price) VALUES (23, 292, 126, 78, 1302.59);
INSERT INTO booking_leg (booking_leg_id, booking_id, leg_id, seat_id, price) VALUES (24, 134, 195, 19, 1189.79);
INSERT INTO booking_leg (booking_leg_id, booking_id, leg_id, seat_id, price) VALUES (25, 104, 93, 125, 786.72);
INSERT INTO booking_leg (booking_leg_id, booking_id, leg_id, seat_id, price) VALUES (26, 428, 206, 28, 878.95);
INSERT INTO booking_leg (booking_leg_id, booking_id, leg_id, seat_id, price) VALUES (27, 486, 7, 141, 593.98);
INSERT INTO booking_leg (booking_leg_id, booking_id, leg_id, seat_id, price) VALUES (28, 334, 278, 31, 1370.56);
INSERT INTO booking_leg (booking_leg_id, booking_id, leg_id, seat_id, price) VALUES (29, 282, 181, 127, 646.76);
INSERT INTO booking_leg (booking_leg_id, booking_id, leg_id, seat_id, price) VALUES (30, 359, 202, 132, 797.77);
INSERT INTO booking_leg (booking_leg_id, booking_id, leg_id, seat_id, price) VALUES (31, 219, 58, 78, 307.89);
INSERT INTO booking_leg (booking_leg_id, booking_id, leg_id, seat_id, price) VALUES (32, 169, 186, 74, 1194.22);
INSERT INTO booking_leg (booking_leg_id, booking_id, leg_id, seat_id, price) VALUES (33, 401, 43, 2, 473.39);
INSERT INTO booking_leg (booking_leg_id, booking_id, leg_id, seat_id, price) VALUES (34, 197, 267, 33, 845.91);
INSERT INTO booking_leg (booking_leg_id, booking_id, leg_id, seat_id, price) VALUES (35, 343, 124, 95, 1124.88);
INSERT INTO booking_leg (booking_leg_id, booking_id, leg_id, seat_id, price) VALUES (36, 152, 155, 38, 370.56);
INSERT INTO booking_leg (booking_leg_id, booking_id, leg_id, seat_id, price) VALUES (37, 500, 221, 104, 1025.22);
INSERT INTO booking_leg (booking_leg_id, booking_id, leg_id, seat_id, price) VALUES (38, 379, 165, 107, 919.56);
INSERT INTO booking_leg (booking_leg_id, booking_id, leg_id, seat_id, price) VALUES (39, 273, 296, 95, 1458.14);
INSERT INTO booking_leg (booking_leg_id, booking_id, leg_id, seat_id, price) VALUES (40, 399, 85, 74, 1031.48);
INSERT INTO booking_leg (booking_leg_id, booking_id, leg_id, seat_id, price) VALUES (41, 63, 181, 56, 739.25);
INSERT INTO booking_leg (booking_leg_id, booking_id, leg_id, seat_id, price) VALUES (42, 483, 53, 66, 1260.89);
INSERT INTO booking_leg (booking_leg_id, booking_id, leg_id, seat_id, price) VALUES (43, 156, 229, 189, 451.75);
INSERT INTO booking_leg (booking_leg_id, booking_id, leg_id, seat_id, price) VALUES (44, 487, 290, 46, 384.11);
INSERT INTO booking_leg (booking_leg_id, booking_id, leg_id, seat_id, price) VALUES (45, 325, 158, 165, 977.4);
INSERT INTO booking_leg (booking_leg_id, booking_id, leg_id, seat_id, price) VALUES (46, 353, 20, 186, 883.64);
INSERT INTO booking_leg (booking_leg_id, booking_id, leg_id, seat_id, price) VALUES (47, 12, 14, 3, 1261.85);
INSERT INTO booking_leg (booking_leg_id, booking_id, leg_id, seat_id, price) VALUES (48, 34, 174, 171, 329.01);
INSERT INTO booking_leg (booking_leg_id, booking_id, leg_id, seat_id, price) VALUES (49, 165, 65, 88, 1005.36);
INSERT INTO booking_leg (booking_leg_id, booking_id, leg_id, seat_id, price) VALUES (50, 455, 112, 66, 170.45);
INSERT INTO booking_leg (booking_leg_id, booking_id, leg_id, seat_id, price) VALUES (51, 497, 191, 196, 639.28);
INSERT INTO booking_leg (booking_leg_id, booking_id, leg_id, seat_id, price) VALUES (52, 37, 157, 109, 1304.22);
INSERT INTO booking_leg (booking_leg_id, booking_id, leg_id, seat_id, price) VALUES (53, 317, 84, 17, 343.31);
INSERT INTO booking_leg (booking_leg_id, booking_id, leg_id, seat_id, price) VALUES (54, 234, 187, 169, 619.56);
INSERT INTO booking_leg (booking_leg_id, booking_id, leg_id, seat_id, price) VALUES (55, 202, 295, 126, 1287.22);
INSERT INTO booking_leg (booking_leg_id, booking_id, leg_id, seat_id, price) VALUES (56, 267, 291, 189, 771.53);
INSERT INTO booking_leg (booking_leg_id, booking_id, leg_id, seat_id, price) VALUES (57, 467, 136, 36, 471.36);
INSERT INTO booking_leg (booking_leg_id, booking_id, leg_id, seat_id, price) VALUES (58, 213, 102, 10, 704.88);
INSERT INTO booking_leg (booking_leg_id, booking_id, leg_id, seat_id, price) VALUES (59, 165, 59, 190, 1484.23);
INSERT INTO booking_leg (booking_leg_id, booking_id, leg_id, seat_id, price) VALUES (60, 169, 270, 173, 1303.28);
INSERT INTO booking_leg (booking_leg_id, booking_id, leg_id, seat_id, price) VALUES (61, 234, 160, 150, 621.85);
INSERT INTO booking_leg (booking_leg_id, booking_id, leg_id, seat_id, price) VALUES (62, 225, 294, 139, 1432.41);
INSERT INTO booking_leg (booking_leg_id, booking_id, leg_id, seat_id, price) VALUES (63, 62, 92, 122, 1087.82);
INSERT INTO booking_leg (booking_leg_id, booking_id, leg_id, seat_id, price) VALUES (64, 390, 82, 49, 115.07);
INSERT INTO booking_leg (booking_leg_id, booking_id, leg_id, seat_id, price) VALUES (65, 234, 98, 185, 253.72);
INSERT INTO booking_leg (booking_leg_id, booking_id, leg_id, seat_id, price) VALUES (66, 178, 97, 105, 647.54);
INSERT INTO booking_leg (booking_leg_id, booking_id, leg_id, seat_id, price) VALUES (67, 99, 261, 196, 807.73);
INSERT INTO booking_leg (booking_leg_id, booking_id, leg_id, seat_id, price) VALUES (68, 173, 125, 26, 1495.27);
INSERT INTO booking_leg (booking_leg_id, booking_id, leg_id, seat_id, price) VALUES (69, 175, 79, 165, 864.26);
INSERT INTO booking_leg (booking_leg_id, booking_id, leg_id, seat_id, price) VALUES (70, 442, 108, 173, 858.12);
INSERT INTO booking_leg (booking_leg_id, booking_id, leg_id, seat_id, price) VALUES (71, 306, 79, 39, 1376.56);
INSERT INTO booking_leg (booking_leg_id, booking_id, leg_id, seat_id, price) VALUES (72, 261, 289, 74, 250.2);
INSERT INTO booking_leg (booking_leg_id, booking_id, leg_id, seat_id, price) VALUES (73, 461, 55, 175, 381.06);
INSERT INTO booking_leg (booking_leg_id, booking_id, leg_id, seat_id, price) VALUES (74, 135, 103, 137, 1340.98);
INSERT INTO booking_leg (booking_leg_id, booking_id, leg_id, seat_id, price) VALUES (75, 29, 37, 23, 1143.61);
INSERT INTO booking_leg (booking_leg_id, booking_id, leg_id, seat_id, price) VALUES (76, 379, 197, 53, 1014.73);
INSERT INTO booking_leg (booking_leg_id, booking_id, leg_id, seat_id, price) VALUES (77, 55, 61, 40, 1050.36);
INSERT INTO booking_leg (booking_leg_id, booking_id, leg_id, seat_id, price) VALUES (78, 139, 164, 158, 374.13);
INSERT INTO booking_leg (booking_leg_id, booking_id, leg_id, seat_id, price) VALUES (79, 111, 138, 29, 588.73);
INSERT INTO booking_leg (booking_leg_id, booking_id, leg_id, seat_id, price) VALUES (80, 406, 73, 59, 674.47);
INSERT INTO booking_leg (booking_leg_id, booking_id, leg_id, seat_id, price) VALUES (81, 28, 2, 194, 750.95);
INSERT INTO booking_leg (booking_leg_id, booking_id, leg_id, seat_id, price) VALUES (82, 454, 265, 89, 1151.0);
INSERT INTO booking_leg (booking_leg_id, booking_id, leg_id, seat_id, price) VALUES (83, 279, 234, 108, 377.02);
INSERT INTO booking_leg (booking_leg_id, booking_id, leg_id, seat_id, price) VALUES (84, 428, 272, 5, 540.49);
INSERT INTO booking_leg (booking_leg_id, booking_id, leg_id, seat_id, price) VALUES (85, 283, 241, 94, 1045.83);
INSERT INTO booking_leg (booking_leg_id, booking_id, leg_id, seat_id, price) VALUES (86, 168, 147, 177, 1367.31);
INSERT INTO booking_leg (booking_leg_id, booking_id, leg_id, seat_id, price) VALUES (87, 4, 114, 107, 1315.73);
INSERT INTO booking_leg (booking_leg_id, booking_id, leg_id, seat_id, price) VALUES (88, 288, 10, 125, 874.4);
INSERT INTO booking_leg (booking_leg_id, booking_id, leg_id, seat_id, price) VALUES (89, 269, 210, 60, 183.67);
INSERT INTO booking_leg (booking_leg_id, booking_id, leg_id, seat_id, price) VALUES (90, 43, 238, 15, 993.79);
INSERT INTO booking_leg (booking_leg_id, booking_id, leg_id, seat_id, price) VALUES (91, 463, 129, 2, 888.23);
INSERT INTO booking_leg (booking_leg_id, booking_id, leg_id, seat_id, price) VALUES (92, 291, 98, 77, 1288.82);
INSERT INTO booking_leg (booking_leg_id, booking_id, leg_id, seat_id, price) VALUES (93, 120, 91, 57, 313.07);
INSERT INTO booking_leg (booking_leg_id, booking_id, leg_id, seat_id, price) VALUES (94, 257, 134, 16, 1279.76);
INSERT INTO booking_leg (booking_leg_id, booking_id, leg_id, seat_id, price) VALUES (95, 460, 193, 44, 965.34);
INSERT INTO booking_leg (booking_leg_id, booking_id, leg_id, seat_id, price) VALUES (96, 187, 239, 131, 930.81);
INSERT INTO booking_leg (booking_leg_id, booking_id, leg_id, seat_id, price) VALUES (97, 435, 83, 184, 1195.21);
INSERT INTO booking_leg (booking_leg_id, booking_id, leg_id, seat_id, price) VALUES (98, 21, 244, 159, 525.02);
INSERT INTO booking_leg (booking_leg_id, booking_id, leg_id, seat_id, price) VALUES (99, 341, 278, 92, 417.27);
INSERT INTO booking_leg (booking_leg_id, booking_id, leg_id, seat_id, price) VALUES (100, 413, 195, 137, 268.54);
INSERT INTO booking_leg (booking_leg_id, booking_id, leg_id, seat_id, price) VALUES (101, 39, 32, 184, 1263.85);
INSERT INTO booking_leg (booking_leg_id, booking_id, leg_id, seat_id, price) VALUES (102, 336, 50, 138, 1090.01);
INSERT INTO booking_leg (booking_leg_id, booking_id, leg_id, seat_id, price) VALUES (103, 436, 133, 113, 809.53);
INSERT INTO booking_leg (booking_leg_id, booking_id, leg_id, seat_id, price) VALUES (104, 12, 72, 69, 987.43);
INSERT INTO booking_leg (booking_leg_id, booking_id, leg_id, seat_id, price) VALUES (105, 274, 40, 178, 276.42);
INSERT INTO booking_leg (booking_leg_id, booking_id, leg_id, seat_id, price) VALUES (106, 32, 97, 76, 982.94);
INSERT INTO booking_leg (booking_leg_id, booking_id, leg_id, seat_id, price) VALUES (107, 358, 165, 129, 597.11);
INSERT INTO booking_leg (booking_leg_id, booking_id, leg_id, seat_id, price) VALUES (108, 216, 258, 104, 609.61);
INSERT INTO booking_leg (booking_leg_id, booking_id, leg_id, seat_id, price) VALUES (109, 94, 136, 79, 100.05);
INSERT INTO booking_leg (booking_leg_id, booking_id, leg_id, seat_id, price) VALUES (110, 342, 72, 3, 476.57);
INSERT INTO booking_leg (booking_leg_id, booking_id, leg_id, seat_id, price) VALUES (111, 7, 265, 144, 1408.83);
INSERT INTO booking_leg (booking_leg_id, booking_id, leg_id, seat_id, price) VALUES (112, 165, 40, 62, 993.36);
INSERT INTO booking_leg (booking_leg_id, booking_id, leg_id, seat_id, price) VALUES (113, 354, 39, 104, 169.88);
INSERT INTO booking_leg (booking_leg_id, booking_id, leg_id, seat_id, price) VALUES (114, 314, 212, 24, 117.96);
INSERT INTO booking_leg (booking_leg_id, booking_id, leg_id, seat_id, price) VALUES (115, 79, 192, 190, 1432.0);
INSERT INTO booking_leg (booking_leg_id, booking_id, leg_id, seat_id, price) VALUES (116, 431, 215, 192, 819.0);
INSERT INTO booking_leg (booking_leg_id, booking_id, leg_id, seat_id, price) VALUES (117, 123, 268, 45, 1220.8);
INSERT INTO booking_leg (booking_leg_id, booking_id, leg_id, seat_id, price) VALUES (118, 146, 225, 115, 1317.02);
INSERT INTO booking_leg (booking_leg_id, booking_id, leg_id, seat_id, price) VALUES (119, 3, 266, 47, 725.93);
INSERT INTO booking_leg (booking_leg_id, booking_id, leg_id, seat_id, price) VALUES (120, 441, 165, 180, 371.27);
INSERT INTO booking_leg (booking_leg_id, booking_id, leg_id, seat_id, price) VALUES (121, 446, 263, 184, 1490.6);
INSERT INTO booking_leg (booking_leg_id, booking_id, leg_id, seat_id, price) VALUES (122, 64, 129, 173, 276.79);
INSERT INTO booking_leg (booking_leg_id, booking_id, leg_id, seat_id, price) VALUES (123, 399, 65, 84, 1253.88);
INSERT INTO booking_leg (booking_leg_id, booking_id, leg_id, seat_id, price) VALUES (124, 434, 274, 169, 1232.95);
INSERT INTO booking_leg (booking_leg_id, booking_id, leg_id, seat_id, price) VALUES (125, 37, 60, 20, 970.47);
INSERT INTO booking_leg (booking_leg_id, booking_id, leg_id, seat_id, price) VALUES (126, 115, 274, 87, 1122.46);
INSERT INTO booking_leg (booking_leg_id, booking_id, leg_id, seat_id, price) VALUES (127, 93, 298, 146, 1011.84);
INSERT INTO booking_leg (booking_leg_id, booking_id, leg_id, seat_id, price) VALUES (128, 387, 124, 33, 657.65);
INSERT INTO booking_leg (booking_leg_id, booking_id, leg_id, seat_id, price) VALUES (129, 283, 157, 153, 225.87);
INSERT INTO booking_leg (booking_leg_id, booking_id, leg_id, seat_id, price) VALUES (130, 379, 268, 115, 742.54);
INSERT INTO booking_leg (booking_leg_id, booking_id, leg_id, seat_id, price) VALUES (131, 362, 232, 16, 743.93);
INSERT INTO booking_leg (booking_leg_id, booking_id, leg_id, seat_id, price) VALUES (132, 401, 246, 27, 922.49);
INSERT INTO booking_leg (booking_leg_id, booking_id, leg_id, seat_id, price) VALUES (133, 370, 49, 188, 488.38);
INSERT INTO booking_leg (booking_leg_id, booking_id, leg_id, seat_id, price) VALUES (134, 453, 222, 50, 1265.52);
INSERT INTO booking_leg (booking_leg_id, booking_id, leg_id, seat_id, price) VALUES (135, 482, 62, 135, 281.3);
INSERT INTO booking_leg (booking_leg_id, booking_id, leg_id, seat_id, price) VALUES (136, 446, 19, 113, 566.94);
INSERT INTO booking_leg (booking_leg_id, booking_id, leg_id, seat_id, price) VALUES (137, 109, 45, 157, 855.79);
INSERT INTO booking_leg (booking_leg_id, booking_id, leg_id, seat_id, price) VALUES (138, 88, 233, 58, 257.73);
INSERT INTO booking_leg (booking_leg_id, booking_id, leg_id, seat_id, price) VALUES (139, 461, 289, 42, 783.29);
INSERT INTO booking_leg (booking_leg_id, booking_id, leg_id, seat_id, price) VALUES (140, 336, 201, 19, 1203.33);
INSERT INTO booking_leg (booking_leg_id, booking_id, leg_id, seat_id, price) VALUES (141, 456, 289, 20, 264.94);
INSERT INTO booking_leg (booking_leg_id, booking_id, leg_id, seat_id, price) VALUES (142, 58, 260, 151, 1114.47);
INSERT INTO booking_leg (booking_leg_id, booking_id, leg_id, seat_id, price) VALUES (143, 95, 280, 197, 1171.87);
INSERT INTO booking_leg (booking_leg_id, booking_id, leg_id, seat_id, price) VALUES (144, 120, 286, 37, 839.78);
INSERT INTO booking_leg (booking_leg_id, booking_id, leg_id, seat_id, price) VALUES (145, 398, 204, 78, 975.46);
INSERT INTO booking_leg (booking_leg_id, booking_id, leg_id, seat_id, price) VALUES (146, 141, 8, 60, 547.86);
INSERT INTO booking_leg (booking_leg_id, booking_id, leg_id, seat_id, price) VALUES (147, 164, 296, 107, 1184.11);
INSERT INTO booking_leg (booking_leg_id, booking_id, leg_id, seat_id, price) VALUES (148, 408, 98, 114, 1035.27);
INSERT INTO booking_leg (booking_leg_id, booking_id, leg_id, seat_id, price) VALUES (149, 260, 187, 60, 242.04);
INSERT INTO booking_leg (booking_leg_id, booking_id, leg_id, seat_id, price) VALUES (150, 173, 197, 171, 1031.23);
INSERT INTO booking_leg (booking_leg_id, booking_id, leg_id, seat_id, price) VALUES (151, 47, 56, 23, 1208.02);
INSERT INTO booking_leg (booking_leg_id, booking_id, leg_id, seat_id, price) VALUES (152, 200, 169, 42, 1238.05);
INSERT INTO booking_leg (booking_leg_id, booking_id, leg_id, seat_id, price) VALUES (153, 287, 59, 26, 1401.76);
INSERT INTO booking_leg (booking_leg_id, booking_id, leg_id, seat_id, price) VALUES (154, 236, 65, 184, 165.39);
INSERT INTO booking_leg (booking_leg_id, booking_id, leg_id, seat_id, price) VALUES (155, 101, 142, 181, 480.67);
INSERT INTO booking_leg (booking_leg_id, booking_id, leg_id, seat_id, price) VALUES (156, 86, 143, 46, 320.25);
INSERT INTO booking_leg (booking_leg_id, booking_id, leg_id, seat_id, price) VALUES (157, 249, 108, 116, 1472.38);
INSERT INTO booking_leg (booking_leg_id, booking_id, leg_id, seat_id, price) VALUES (158, 461, 116, 129, 1149.46);
INSERT INTO booking_leg (booking_leg_id, booking_id, leg_id, seat_id, price) VALUES (159, 365, 56, 171, 1175.13);
INSERT INTO booking_leg (booking_leg_id, booking_id, leg_id, seat_id, price) VALUES (160, 431, 194, 29, 365.25);
INSERT INTO booking_leg (booking_leg_id, booking_id, leg_id, seat_id, price) VALUES (161, 85, 252, 139, 199.62);
INSERT INTO booking_leg (booking_leg_id, booking_id, leg_id, seat_id, price) VALUES (162, 63, 171, 90, 1254.03);
INSERT INTO booking_leg (booking_leg_id, booking_id, leg_id, seat_id, price) VALUES (163, 68, 109, 53, 1494.62);
INSERT INTO booking_leg (booking_leg_id, booking_id, leg_id, seat_id, price) VALUES (164, 3, 262, 158, 1180.52);
INSERT INTO booking_leg (booking_leg_id, booking_id, leg_id, seat_id, price) VALUES (165, 386, 198, 90, 536.22);
INSERT INTO booking_leg (booking_leg_id, booking_id, leg_id, seat_id, price) VALUES (166, 334, 153, 139, 1497.05);
INSERT INTO booking_leg (booking_leg_id, booking_id, leg_id, seat_id, price) VALUES (167, 115, 284, 93, 850.77);
INSERT INTO booking_leg (booking_leg_id, booking_id, leg_id, seat_id, price) VALUES (168, 314, 239, 107, 878.15);
INSERT INTO booking_leg (booking_leg_id, booking_id, leg_id, seat_id, price) VALUES (169, 82, 216, 155, 560.17);
INSERT INTO booking_leg (booking_leg_id, booking_id, leg_id, seat_id, price) VALUES (170, 351, 9, 135, 1040.67);
INSERT INTO booking_leg (booking_leg_id, booking_id, leg_id, seat_id, price) VALUES (171, 427, 247, 69, 307.84);
INSERT INTO booking_leg (booking_leg_id, booking_id, leg_id, seat_id, price) VALUES (172, 154, 84, 63, 159.42);
INSERT INTO booking_leg (booking_leg_id, booking_id, leg_id, seat_id, price) VALUES (173, 257, 166, 70, 704.09);
INSERT INTO booking_leg (booking_leg_id, booking_id, leg_id, seat_id, price) VALUES (174, 430, 42, 31, 1431.83);
INSERT INTO booking_leg (booking_leg_id, booking_id, leg_id, seat_id, price) VALUES (175, 201, 5, 196, 182.98);
INSERT INTO booking_leg (booking_leg_id, booking_id, leg_id, seat_id, price) VALUES (176, 218, 62, 70, 494.55);
INSERT INTO booking_leg (booking_leg_id, booking_id, leg_id, seat_id, price) VALUES (177, 111, 290, 182, 531.78);
INSERT INTO booking_leg (booking_leg_id, booking_id, leg_id, seat_id, price) VALUES (178, 153, 234, 191, 401.21);
INSERT INTO booking_leg (booking_leg_id, booking_id, leg_id, seat_id, price) VALUES (179, 185, 60, 16, 1150.32);
INSERT INTO booking_leg (booking_leg_id, booking_id, leg_id, seat_id, price) VALUES (180, 375, 11, 154, 562.48);
INSERT INTO booking_leg (booking_leg_id, booking_id, leg_id, seat_id, price) VALUES (181, 136, 106, 51, 970.46);
INSERT INTO booking_leg (booking_leg_id, booking_id, leg_id, seat_id, price) VALUES (182, 62, 57, 142, 558.04);
INSERT INTO booking_leg (booking_leg_id, booking_id, leg_id, seat_id, price) VALUES (183, 36, 211, 162, 910.76);
INSERT INTO booking_leg (booking_leg_id, booking_id, leg_id, seat_id, price) VALUES (184, 20, 214, 47, 364.49);
INSERT INTO booking_leg (booking_leg_id, booking_id, leg_id, seat_id, price) VALUES (185, 496, 239, 4, 698.11);
INSERT INTO booking_leg (booking_leg_id, booking_id, leg_id, seat_id, price) VALUES (186, 321, 129, 109, 1227.52);
INSERT INTO booking_leg (booking_leg_id, booking_id, leg_id, seat_id, price) VALUES (187, 31, 91, 126, 266.86);
INSERT INTO booking_leg (booking_leg_id, booking_id, leg_id, seat_id, price) VALUES (188, 106, 129, 84, 789.95);
INSERT INTO booking_leg (booking_leg_id, booking_id, leg_id, seat_id, price) VALUES (189, 256, 147, 31, 613.19);
INSERT INTO booking_leg (booking_leg_id, booking_id, leg_id, seat_id, price) VALUES (190, 327, 276, 103, 689.55);
INSERT INTO booking_leg (booking_leg_id, booking_id, leg_id, seat_id, price) VALUES (191, 412, 217, 124, 1087.43);
INSERT INTO booking_leg (booking_leg_id, booking_id, leg_id, seat_id, price) VALUES (192, 372, 271, 144, 399.3);
INSERT INTO booking_leg (booking_leg_id, booking_id, leg_id, seat_id, price) VALUES (193, 263, 204, 162, 892.57);
INSERT INTO booking_leg (booking_leg_id, booking_id, leg_id, seat_id, price) VALUES (194, 261, 107, 163, 449.91);
INSERT INTO booking_leg (booking_leg_id, booking_id, leg_id, seat_id, price) VALUES (195, 467, 241, 77, 482.04);
INSERT INTO booking_leg (booking_leg_id, booking_id, leg_id, seat_id, price) VALUES (196, 412, 73, 92, 934.01);
INSERT INTO booking_leg (booking_leg_id, booking_id, leg_id, seat_id, price) VALUES (197, 132, 226, 110, 554.24);
INSERT INTO booking_leg (booking_leg_id, booking_id, leg_id, seat_id, price) VALUES (198, 206, 275, 78, 1056.13);
INSERT INTO booking_leg (booking_leg_id, booking_id, leg_id, seat_id, price) VALUES (199, 309, 265, 100, 719.68);
INSERT INTO booking_leg (booking_leg_id, booking_id, leg_id, seat_id, price) VALUES (200, 62, 117, 150, 802.17);
INSERT INTO booking_leg (booking_leg_id, booking_id, leg_id, seat_id, price) VALUES (201, 343, 53, 141, 781.47);
INSERT INTO booking_leg (booking_leg_id, booking_id, leg_id, seat_id, price) VALUES (202, 316, 73, 53, 877.0);
INSERT INTO booking_leg (booking_leg_id, booking_id, leg_id, seat_id, price) VALUES (203, 461, 164, 23, 982.05);
INSERT INTO booking_leg (booking_leg_id, booking_id, leg_id, seat_id, price) VALUES (204, 424, 176, 196, 1426.62);
INSERT INTO booking_leg (booking_leg_id, booking_id, leg_id, seat_id, price) VALUES (205, 3, 96, 40, 734.88);
INSERT INTO booking_leg (booking_leg_id, booking_id, leg_id, seat_id, price) VALUES (206, 66, 146, 68, 589.64);
INSERT INTO booking_leg (booking_leg_id, booking_id, leg_id, seat_id, price) VALUES (207, 184, 118, 94, 1007.92);
INSERT INTO booking_leg (booking_leg_id, booking_id, leg_id, seat_id, price) VALUES (208, 141, 183, 5, 1239.05);
INSERT INTO booking_leg (booking_leg_id, booking_id, leg_id, seat_id, price) VALUES (209, 65, 292, 58, 100.68);
INSERT INTO booking_leg (booking_leg_id, booking_id, leg_id, seat_id, price) VALUES (210, 17, 191, 85, 1427.5);
INSERT INTO booking_leg (booking_leg_id, booking_id, leg_id, seat_id, price) VALUES (211, 256, 42, 64, 749.26);
INSERT INTO booking_leg (booking_leg_id, booking_id, leg_id, seat_id, price) VALUES (212, 390, 284, 178, 277.63);
INSERT INTO booking_leg (booking_leg_id, booking_id, leg_id, seat_id, price) VALUES (213, 159, 172, 127, 1300.15);
INSERT INTO booking_leg (booking_leg_id, booking_id, leg_id, seat_id, price) VALUES (214, 227, 110, 117, 700.49);
INSERT INTO booking_leg (booking_leg_id, booking_id, leg_id, seat_id, price) VALUES (215, 45, 72, 101, 568.68);
INSERT INTO booking_leg (booking_leg_id, booking_id, leg_id, seat_id, price) VALUES (216, 404, 18, 16, 1037.7);
INSERT INTO booking_leg (booking_leg_id, booking_id, leg_id, seat_id, price) VALUES (217, 296, 52, 46, 122.62);
INSERT INTO booking_leg (booking_leg_id, booking_id, leg_id, seat_id, price) VALUES (218, 81, 257, 113, 485.84);
INSERT INTO booking_leg (booking_leg_id, booking_id, leg_id, seat_id, price) VALUES (219, 101, 216, 133, 1268.37);
INSERT INTO booking_leg (booking_leg_id, booking_id, leg_id, seat_id, price) VALUES (220, 231, 78, 12, 890.32);
INSERT INTO booking_leg (booking_leg_id, booking_id, leg_id, seat_id, price) VALUES (221, 456, 175, 143, 802.25);
INSERT INTO booking_leg (booking_leg_id, booking_id, leg_id, seat_id, price) VALUES (222, 116, 207, 166, 1380.56);
INSERT INTO booking_leg (booking_leg_id, booking_id, leg_id, seat_id, price) VALUES (223, 10, 288, 64, 937.9);
INSERT INTO booking_leg (booking_leg_id, booking_id, leg_id, seat_id, price) VALUES (224, 292, 233, 58, 115.9);
INSERT INTO booking_leg (booking_leg_id, booking_id, leg_id, seat_id, price) VALUES (225, 219, 32, 106, 1164.79);
INSERT INTO booking_leg (booking_leg_id, booking_id, leg_id, seat_id, price) VALUES (226, 321, 266, 195, 214.68);
INSERT INTO booking_leg (booking_leg_id, booking_id, leg_id, seat_id, price) VALUES (227, 488, 243, 145, 1037.66);
INSERT INTO booking_leg (booking_leg_id, booking_id, leg_id, seat_id, price) VALUES (228, 320, 177, 25, 1452.47);
INSERT INTO booking_leg (booking_leg_id, booking_id, leg_id, seat_id, price) VALUES (229, 393, 29, 87, 196.67);
INSERT INTO booking_leg (booking_leg_id, booking_id, leg_id, seat_id, price) VALUES (230, 420, 233, 190, 740.83);
INSERT INTO booking_leg (booking_leg_id, booking_id, leg_id, seat_id, price) VALUES (231, 42, 237, 123, 1350.1);
INSERT INTO booking_leg (booking_leg_id, booking_id, leg_id, seat_id, price) VALUES (232, 20, 131, 42, 576.83);
INSERT INTO booking_leg (booking_leg_id, booking_id, leg_id, seat_id, price) VALUES (233, 223, 118, 14, 117.5);
INSERT INTO booking_leg (booking_leg_id, booking_id, leg_id, seat_id, price) VALUES (234, 1, 44, 54, 230.14);
INSERT INTO booking_leg (booking_leg_id, booking_id, leg_id, seat_id, price) VALUES (235, 407, 13, 61, 1380.13);
INSERT INTO booking_leg (booking_leg_id, booking_id, leg_id, seat_id, price) VALUES (236, 465, 133, 200, 194.81);
INSERT INTO booking_leg (booking_leg_id, booking_id, leg_id, seat_id, price) VALUES (237, 3, 72, 44, 328.42);
INSERT INTO booking_leg (booking_leg_id, booking_id, leg_id, seat_id, price) VALUES (238, 493, 275, 13, 164.89);
INSERT INTO booking_leg (booking_leg_id, booking_id, leg_id, seat_id, price) VALUES (239, 130, 258, 92, 301.47);
INSERT INTO booking_leg (booking_leg_id, booking_id, leg_id, seat_id, price) VALUES (240, 338, 211, 175, 1063.02);
INSERT INTO booking_leg (booking_leg_id, booking_id, leg_id, seat_id, price) VALUES (241, 148, 46, 138, 878.72);
INSERT INTO booking_leg (booking_leg_id, booking_id, leg_id, seat_id, price) VALUES (242, 274, 45, 14, 700.27);
INSERT INTO booking_leg (booking_leg_id, booking_id, leg_id, seat_id, price) VALUES (243, 424, 177, 72, 925.33);
INSERT INTO booking_leg (booking_leg_id, booking_id, leg_id, seat_id, price) VALUES (244, 56, 181, 136, 361.49);
INSERT INTO booking_leg (booking_leg_id, booking_id, leg_id, seat_id, price) VALUES (245, 252, 294, 55, 1078.41);
INSERT INTO booking_leg (booking_leg_id, booking_id, leg_id, seat_id, price) VALUES (246, 458, 148, 175, 907.53);
INSERT INTO booking_leg (booking_leg_id, booking_id, leg_id, seat_id, price) VALUES (247, 336, 73, 151, 1176.82);
INSERT INTO booking_leg (booking_leg_id, booking_id, leg_id, seat_id, price) VALUES (248, 226, 189, 119, 1357.37);
INSERT INTO booking_leg (booking_leg_id, booking_id, leg_id, seat_id, price) VALUES (249, 103, 196, 33, 601.42);
INSERT INTO booking_leg (booking_leg_id, booking_id, leg_id, seat_id, price) VALUES (250, 142, 103, 198, 415.92);
INSERT INTO booking_leg (booking_leg_id, booking_id, leg_id, seat_id, price) VALUES (251, 421, 11, 67, 482.17);
INSERT INTO booking_leg (booking_leg_id, booking_id, leg_id, seat_id, price) VALUES (252, 216, 139, 135, 1139.77);
INSERT INTO booking_leg (booking_leg_id, booking_id, leg_id, seat_id, price) VALUES (253, 171, 196, 161, 903.0);
INSERT INTO booking_leg (booking_leg_id, booking_id, leg_id, seat_id, price) VALUES (254, 323, 208, 114, 205.28);
INSERT INTO booking_leg (booking_leg_id, booking_id, leg_id, seat_id, price) VALUES (255, 160, 23, 161, 1470.5);
INSERT INTO booking_leg (booking_leg_id, booking_id, leg_id, seat_id, price) VALUES (256, 122, 106, 67, 1182.16);
INSERT INTO booking_leg (booking_leg_id, booking_id, leg_id, seat_id, price) VALUES (257, 460, 68, 166, 991.38);
INSERT INTO booking_leg (booking_leg_id, booking_id, leg_id, seat_id, price) VALUES (258, 145, 203, 41, 872.38);
INSERT INTO booking_leg (booking_leg_id, booking_id, leg_id, seat_id, price) VALUES (259, 275, 67, 150, 683.82);
INSERT INTO booking_leg (booking_leg_id, booking_id, leg_id, seat_id, price) VALUES (260, 394, 274, 129, 329.5);
INSERT INTO booking_leg (booking_leg_id, booking_id, leg_id, seat_id, price) VALUES (261, 397, 152, 53, 798.52);
INSERT INTO booking_leg (booking_leg_id, booking_id, leg_id, seat_id, price) VALUES (262, 311, 249, 159, 975.81);
INSERT INTO booking_leg (booking_leg_id, booking_id, leg_id, seat_id, price) VALUES (263, 42, 223, 95, 414.53);
INSERT INTO booking_leg (booking_leg_id, booking_id, leg_id, seat_id, price) VALUES (264, 40, 76, 64, 1300.97);
INSERT INTO booking_leg (booking_leg_id, booking_id, leg_id, seat_id, price) VALUES (265, 191, 138, 99, 722.31);
INSERT INTO booking_leg (booking_leg_id, booking_id, leg_id, seat_id, price) VALUES (266, 264, 128, 76, 317.36);
INSERT INTO booking_leg (booking_leg_id, booking_id, leg_id, seat_id, price) VALUES (267, 170, 189, 45, 1350.84);
INSERT INTO booking_leg (booking_leg_id, booking_id, leg_id, seat_id, price) VALUES (268, 113, 58, 173, 1280.29);
INSERT INTO booking_leg (booking_leg_id, booking_id, leg_id, seat_id, price) VALUES (269, 270, 109, 31, 320.42);
INSERT INTO booking_leg (booking_leg_id, booking_id, leg_id, seat_id, price) VALUES (270, 160, 132, 108, 284.3);
INSERT INTO booking_leg (booking_leg_id, booking_id, leg_id, seat_id, price) VALUES (271, 486, 186, 113, 888.55);
INSERT INTO booking_leg (booking_leg_id, booking_id, leg_id, seat_id, price) VALUES (272, 314, 23, 189, 632.74);
INSERT INTO booking_leg (booking_leg_id, booking_id, leg_id, seat_id, price) VALUES (273, 336, 45, 58, 633.48);
INSERT INTO booking_leg (booking_leg_id, booking_id, leg_id, seat_id, price) VALUES (274, 455, 3, 190, 1407.11);
INSERT INTO booking_leg (booking_leg_id, booking_id, leg_id, seat_id, price) VALUES (275, 227, 163, 180, 1060.51);
INSERT INTO booking_leg (booking_leg_id, booking_id, leg_id, seat_id, price) VALUES (276, 69, 220, 179, 462.72);
INSERT INTO booking_leg (booking_leg_id, booking_id, leg_id, seat_id, price) VALUES (277, 214, 101, 167, 1334.21);
INSERT INTO booking_leg (booking_leg_id, booking_id, leg_id, seat_id, price) VALUES (278, 444, 84, 33, 856.96);
INSERT INTO booking_leg (booking_leg_id, booking_id, leg_id, seat_id, price) VALUES (279, 287, 144, 143, 1183.89);
INSERT INTO booking_leg (booking_leg_id, booking_id, leg_id, seat_id, price) VALUES (280, 162, 25, 146, 1071.75);
INSERT INTO booking_leg (booking_leg_id, booking_id, leg_id, seat_id, price) VALUES (281, 126, 272, 36, 964.93);
INSERT INTO booking_leg (booking_leg_id, booking_id, leg_id, seat_id, price) VALUES (282, 328, 177, 115, 481.59);
INSERT INTO booking_leg (booking_leg_id, booking_id, leg_id, seat_id, price) VALUES (283, 138, 144, 148, 1167.67);
INSERT INTO booking_leg (booking_leg_id, booking_id, leg_id, seat_id, price) VALUES (284, 183, 20, 145, 1390.77);
INSERT INTO booking_leg (booking_leg_id, booking_id, leg_id, seat_id, price) VALUES (285, 206, 12, 4, 1110.61);
INSERT INTO booking_leg (booking_leg_id, booking_id, leg_id, seat_id, price) VALUES (286, 232, 276, 162, 1440.66);
INSERT INTO booking_leg (booking_leg_id, booking_id, leg_id, seat_id, price) VALUES (287, 242, 213, 153, 662.38);
INSERT INTO booking_leg (booking_leg_id, booking_id, leg_id, seat_id, price) VALUES (288, 423, 81, 39, 484.14);
INSERT INTO booking_leg (booking_leg_id, booking_id, leg_id, seat_id, price) VALUES (289, 5, 292, 41, 264.14);
INSERT INTO booking_leg (booking_leg_id, booking_id, leg_id, seat_id, price) VALUES (290, 438, 81, 195, 643.93);
INSERT INTO booking_leg (booking_leg_id, booking_id, leg_id, seat_id, price) VALUES (291, 262, 183, 81, 219.95);
INSERT INTO booking_leg (booking_leg_id, booking_id, leg_id, seat_id, price) VALUES (292, 203, 20, 51, 251.82);
INSERT INTO booking_leg (booking_leg_id, booking_id, leg_id, seat_id, price) VALUES (293, 41, 133, 137, 1268.2);
INSERT INTO booking_leg (booking_leg_id, booking_id, leg_id, seat_id, price) VALUES (294, 196, 181, 119, 687.42);
INSERT INTO booking_leg (booking_leg_id, booking_id, leg_id, seat_id, price) VALUES (295, 208, 38, 57, 509.7);
INSERT INTO booking_leg (booking_leg_id, booking_id, leg_id, seat_id, price) VALUES (296, 482, 201, 174, 822.11);
INSERT INTO booking_leg (booking_leg_id, booking_id, leg_id, seat_id, price) VALUES (297, 306, 127, 125, 665.17);
INSERT INTO booking_leg (booking_leg_id, booking_id, leg_id, seat_id, price) VALUES (298, 143, 86, 69, 386.45);
INSERT INTO booking_leg (booking_leg_id, booking_id, leg_id, seat_id, price) VALUES (299, 492, 13, 142, 1294.08);
INSERT INTO booking_leg (booking_leg_id, booking_id, leg_id, seat_id, price) VALUES (300, 135, 253, 128, 388.94);
INSERT INTO booking_leg (booking_leg_id, booking_id, leg_id, seat_id, price) VALUES (301, 221, 181, 159, 473.86);
INSERT INTO booking_leg (booking_leg_id, booking_id, leg_id, seat_id, price) VALUES (302, 482, 172, 126, 1427.3);
INSERT INTO booking_leg (booking_leg_id, booking_id, leg_id, seat_id, price) VALUES (303, 441, 124, 58, 294.39);
INSERT INTO booking_leg (booking_leg_id, booking_id, leg_id, seat_id, price) VALUES (304, 462, 279, 2, 578.05);
INSERT INTO booking_leg (booking_leg_id, booking_id, leg_id, seat_id, price) VALUES (305, 457, 262, 48, 576.22);
INSERT INTO booking_leg (booking_leg_id, booking_id, leg_id, seat_id, price) VALUES (306, 350, 64, 81, 1375.68);
INSERT INTO booking_leg (booking_leg_id, booking_id, leg_id, seat_id, price) VALUES (307, 389, 168, 44, 1318.42);
INSERT INTO booking_leg (booking_leg_id, booking_id, leg_id, seat_id, price) VALUES (308, 497, 254, 78, 1111.13);
INSERT INTO booking_leg (booking_leg_id, booking_id, leg_id, seat_id, price) VALUES (309, 186, 47, 25, 1184.61);
INSERT INTO booking_leg (booking_leg_id, booking_id, leg_id, seat_id, price) VALUES (310, 266, 273, 77, 1373.04);
INSERT INTO booking_leg (booking_leg_id, booking_id, leg_id, seat_id, price) VALUES (311, 238, 136, 110, 931.59);
INSERT INTO booking_leg (booking_leg_id, booking_id, leg_id, seat_id, price) VALUES (312, 433, 62, 143, 953.51);
INSERT INTO booking_leg (booking_leg_id, booking_id, leg_id, seat_id, price) VALUES (313, 209, 191, 101, 1356.49);
INSERT INTO booking_leg (booking_leg_id, booking_id, leg_id, seat_id, price) VALUES (314, 383, 114, 186, 1035.23);
INSERT INTO booking_leg (booking_leg_id, booking_id, leg_id, seat_id, price) VALUES (315, 246, 284, 96, 242.08);
INSERT INTO booking_leg (booking_leg_id, booking_id, leg_id, seat_id, price) VALUES (316, 31, 111, 31, 1454.99);
INSERT INTO booking_leg (booking_leg_id, booking_id, leg_id, seat_id, price) VALUES (317, 436, 8, 71, 1356.03);
INSERT INTO booking_leg (booking_leg_id, booking_id, leg_id, seat_id, price) VALUES (318, 21, 46, 142, 1173.39);
INSERT INTO booking_leg (booking_leg_id, booking_id, leg_id, seat_id, price) VALUES (319, 202, 157, 11, 1002.43);
INSERT INTO booking_leg (booking_leg_id, booking_id, leg_id, seat_id, price) VALUES (320, 173, 74, 106, 1495.63);
INSERT INTO booking_leg (booking_leg_id, booking_id, leg_id, seat_id, price) VALUES (321, 248, 202, 91, 1243.65);
INSERT INTO booking_leg (booking_leg_id, booking_id, leg_id, seat_id, price) VALUES (322, 62, 58, 155, 1415.51);
INSERT INTO booking_leg (booking_leg_id, booking_id, leg_id, seat_id, price) VALUES (323, 194, 8, 83, 129.53);
INSERT INTO booking_leg (booking_leg_id, booking_id, leg_id, seat_id, price) VALUES (324, 340, 240, 142, 1471.22);
INSERT INTO booking_leg (booking_leg_id, booking_id, leg_id, seat_id, price) VALUES (325, 67, 78, 109, 1312.24);
INSERT INTO booking_leg (booking_leg_id, booking_id, leg_id, seat_id, price) VALUES (326, 134, 200, 42, 1447.53);
INSERT INTO booking_leg (booking_leg_id, booking_id, leg_id, seat_id, price) VALUES (327, 374, 45, 38, 621.66);
INSERT INTO booking_leg (booking_leg_id, booking_id, leg_id, seat_id, price) VALUES (328, 184, 293, 18, 541.56);
INSERT INTO booking_leg (booking_leg_id, booking_id, leg_id, seat_id, price) VALUES (329, 36, 59, 118, 759.26);
INSERT INTO booking_leg (booking_leg_id, booking_id, leg_id, seat_id, price) VALUES (330, 130, 52, 182, 639.38);
INSERT INTO booking_leg (booking_leg_id, booking_id, leg_id, seat_id, price) VALUES (331, 105, 186, 33, 971.51);
INSERT INTO booking_leg (booking_leg_id, booking_id, leg_id, seat_id, price) VALUES (332, 412, 211, 34, 371.52);
INSERT INTO booking_leg (booking_leg_id, booking_id, leg_id, seat_id, price) VALUES (333, 440, 146, 52, 467.36);
INSERT INTO booking_leg (booking_leg_id, booking_id, leg_id, seat_id, price) VALUES (334, 184, 141, 198, 1435.74);
INSERT INTO booking_leg (booking_leg_id, booking_id, leg_id, seat_id, price) VALUES (335, 313, 76, 83, 1243.16);
INSERT INTO booking_leg (booking_leg_id, booking_id, leg_id, seat_id, price) VALUES (336, 136, 18, 22, 158.47);
INSERT INTO booking_leg (booking_leg_id, booking_id, leg_id, seat_id, price) VALUES (337, 251, 95, 81, 209.13);
INSERT INTO booking_leg (booking_leg_id, booking_id, leg_id, seat_id, price) VALUES (338, 184, 190, 28, 349.86);
INSERT INTO booking_leg (booking_leg_id, booking_id, leg_id, seat_id, price) VALUES (339, 43, 265, 191, 1375.84);
INSERT INTO booking_leg (booking_leg_id, booking_id, leg_id, seat_id, price) VALUES (340, 257, 228, 92, 1241.23);
INSERT INTO booking_leg (booking_leg_id, booking_id, leg_id, seat_id, price) VALUES (341, 470, 274, 1, 796.78);
INSERT INTO booking_leg (booking_leg_id, booking_id, leg_id, seat_id, price) VALUES (342, 141, 92, 80, 1365.87);
INSERT INTO booking_leg (booking_leg_id, booking_id, leg_id, seat_id, price) VALUES (343, 48, 86, 107, 117.26);
INSERT INTO booking_leg (booking_leg_id, booking_id, leg_id, seat_id, price) VALUES (344, 158, 285, 112, 1029.06);
INSERT INTO booking_leg (booking_leg_id, booking_id, leg_id, seat_id, price) VALUES (345, 446, 17, 127, 774.77);
INSERT INTO booking_leg (booking_leg_id, booking_id, leg_id, seat_id, price) VALUES (346, 68, 39, 99, 1026.56);
INSERT INTO booking_leg (booking_leg_id, booking_id, leg_id, seat_id, price) VALUES (347, 297, 67, 67, 445.42);
INSERT INTO booking_leg (booking_leg_id, booking_id, leg_id, seat_id, price) VALUES (348, 313, 152, 173, 808.34);
INSERT INTO booking_leg (booking_leg_id, booking_id, leg_id, seat_id, price) VALUES (349, 98, 290, 136, 1035.13);
INSERT INTO booking_leg (booking_leg_id, booking_id, leg_id, seat_id, price) VALUES (350, 381, 259, 96, 1364.1);
INSERT INTO booking_leg (booking_leg_id, booking_id, leg_id, seat_id, price) VALUES (351, 147, 14, 54, 835.17);
INSERT INTO booking_leg (booking_leg_id, booking_id, leg_id, seat_id, price) VALUES (352, 269, 294, 48, 1245.63);
INSERT INTO booking_leg (booking_leg_id, booking_id, leg_id, seat_id, price) VALUES (353, 387, 208, 153, 1074.14);
INSERT INTO booking_leg (booking_leg_id, booking_id, leg_id, seat_id, price) VALUES (354, 214, 53, 114, 496.07);
INSERT INTO booking_leg (booking_leg_id, booking_id, leg_id, seat_id, price) VALUES (355, 161, 197, 113, 649.17);
INSERT INTO booking_leg (booking_leg_id, booking_id, leg_id, seat_id, price) VALUES (356, 7, 270, 107, 918.58);
INSERT INTO booking_leg (booking_leg_id, booking_id, leg_id, seat_id, price) VALUES (357, 104, 18, 34, 304.27);
INSERT INTO booking_leg (booking_leg_id, booking_id, leg_id, seat_id, price) VALUES (358, 259, 157, 70, 695.59);
INSERT INTO booking_leg (booking_leg_id, booking_id, leg_id, seat_id, price) VALUES (359, 113, 251, 118, 142.07);
INSERT INTO booking_leg (booking_leg_id, booking_id, leg_id, seat_id, price) VALUES (360, 88, 82, 17, 1157.33);
INSERT INTO booking_leg (booking_leg_id, booking_id, leg_id, seat_id, price) VALUES (361, 129, 296, 11, 988.2);
INSERT INTO booking_leg (booking_leg_id, booking_id, leg_id, seat_id, price) VALUES (362, 307, 202, 26, 607.75);
INSERT INTO booking_leg (booking_leg_id, booking_id, leg_id, seat_id, price) VALUES (363, 300, 66, 198, 312.37);
INSERT INTO booking_leg (booking_leg_id, booking_id, leg_id, seat_id, price) VALUES (364, 20, 163, 154, 435.17);
INSERT INTO booking_leg (booking_leg_id, booking_id, leg_id, seat_id, price) VALUES (365, 247, 122, 152, 291.44);
INSERT INTO booking_leg (booking_leg_id, booking_id, leg_id, seat_id, price) VALUES (366, 8, 181, 195, 779.75);
INSERT INTO booking_leg (booking_leg_id, booking_id, leg_id, seat_id, price) VALUES (367, 436, 176, 158, 434.98);
INSERT INTO booking_leg (booking_leg_id, booking_id, leg_id, seat_id, price) VALUES (368, 262, 113, 129, 420.49);
INSERT INTO booking_leg (booking_leg_id, booking_id, leg_id, seat_id, price) VALUES (369, 201, 33, 20, 702.4);
INSERT INTO booking_leg (booking_leg_id, booking_id, leg_id, seat_id, price) VALUES (370, 85, 274, 186, 238.28);
INSERT INTO booking_leg (booking_leg_id, booking_id, leg_id, seat_id, price) VALUES (371, 98, 54, 166, 600.29);
INSERT INTO booking_leg (booking_leg_id, booking_id, leg_id, seat_id, price) VALUES (372, 344, 194, 57, 216.48);
INSERT INTO booking_leg (booking_leg_id, booking_id, leg_id, seat_id, price) VALUES (373, 100, 53, 14, 1057.31);
INSERT INTO booking_leg (booking_leg_id, booking_id, leg_id, seat_id, price) VALUES (374, 16, 289, 13, 1139.71);
INSERT INTO booking_leg (booking_leg_id, booking_id, leg_id, seat_id, price) VALUES (375, 431, 286, 91, 730.05);
INSERT INTO booking_leg (booking_leg_id, booking_id, leg_id, seat_id, price) VALUES (376, 359, 131, 166, 580.45);
INSERT INTO booking_leg (booking_leg_id, booking_id, leg_id, seat_id, price) VALUES (377, 195, 106, 52, 585.58);
INSERT INTO booking_leg (booking_leg_id, booking_id, leg_id, seat_id, price) VALUES (378, 116, 127, 29, 768.06);
INSERT INTO booking_leg (booking_leg_id, booking_id, leg_id, seat_id, price) VALUES (379, 352, 140, 90, 226.33);
INSERT INTO booking_leg (booking_leg_id, booking_id, leg_id, seat_id, price) VALUES (380, 490, 195, 78, 1107.25);
INSERT INTO booking_leg (booking_leg_id, booking_id, leg_id, seat_id, price) VALUES (381, 291, 285, 55, 938.56);
INSERT INTO booking_leg (booking_leg_id, booking_id, leg_id, seat_id, price) VALUES (382, 344, 202, 137, 876.39);
INSERT INTO booking_leg (booking_leg_id, booking_id, leg_id, seat_id, price) VALUES (383, 280, 156, 109, 678.42);
INSERT INTO booking_leg (booking_leg_id, booking_id, leg_id, seat_id, price) VALUES (384, 397, 205, 191, 370.1);
INSERT INTO booking_leg (booking_leg_id, booking_id, leg_id, seat_id, price) VALUES (385, 107, 70, 99, 309.1);
INSERT INTO booking_leg (booking_leg_id, booking_id, leg_id, seat_id, price) VALUES (386, 238, 203, 93, 148.37);
INSERT INTO booking_leg (booking_leg_id, booking_id, leg_id, seat_id, price) VALUES (387, 147, 131, 29, 812.07);
INSERT INTO booking_leg (booking_leg_id, booking_id, leg_id, seat_id, price) VALUES (388, 307, 134, 74, 563.15);
INSERT INTO booking_leg (booking_leg_id, booking_id, leg_id, seat_id, price) VALUES (389, 283, 130, 38, 1352.7);
INSERT INTO booking_leg (booking_leg_id, booking_id, leg_id, seat_id, price) VALUES (390, 263, 24, 163, 1347.89);
INSERT INTO booking_leg (booking_leg_id, booking_id, leg_id, seat_id, price) VALUES (391, 330, 154, 198, 1351.64);
INSERT INTO booking_leg (booking_leg_id, booking_id, leg_id, seat_id, price) VALUES (392, 435, 49, 54, 536.15);
INSERT INTO booking_leg (booking_leg_id, booking_id, leg_id, seat_id, price) VALUES (393, 484, 16, 74, 1036.5);
INSERT INTO booking_leg (booking_leg_id, booking_id, leg_id, seat_id, price) VALUES (394, 42, 261, 156, 1257.14);
INSERT INTO booking_leg (booking_leg_id, booking_id, leg_id, seat_id, price) VALUES (395, 15, 73, 12, 1332.68);
INSERT INTO booking_leg (booking_leg_id, booking_id, leg_id, seat_id, price) VALUES (396, 188, 126, 53, 130.01);
INSERT INTO booking_leg (booking_leg_id, booking_id, leg_id, seat_id, price) VALUES (397, 288, 77, 142, 288.06);
INSERT INTO booking_leg (booking_leg_id, booking_id, leg_id, seat_id, price) VALUES (398, 382, 297, 17, 1013.07);
INSERT INTO booking_leg (booking_leg_id, booking_id, leg_id, seat_id, price) VALUES (399, 21, 15, 133, 396.68);
INSERT INTO booking_leg (booking_leg_id, booking_id, leg_id, seat_id, price) VALUES (400, 281, 93, 157, 634.39);
INSERT INTO booking_leg (booking_leg_id, booking_id, leg_id, seat_id, price) VALUES (401, 471, 182, 180, 1053.85);
INSERT INTO booking_leg (booking_leg_id, booking_id, leg_id, seat_id, price) VALUES (402, 191, 18, 13, 949.24);
INSERT INTO booking_leg (booking_leg_id, booking_id, leg_id, seat_id, price) VALUES (403, 59, 280, 9, 411.46);
INSERT INTO booking_leg (booking_leg_id, booking_id, leg_id, seat_id, price) VALUES (404, 262, 162, 78, 1407.41);
INSERT INTO booking_leg (booking_leg_id, booking_id, leg_id, seat_id, price) VALUES (405, 44, 147, 62, 880.18);
INSERT INTO booking_leg (booking_leg_id, booking_id, leg_id, seat_id, price) VALUES (406, 275, 254, 149, 1159.02);
INSERT INTO booking_leg (booking_leg_id, booking_id, leg_id, seat_id, price) VALUES (407, 195, 12, 182, 321.36);
INSERT INTO booking_leg (booking_leg_id, booking_id, leg_id, seat_id, price) VALUES (408, 419, 300, 37, 1343.63);
INSERT INTO booking_leg (booking_leg_id, booking_id, leg_id, seat_id, price) VALUES (409, 429, 131, 176, 861.73);
INSERT INTO booking_leg (booking_leg_id, booking_id, leg_id, seat_id, price) VALUES (410, 171, 205, 30, 1213.48);
INSERT INTO booking_leg (booking_leg_id, booking_id, leg_id, seat_id, price) VALUES (411, 208, 167, 122, 344.43);
INSERT INTO booking_leg (booking_leg_id, booking_id, leg_id, seat_id, price) VALUES (412, 490, 292, 64, 1158.57);
INSERT INTO booking_leg (booking_leg_id, booking_id, leg_id, seat_id, price) VALUES (413, 461, 35, 113, 986.7);
INSERT INTO booking_leg (booking_leg_id, booking_id, leg_id, seat_id, price) VALUES (414, 267, 66, 137, 616.33);
INSERT INTO booking_leg (booking_leg_id, booking_id, leg_id, seat_id, price) VALUES (415, 270, 182, 64, 853.41);
INSERT INTO booking_leg (booking_leg_id, booking_id, leg_id, seat_id, price) VALUES (416, 364, 76, 156, 1256.09);
INSERT INTO booking_leg (booking_leg_id, booking_id, leg_id, seat_id, price) VALUES (417, 292, 44, 123, 117.42);
INSERT INTO booking_leg (booking_leg_id, booking_id, leg_id, seat_id, price) VALUES (418, 54, 107, 86, 275.81);
INSERT INTO booking_leg (booking_leg_id, booking_id, leg_id, seat_id, price) VALUES (419, 108, 91, 82, 587.36);
INSERT INTO booking_leg (booking_leg_id, booking_id, leg_id, seat_id, price) VALUES (420, 454, 295, 64, 1098.0);
INSERT INTO booking_leg (booking_leg_id, booking_id, leg_id, seat_id, price) VALUES (421, 424, 27, 18, 1493.38);
INSERT INTO booking_leg (booking_leg_id, booking_id, leg_id, seat_id, price) VALUES (422, 283, 192, 51, 1321.99);
INSERT INTO booking_leg (booking_leg_id, booking_id, leg_id, seat_id, price) VALUES (423, 75, 30, 37, 1145.17);
INSERT INTO booking_leg (booking_leg_id, booking_id, leg_id, seat_id, price) VALUES (424, 69, 215, 186, 913.36);
INSERT INTO booking_leg (booking_leg_id, booking_id, leg_id, seat_id, price) VALUES (425, 357, 182, 3, 1159.01);
INSERT INTO booking_leg (booking_leg_id, booking_id, leg_id, seat_id, price) VALUES (426, 128, 115, 109, 1047.19);
INSERT INTO booking_leg (booking_leg_id, booking_id, leg_id, seat_id, price) VALUES (427, 494, 10, 155, 931.14);
INSERT INTO booking_leg (booking_leg_id, booking_id, leg_id, seat_id, price) VALUES (428, 246, 238, 49, 687.28);
INSERT INTO booking_leg (booking_leg_id, booking_id, leg_id, seat_id, price) VALUES (429, 129, 121, 191, 1448.4);
INSERT INTO booking_leg (booking_leg_id, booking_id, leg_id, seat_id, price) VALUES (430, 457, 25, 169, 146.84);
INSERT INTO booking_leg (booking_leg_id, booking_id, leg_id, seat_id, price) VALUES (431, 202, 291, 1, 913.24);
INSERT INTO booking_leg (booking_leg_id, booking_id, leg_id, seat_id, price) VALUES (432, 212, 21, 138, 496.46);
INSERT INTO booking_leg (booking_leg_id, booking_id, leg_id, seat_id, price) VALUES (433, 429, 220, 171, 1036.82);
INSERT INTO booking_leg (booking_leg_id, booking_id, leg_id, seat_id, price) VALUES (434, 217, 295, 140, 841.4);
INSERT INTO booking_leg (booking_leg_id, booking_id, leg_id, seat_id, price) VALUES (435, 271, 134, 6, 1480.17);
INSERT INTO booking_leg (booking_leg_id, booking_id, leg_id, seat_id, price) VALUES (436, 392, 100, 82, 104.36);
INSERT INTO booking_leg (booking_leg_id, booking_id, leg_id, seat_id, price) VALUES (437, 52, 229, 160, 920.14);
INSERT INTO booking_leg (booking_leg_id, booking_id, leg_id, seat_id, price) VALUES (438, 283, 94, 194, 211.71);
INSERT INTO booking_leg (booking_leg_id, booking_id, leg_id, seat_id, price) VALUES (439, 493, 66, 171, 1382.66);
INSERT INTO booking_leg (booking_leg_id, booking_id, leg_id, seat_id, price) VALUES (440, 431, 198, 157, 695.94);
INSERT INTO booking_leg (booking_leg_id, booking_id, leg_id, seat_id, price) VALUES (441, 291, 259, 67, 869.22);
INSERT INTO booking_leg (booking_leg_id, booking_id, leg_id, seat_id, price) VALUES (442, 46, 205, 72, 1426.28);
INSERT INTO booking_leg (booking_leg_id, booking_id, leg_id, seat_id, price) VALUES (443, 43, 186, 157, 231.15);
INSERT INTO booking_leg (booking_leg_id, booking_id, leg_id, seat_id, price) VALUES (444, 468, 212, 10, 753.36);
INSERT INTO booking_leg (booking_leg_id, booking_id, leg_id, seat_id, price) VALUES (445, 297, 21, 114, 173.1);
INSERT INTO booking_leg (booking_leg_id, booking_id, leg_id, seat_id, price) VALUES (446, 395, 46, 117, 836.22);
INSERT INTO booking_leg (booking_leg_id, booking_id, leg_id, seat_id, price) VALUES (447, 62, 72, 136, 108.0);
INSERT INTO booking_leg (booking_leg_id, booking_id, leg_id, seat_id, price) VALUES (448, 476, 91, 73, 631.88);
INSERT INTO booking_leg (booking_leg_id, booking_id, leg_id, seat_id, price) VALUES (449, 438, 72, 72, 832.72);
INSERT INTO booking_leg (booking_leg_id, booking_id, leg_id, seat_id, price) VALUES (450, 134, 128, 85, 173.36);
INSERT INTO booking_leg (booking_leg_id, booking_id, leg_id, seat_id, price) VALUES (451, 249, 15, 2, 347.1);
INSERT INTO booking_leg (booking_leg_id, booking_id, leg_id, seat_id, price) VALUES (452, 117, 169, 25, 487.61);
INSERT INTO booking_leg (booking_leg_id, booking_id, leg_id, seat_id, price) VALUES (453, 97, 175, 21, 364.38);
INSERT INTO booking_leg (booking_leg_id, booking_id, leg_id, seat_id, price) VALUES (454, 247, 32, 168, 1052.32);
INSERT INTO booking_leg (booking_leg_id, booking_id, leg_id, seat_id, price) VALUES (455, 5, 259, 45, 128.59);
INSERT INTO booking_leg (booking_leg_id, booking_id, leg_id, seat_id, price) VALUES (456, 228, 275, 11, 265.2);
INSERT INTO booking_leg (booking_leg_id, booking_id, leg_id, seat_id, price) VALUES (457, 188, 94, 20, 604.54);
INSERT INTO booking_leg (booking_leg_id, booking_id, leg_id, seat_id, price) VALUES (458, 260, 174, 38, 627.46);
INSERT INTO booking_leg (booking_leg_id, booking_id, leg_id, seat_id, price) VALUES (459, 13, 145, 35, 320.95);
INSERT INTO booking_leg (booking_leg_id, booking_id, leg_id, seat_id, price) VALUES (460, 87, 4, 15, 282.0);
INSERT INTO booking_leg (booking_leg_id, booking_id, leg_id, seat_id, price) VALUES (461, 458, 98, 179, 991.77);
INSERT INTO booking_leg (booking_leg_id, booking_id, leg_id, seat_id, price) VALUES (462, 332, 1, 156, 1403.39);
INSERT INTO booking_leg (booking_leg_id, booking_id, leg_id, seat_id, price) VALUES (463, 100, 61, 156, 441.58);
INSERT INTO booking_leg (booking_leg_id, booking_id, leg_id, seat_id, price) VALUES (464, 73, 26, 56, 592.15);
INSERT INTO booking_leg (booking_leg_id, booking_id, leg_id, seat_id, price) VALUES (465, 270, 183, 107, 183.74);
INSERT INTO booking_leg (booking_leg_id, booking_id, leg_id, seat_id, price) VALUES (466, 40, 180, 61, 522.61);
INSERT INTO booking_leg (booking_leg_id, booking_id, leg_id, seat_id, price) VALUES (467, 355, 148, 63, 506.33);
INSERT INTO booking_leg (booking_leg_id, booking_id, leg_id, seat_id, price) VALUES (468, 466, 170, 74, 1461.77);
INSERT INTO booking_leg (booking_leg_id, booking_id, leg_id, seat_id, price) VALUES (469, 369, 47, 188, 205.07);
INSERT INTO booking_leg (booking_leg_id, booking_id, leg_id, seat_id, price) VALUES (470, 90, 262, 84, 1273.61);
INSERT INTO booking_leg (booking_leg_id, booking_id, leg_id, seat_id, price) VALUES (471, 222, 248, 160, 1056.08);
INSERT INTO booking_leg (booking_leg_id, booking_id, leg_id, seat_id, price) VALUES (472, 54, 130, 134, 107.25);
INSERT INTO booking_leg (booking_leg_id, booking_id, leg_id, seat_id, price) VALUES (473, 390, 52, 56, 1369.03);
INSERT INTO booking_leg (booking_leg_id, booking_id, leg_id, seat_id, price) VALUES (474, 8, 162, 106, 595.76);
INSERT INTO booking_leg (booking_leg_id, booking_id, leg_id, seat_id, price) VALUES (475, 329, 256, 182, 1010.94);
INSERT INTO booking_leg (booking_leg_id, booking_id, leg_id, seat_id, price) VALUES (476, 266, 263, 197, 523.46);
INSERT INTO booking_leg (booking_leg_id, booking_id, leg_id, seat_id, price) VALUES (477, 139, 120, 152, 1071.88);
INSERT INTO booking_leg (booking_leg_id, booking_id, leg_id, seat_id, price) VALUES (478, 475, 14, 127, 1117.45);
INSERT INTO booking_leg (booking_leg_id, booking_id, leg_id, seat_id, price) VALUES (479, 84, 184, 96, 1279.49);
INSERT INTO booking_leg (booking_leg_id, booking_id, leg_id, seat_id, price) VALUES (480, 384, 46, 97, 483.3);
INSERT INTO booking_leg (booking_leg_id, booking_id, leg_id, seat_id, price) VALUES (481, 70, 297, 75, 456.11);
INSERT INTO booking_leg (booking_leg_id, booking_id, leg_id, seat_id, price) VALUES (482, 133, 92, 5, 385.59);
INSERT INTO booking_leg (booking_leg_id, booking_id, leg_id, seat_id, price) VALUES (483, 424, 189, 110, 1002.63);
INSERT INTO booking_leg (booking_leg_id, booking_id, leg_id, seat_id, price) VALUES (484, 200, 36, 118, 1432.97);
INSERT INTO booking_leg (booking_leg_id, booking_id, leg_id, seat_id, price) VALUES (485, 364, 38, 122, 529.57);
INSERT INTO booking_leg (booking_leg_id, booking_id, leg_id, seat_id, price) VALUES (486, 312, 249, 45, 1377.7);
INSERT INTO booking_leg (booking_leg_id, booking_id, leg_id, seat_id, price) VALUES (487, 454, 259, 164, 779.32);
INSERT INTO booking_leg (booking_leg_id, booking_id, leg_id, seat_id, price) VALUES (488, 227, 242, 8, 567.74);
INSERT INTO booking_leg (booking_leg_id, booking_id, leg_id, seat_id, price) VALUES (489, 64, 162, 4, 102.51);
INSERT INTO booking_leg (booking_leg_id, booking_id, leg_id, seat_id, price) VALUES (490, 297, 4, 190, 1206.2);
INSERT INTO booking_leg (booking_leg_id, booking_id, leg_id, seat_id, price) VALUES (491, 485, 110, 179, 746.13);
INSERT INTO booking_leg (booking_leg_id, booking_id, leg_id, seat_id, price) VALUES (492, 154, 136, 112, 550.57);
INSERT INTO booking_leg (booking_leg_id, booking_id, leg_id, seat_id, price) VALUES (493, 383, 258, 73, 712.35);
INSERT INTO booking_leg (booking_leg_id, booking_id, leg_id, seat_id, price) VALUES (494, 354, 43, 14, 119.89);
INSERT INTO booking_leg (booking_leg_id, booking_id, leg_id, seat_id, price) VALUES (495, 115, 296, 34, 311.31);
INSERT INTO booking_leg (booking_leg_id, booking_id, leg_id, seat_id, price) VALUES (496, 488, 152, 6, 1416.93);
INSERT INTO booking_leg (booking_leg_id, booking_id, leg_id, seat_id, price) VALUES (497, 289, 291, 29, 892.85);
INSERT INTO booking_leg (booking_leg_id, booking_id, leg_id, seat_id, price) VALUES (498, 132, 286, 145, 746.07);
INSERT INTO booking_leg (booking_leg_id, booking_id, leg_id, seat_id, price) VALUES (499, 81, 5, 195, 548.87);
INSERT INTO booking_leg (booking_leg_id, booking_id, leg_id, seat_id, price) VALUES (500, 412, 96, 155, 558.11);
INSERT INTO booking_leg (booking_leg_id, booking_id, leg_id, seat_id, price) VALUES (501, 79, 84, 60, 1193.09);
INSERT INTO booking_leg (booking_leg_id, booking_id, leg_id, seat_id, price) VALUES (502, 10, 119, 77, 705.38);
INSERT INTO booking_leg (booking_leg_id, booking_id, leg_id, seat_id, price) VALUES (503, 434, 2, 200, 1310.86);
INSERT INTO booking_leg (booking_leg_id, booking_id, leg_id, seat_id, price) VALUES (504, 384, 21, 119, 981.03);
INSERT INTO booking_leg (booking_leg_id, booking_id, leg_id, seat_id, price) VALUES (505, 343, 152, 85, 1053.77);
INSERT INTO booking_leg (booking_leg_id, booking_id, leg_id, seat_id, price) VALUES (506, 165, 91, 189, 783.61);
INSERT INTO booking_leg (booking_leg_id, booking_id, leg_id, seat_id, price) VALUES (507, 472, 186, 123, 138.27);
INSERT INTO booking_leg (booking_leg_id, booking_id, leg_id, seat_id, price) VALUES (508, 29, 123, 196, 1287.21);
INSERT INTO booking_leg (booking_leg_id, booking_id, leg_id, seat_id, price) VALUES (509, 234, 26, 14, 1192.98);
INSERT INTO booking_leg (booking_leg_id, booking_id, leg_id, seat_id, price) VALUES (510, 449, 31, 73, 789.47);
INSERT INTO booking_leg (booking_leg_id, booking_id, leg_id, seat_id, price) VALUES (511, 220, 227, 153, 203.44);
INSERT INTO booking_leg (booking_leg_id, booking_id, leg_id, seat_id, price) VALUES (512, 155, 56, 117, 286.32);
INSERT INTO booking_leg (booking_leg_id, booking_id, leg_id, seat_id, price) VALUES (513, 178, 22, 130, 1363.73);
INSERT INTO booking_leg (booking_leg_id, booking_id, leg_id, seat_id, price) VALUES (514, 73, 108, 184, 632.66);
INSERT INTO booking_leg (booking_leg_id, booking_id, leg_id, seat_id, price) VALUES (515, 365, 193, 96, 752.13);
INSERT INTO booking_leg (booking_leg_id, booking_id, leg_id, seat_id, price) VALUES (516, 452, 298, 91, 1094.16);
INSERT INTO booking_leg (booking_leg_id, booking_id, leg_id, seat_id, price) VALUES (517, 411, 109, 1, 1473.18);
INSERT INTO booking_leg (booking_leg_id, booking_id, leg_id, seat_id, price) VALUES (518, 367, 296, 166, 1042.06);
INSERT INTO booking_leg (booking_leg_id, booking_id, leg_id, seat_id, price) VALUES (519, 36, 184, 52, 457.73);
INSERT INTO booking_leg (booking_leg_id, booking_id, leg_id, seat_id, price) VALUES (520, 425, 157, 93, 459.11);
INSERT INTO booking_leg (booking_leg_id, booking_id, leg_id, seat_id, price) VALUES (521, 435, 158, 87, 243.23);
INSERT INTO booking_leg (booking_leg_id, booking_id, leg_id, seat_id, price) VALUES (522, 372, 69, 133, 538.86);
INSERT INTO booking_leg (booking_leg_id, booking_id, leg_id, seat_id, price) VALUES (523, 181, 97, 51, 186.31);
INSERT INTO booking_leg (booking_leg_id, booking_id, leg_id, seat_id, price) VALUES (524, 418, 6, 78, 356.11);
INSERT INTO booking_leg (booking_leg_id, booking_id, leg_id, seat_id, price) VALUES (525, 271, 145, 173, 740.92);
INSERT INTO booking_leg (booking_leg_id, booking_id, leg_id, seat_id, price) VALUES (526, 321, 202, 133, 1144.47);
INSERT INTO booking_leg (booking_leg_id, booking_id, leg_id, seat_id, price) VALUES (527, 250, 289, 76, 1332.31);
INSERT INTO booking_leg (booking_leg_id, booking_id, leg_id, seat_id, price) VALUES (528, 228, 118, 68, 957.18);
INSERT INTO booking_leg (booking_leg_id, booking_id, leg_id, seat_id, price) VALUES (529, 33, 123, 63, 1044.28);
INSERT INTO booking_leg (booking_leg_id, booking_id, leg_id, seat_id, price) VALUES (530, 267, 243, 147, 1388.39);
INSERT INTO booking_leg (booking_leg_id, booking_id, leg_id, seat_id, price) VALUES (531, 339, 36, 71, 202.05);
INSERT INTO booking_leg (booking_leg_id, booking_id, leg_id, seat_id, price) VALUES (532, 124, 121, 59, 823.37);
INSERT INTO booking_leg (booking_leg_id, booking_id, leg_id, seat_id, price) VALUES (533, 102, 214, 49, 722.84);
INSERT INTO booking_leg (booking_leg_id, booking_id, leg_id, seat_id, price) VALUES (534, 331, 158, 19, 530.44);
INSERT INTO booking_leg (booking_leg_id, booking_id, leg_id, seat_id, price) VALUES (535, 109, 298, 43, 1297.47);
INSERT INTO booking_leg (booking_leg_id, booking_id, leg_id, seat_id, price) VALUES (536, 182, 22, 133, 1290.55);
INSERT INTO booking_leg (booking_leg_id, booking_id, leg_id, seat_id, price) VALUES (537, 442, 182, 173, 708.61);
INSERT INTO booking_leg (booking_leg_id, booking_id, leg_id, seat_id, price) VALUES (538, 269, 252, 69, 1021.2);
INSERT INTO booking_leg (booking_leg_id, booking_id, leg_id, seat_id, price) VALUES (539, 380, 275, 109, 1377.55);
INSERT INTO booking_leg (booking_leg_id, booking_id, leg_id, seat_id, price) VALUES (540, 282, 38, 66, 1059.51);
INSERT INTO booking_leg (booking_leg_id, booking_id, leg_id, seat_id, price) VALUES (541, 54, 97, 57, 1059.86);
INSERT INTO booking_leg (booking_leg_id, booking_id, leg_id, seat_id, price) VALUES (542, 211, 134, 12, 986.01);
INSERT INTO booking_leg (booking_leg_id, booking_id, leg_id, seat_id, price) VALUES (543, 436, 278, 99, 994.71);
INSERT INTO booking_leg (booking_leg_id, booking_id, leg_id, seat_id, price) VALUES (544, 154, 227, 170, 846.36);
INSERT INTO booking_leg (booking_leg_id, booking_id, leg_id, seat_id, price) VALUES (545, 45, 214, 70, 126.72);
INSERT INTO booking_leg (booking_leg_id, booking_id, leg_id, seat_id, price) VALUES (546, 361, 235, 34, 257.98);
INSERT INTO booking_leg (booking_leg_id, booking_id, leg_id, seat_id, price) VALUES (547, 3, 145, 23, 468.99);
INSERT INTO booking_leg (booking_leg_id, booking_id, leg_id, seat_id, price) VALUES (548, 287, 83, 157, 177.39);
INSERT INTO booking_leg (booking_leg_id, booking_id, leg_id, seat_id, price) VALUES (549, 257, 159, 174, 1378.38);
INSERT INTO booking_leg (booking_leg_id, booking_id, leg_id, seat_id, price) VALUES (550, 448, 155, 36, 136.18);
INSERT INTO booking_leg (booking_leg_id, booking_id, leg_id, seat_id, price) VALUES (551, 235, 158, 177, 846.52);
INSERT INTO booking_leg (booking_leg_id, booking_id, leg_id, seat_id, price) VALUES (552, 337, 188, 127, 1408.04);
INSERT INTO booking_leg (booking_leg_id, booking_id, leg_id, seat_id, price) VALUES (553, 128, 118, 105, 641.71);
INSERT INTO booking_leg (booking_leg_id, booking_id, leg_id, seat_id, price) VALUES (554, 67, 251, 40, 1408.25);
INSERT INTO booking_leg (booking_leg_id, booking_id, leg_id, seat_id, price) VALUES (555, 9, 195, 173, 685.87);
INSERT INTO booking_leg (booking_leg_id, booking_id, leg_id, seat_id, price) VALUES (556, 250, 39, 180, 1141.29);
INSERT INTO booking_leg (booking_leg_id, booking_id, leg_id, seat_id, price) VALUES (557, 250, 100, 150, 679.8);
INSERT INTO booking_leg (booking_leg_id, booking_id, leg_id, seat_id, price) VALUES (558, 12, 275, 75, 321.35);
INSERT INTO booking_leg (booking_leg_id, booking_id, leg_id, seat_id, price) VALUES (559, 352, 23, 133, 1172.67);
INSERT INTO booking_leg (booking_leg_id, booking_id, leg_id, seat_id, price) VALUES (560, 265, 173, 12, 330.82);
INSERT INTO booking_leg (booking_leg_id, booking_id, leg_id, seat_id, price) VALUES (561, 165, 27, 20, 854.7);
INSERT INTO booking_leg (booking_leg_id, booking_id, leg_id, seat_id, price) VALUES (562, 92, 270, 160, 1446.82);
INSERT INTO booking_leg (booking_leg_id, booking_id, leg_id, seat_id, price) VALUES (563, 54, 164, 22, 745.59);
INSERT INTO booking_leg (booking_leg_id, booking_id, leg_id, seat_id, price) VALUES (564, 364, 250, 14, 714.94);
INSERT INTO booking_leg (booking_leg_id, booking_id, leg_id, seat_id, price) VALUES (565, 35, 173, 123, 244.03);
INSERT INTO booking_leg (booking_leg_id, booking_id, leg_id, seat_id, price) VALUES (566, 259, 263, 73, 255.63);
INSERT INTO booking_leg (booking_leg_id, booking_id, leg_id, seat_id, price) VALUES (567, 476, 246, 86, 121.8);
INSERT INTO booking_leg (booking_leg_id, booking_id, leg_id, seat_id, price) VALUES (568, 38, 50, 12, 270.29);
INSERT INTO booking_leg (booking_leg_id, booking_id, leg_id, seat_id, price) VALUES (569, 480, 272, 160, 1211.23);
INSERT INTO booking_leg (booking_leg_id, booking_id, leg_id, seat_id, price) VALUES (570, 139, 236, 200, 974.68);
INSERT INTO booking_leg (booking_leg_id, booking_id, leg_id, seat_id, price) VALUES (571, 242, 59, 25, 1426.57);
INSERT INTO booking_leg (booking_leg_id, booking_id, leg_id, seat_id, price) VALUES (572, 37, 65, 69, 514.37);
INSERT INTO booking_leg (booking_leg_id, booking_id, leg_id, seat_id, price) VALUES (573, 371, 289, 111, 944.67);
INSERT INTO booking_leg (booking_leg_id, booking_id, leg_id, seat_id, price) VALUES (574, 87, 174, 76, 648.33);
INSERT INTO booking_leg (booking_leg_id, booking_id, leg_id, seat_id, price) VALUES (575, 172, 235, 85, 245.57);
INSERT INTO booking_leg (booking_leg_id, booking_id, leg_id, seat_id, price) VALUES (576, 67, 58, 185, 110.65);
INSERT INTO booking_leg (booking_leg_id, booking_id, leg_id, seat_id, price) VALUES (577, 172, 18, 32, 753.57);
INSERT INTO booking_leg (booking_leg_id, booking_id, leg_id, seat_id, price) VALUES (578, 31, 130, 114, 1198.17);
INSERT INTO booking_leg (booking_leg_id, booking_id, leg_id, seat_id, price) VALUES (579, 149, 290, 150, 1280.61);
INSERT INTO booking_leg (booking_leg_id, booking_id, leg_id, seat_id, price) VALUES (580, 402, 153, 52, 1244.85);
INSERT INTO booking_leg (booking_leg_id, booking_id, leg_id, seat_id, price) VALUES (581, 172, 71, 20, 1035.35);
INSERT INTO booking_leg (booking_leg_id, booking_id, leg_id, seat_id, price) VALUES (582, 462, 229, 27, 566.08);
INSERT INTO booking_leg (booking_leg_id, booking_id, leg_id, seat_id, price) VALUES (583, 312, 257, 22, 1424.67);
INSERT INTO booking_leg (booking_leg_id, booking_id, leg_id, seat_id, price) VALUES (584, 127, 155, 67, 1131.09);
INSERT INTO booking_leg (booking_leg_id, booking_id, leg_id, seat_id, price) VALUES (585, 236, 191, 158, 429.24);
INSERT INTO booking_leg (booking_leg_id, booking_id, leg_id, seat_id, price) VALUES (586, 81, 232, 176, 1084.18);
INSERT INTO booking_leg (booking_leg_id, booking_id, leg_id, seat_id, price) VALUES (587, 311, 268, 99, 140.62);
INSERT INTO booking_leg (booking_leg_id, booking_id, leg_id, seat_id, price) VALUES (588, 297, 253, 46, 714.29);
INSERT INTO booking_leg (booking_leg_id, booking_id, leg_id, seat_id, price) VALUES (589, 120, 214, 103, 1025.79);
INSERT INTO booking_leg (booking_leg_id, booking_id, leg_id, seat_id, price) VALUES (590, 430, 115, 117, 862.64);
INSERT INTO booking_leg (booking_leg_id, booking_id, leg_id, seat_id, price) VALUES (591, 52, 217, 53, 1379.52);
INSERT INTO booking_leg (booking_leg_id, booking_id, leg_id, seat_id, price) VALUES (592, 98, 16, 126, 389.65);
INSERT INTO booking_leg (booking_leg_id, booking_id, leg_id, seat_id, price) VALUES (593, 26, 75, 133, 1091.51);
INSERT INTO booking_leg (booking_leg_id, booking_id, leg_id, seat_id, price) VALUES (594, 216, 268, 28, 1074.32);
INSERT INTO booking_leg (booking_leg_id, booking_id, leg_id, seat_id, price) VALUES (595, 164, 264, 200, 371.22);
INSERT INTO booking_leg (booking_leg_id, booking_id, leg_id, seat_id, price) VALUES (596, 341, 4, 116, 892.43);
INSERT INTO booking_leg (booking_leg_id, booking_id, leg_id, seat_id, price) VALUES (597, 59, 29, 101, 326.6);
INSERT INTO booking_leg (booking_leg_id, booking_id, leg_id, seat_id, price) VALUES (598, 372, 254, 72, 797.77);
INSERT INTO booking_leg (booking_leg_id, booking_id, leg_id, seat_id, price) VALUES (599, 327, 250, 169, 1006.17);
INSERT INTO booking_leg (booking_leg_id, booking_id, leg_id, seat_id, price) VALUES (600, 113, 222, 67, 386.69);
INSERT INTO booking_leg (booking_leg_id, booking_id, leg_id, seat_id, price) VALUES (601, 322, 130, 97, 1187.35);
INSERT INTO booking_leg (booking_leg_id, booking_id, leg_id, seat_id, price) VALUES (602, 305, 74, 43, 1076.35);
INSERT INTO booking_leg (booking_leg_id, booking_id, leg_id, seat_id, price) VALUES (603, 391, 283, 28, 739.85);
INSERT INTO booking_leg (booking_leg_id, booking_id, leg_id, seat_id, price) VALUES (604, 464, 294, 56, 296.33);
INSERT INTO booking_leg (booking_leg_id, booking_id, leg_id, seat_id, price) VALUES (605, 194, 5, 60, 1296.22);
INSERT INTO booking_leg (booking_leg_id, booking_id, leg_id, seat_id, price) VALUES (606, 363, 243, 178, 339.29);
INSERT INTO booking_leg (booking_leg_id, booking_id, leg_id, seat_id, price) VALUES (607, 54, 265, 77, 1187.81);
INSERT INTO booking_leg (booking_leg_id, booking_id, leg_id, seat_id, price) VALUES (608, 171, 45, 109, 1138.18);
INSERT INTO booking_leg (booking_leg_id, booking_id, leg_id, seat_id, price) VALUES (609, 54, 218, 142, 262.78);
INSERT INTO booking_leg (booking_leg_id, booking_id, leg_id, seat_id, price) VALUES (610, 111, 186, 69, 965.06);
INSERT INTO booking_leg (booking_leg_id, booking_id, leg_id, seat_id, price) VALUES (611, 182, 142, 57, 1129.3);
INSERT INTO booking_leg (booking_leg_id, booking_id, leg_id, seat_id, price) VALUES (612, 382, 33, 64, 816.54);
INSERT INTO booking_leg (booking_leg_id, booking_id, leg_id, seat_id, price) VALUES (613, 22, 259, 26, 1108.83);
INSERT INTO booking_leg (booking_leg_id, booking_id, leg_id, seat_id, price) VALUES (614, 184, 39, 158, 773.81);
INSERT INTO booking_leg (booking_leg_id, booking_id, leg_id, seat_id, price) VALUES (615, 138, 195, 5, 495.11);
INSERT INTO booking_leg (booking_leg_id, booking_id, leg_id, seat_id, price) VALUES (616, 450, 48, 46, 899.1);
INSERT INTO booking_leg (booking_leg_id, booking_id, leg_id, seat_id, price) VALUES (617, 320, 153, 147, 1264.28);
INSERT INTO booking_leg (booking_leg_id, booking_id, leg_id, seat_id, price) VALUES (618, 2, 173, 117, 591.69);
INSERT INTO booking_leg (booking_leg_id, booking_id, leg_id, seat_id, price) VALUES (619, 234, 274, 107, 876.42);
INSERT INTO booking_leg (booking_leg_id, booking_id, leg_id, seat_id, price) VALUES (620, 170, 195, 119, 649.43);
INSERT INTO booking_leg (booking_leg_id, booking_id, leg_id, seat_id, price) VALUES (621, 124, 244, 164, 601.02);
INSERT INTO booking_leg (booking_leg_id, booking_id, leg_id, seat_id, price) VALUES (622, 373, 285, 198, 481.22);
INSERT INTO booking_leg (booking_leg_id, booking_id, leg_id, seat_id, price) VALUES (623, 215, 102, 198, 893.36);
INSERT INTO booking_leg (booking_leg_id, booking_id, leg_id, seat_id, price) VALUES (624, 473, 205, 109, 184.93);
INSERT INTO booking_leg (booking_leg_id, booking_id, leg_id, seat_id, price) VALUES (625, 71, 256, 52, 1463.88);
INSERT INTO booking_leg (booking_leg_id, booking_id, leg_id, seat_id, price) VALUES (626, 422, 222, 181, 279.75);
INSERT INTO booking_leg (booking_leg_id, booking_id, leg_id, seat_id, price) VALUES (627, 368, 242, 180, 487.51);
INSERT INTO booking_leg (booking_leg_id, booking_id, leg_id, seat_id, price) VALUES (628, 326, 149, 127, 722.73);
INSERT INTO booking_leg (booking_leg_id, booking_id, leg_id, seat_id, price) VALUES (629, 335, 5, 118, 1329.95);
INSERT INTO booking_leg (booking_leg_id, booking_id, leg_id, seat_id, price) VALUES (630, 180, 51, 194, 1099.22);
INSERT INTO booking_leg (booking_leg_id, booking_id, leg_id, seat_id, price) VALUES (631, 97, 131, 170, 812.01);
INSERT INTO booking_leg (booking_leg_id, booking_id, leg_id, seat_id, price) VALUES (632, 420, 134, 89, 1493.54);
INSERT INTO booking_leg (booking_leg_id, booking_id, leg_id, seat_id, price) VALUES (633, 46, 250, 24, 1306.26);
INSERT INTO booking_leg (booking_leg_id, booking_id, leg_id, seat_id, price) VALUES (634, 425, 187, 12, 921.43);
INSERT INTO booking_leg (booking_leg_id, booking_id, leg_id, seat_id, price) VALUES (635, 190, 298, 133, 741.03);
INSERT INTO booking_leg (booking_leg_id, booking_id, leg_id, seat_id, price) VALUES (636, 311, 126, 154, 522.12);
INSERT INTO booking_leg (booking_leg_id, booking_id, leg_id, seat_id, price) VALUES (637, 498, 271, 103, 696.56);
INSERT INTO booking_leg (booking_leg_id, booking_id, leg_id, seat_id, price) VALUES (638, 362, 258, 93, 558.44);
INSERT INTO booking_leg (booking_leg_id, booking_id, leg_id, seat_id, price) VALUES (639, 174, 192, 148, 596.26);
INSERT INTO booking_leg (booking_leg_id, booking_id, leg_id, seat_id, price) VALUES (640, 171, 119, 14, 832.97);
INSERT INTO booking_leg (booking_leg_id, booking_id, leg_id, seat_id, price) VALUES (641, 256, 209, 49, 1307.91);
INSERT INTO booking_leg (booking_leg_id, booking_id, leg_id, seat_id, price) VALUES (642, 96, 145, 162, 1451.66);
INSERT INTO booking_leg (booking_leg_id, booking_id, leg_id, seat_id, price) VALUES (643, 145, 60, 47, 301.0);
INSERT INTO booking_leg (booking_leg_id, booking_id, leg_id, seat_id, price) VALUES (644, 180, 67, 45, 196.07);
INSERT INTO booking_leg (booking_leg_id, booking_id, leg_id, seat_id, price) VALUES (645, 201, 217, 58, 367.33);
INSERT INTO booking_leg (booking_leg_id, booking_id, leg_id, seat_id, price) VALUES (646, 187, 267, 43, 761.62);
INSERT INTO booking_leg (booking_leg_id, booking_id, leg_id, seat_id, price) VALUES (647, 254, 253, 23, 1357.61);
INSERT INTO booking_leg (booking_leg_id, booking_id, leg_id, seat_id, price) VALUES (648, 130, 262, 96, 734.86);
INSERT INTO booking_leg (booking_leg_id, booking_id, leg_id, seat_id, price) VALUES (649, 340, 140, 18, 1159.49);
INSERT INTO booking_leg (booking_leg_id, booking_id, leg_id, seat_id, price) VALUES (650, 94, 260, 134, 1327.5);
INSERT INTO booking_leg (booking_leg_id, booking_id, leg_id, seat_id, price) VALUES (651, 488, 290, 110, 1441.58);
INSERT INTO booking_leg (booking_leg_id, booking_id, leg_id, seat_id, price) VALUES (652, 229, 296, 45, 218.46);
INSERT INTO booking_leg (booking_leg_id, booking_id, leg_id, seat_id, price) VALUES (653, 239, 58, 4, 364.48);
INSERT INTO booking_leg (booking_leg_id, booking_id, leg_id, seat_id, price) VALUES (654, 31, 235, 197, 1009.49);
INSERT INTO booking_leg (booking_leg_id, booking_id, leg_id, seat_id, price) VALUES (655, 129, 45, 56, 795.25);
INSERT INTO booking_leg (booking_leg_id, booking_id, leg_id, seat_id, price) VALUES (656, 210, 213, 172, 1192.51);
INSERT INTO booking_leg (booking_leg_id, booking_id, leg_id, seat_id, price) VALUES (657, 76, 1, 67, 207.03);
INSERT INTO booking_leg (booking_leg_id, booking_id, leg_id, seat_id, price) VALUES (658, 168, 149, 158, 473.81);
INSERT INTO booking_leg (booking_leg_id, booking_id, leg_id, seat_id, price) VALUES (659, 49, 175, 193, 1007.83);
INSERT INTO booking_leg (booking_leg_id, booking_id, leg_id, seat_id, price) VALUES (660, 447, 208, 48, 112.77);
INSERT INTO booking_leg (booking_leg_id, booking_id, leg_id, seat_id, price) VALUES (661, 259, 285, 12, 947.1);
INSERT INTO booking_leg (booking_leg_id, booking_id, leg_id, seat_id, price) VALUES (662, 100, 239, 30, 1181.09);
INSERT INTO booking_leg (booking_leg_id, booking_id, leg_id, seat_id, price) VALUES (663, 56, 193, 112, 371.4);
INSERT INTO booking_leg (booking_leg_id, booking_id, leg_id, seat_id, price) VALUES (664, 423, 39, 47, 173.2);
INSERT INTO booking_leg (booking_leg_id, booking_id, leg_id, seat_id, price) VALUES (665, 264, 83, 132, 240.5);
INSERT INTO booking_leg (booking_leg_id, booking_id, leg_id, seat_id, price) VALUES (666, 222, 226, 38, 1351.81);
INSERT INTO booking_leg (booking_leg_id, booking_id, leg_id, seat_id, price) VALUES (667, 338, 289, 142, 209.6);
INSERT INTO booking_leg (booking_leg_id, booking_id, leg_id, seat_id, price) VALUES (668, 322, 226, 143, 275.4);
INSERT INTO booking_leg (booking_leg_id, booking_id, leg_id, seat_id, price) VALUES (669, 457, 250, 74, 274.24);
INSERT INTO booking_leg (booking_leg_id, booking_id, leg_id, seat_id, price) VALUES (670, 28, 85, 116, 652.79);
INSERT INTO booking_leg (booking_leg_id, booking_id, leg_id, seat_id, price) VALUES (671, 239, 42, 72, 640.1);
INSERT INTO booking_leg (booking_leg_id, booking_id, leg_id, seat_id, price) VALUES (672, 467, 296, 64, 1188.42);
INSERT INTO booking_leg (booking_leg_id, booking_id, leg_id, seat_id, price) VALUES (673, 275, 256, 165, 1454.07);
INSERT INTO booking_leg (booking_leg_id, booking_id, leg_id, seat_id, price) VALUES (674, 140, 115, 76, 208.83);
INSERT INTO booking_leg (booking_leg_id, booking_id, leg_id, seat_id, price) VALUES (675, 343, 108, 23, 627.25);
INSERT INTO booking_leg (booking_leg_id, booking_id, leg_id, seat_id, price) VALUES (676, 230, 208, 158, 491.15);
INSERT INTO booking_leg (booking_leg_id, booking_id, leg_id, seat_id, price) VALUES (677, 201, 116, 61, 811.89);
INSERT INTO booking_leg (booking_leg_id, booking_id, leg_id, seat_id, price) VALUES (678, 373, 136, 131, 517.68);
INSERT INTO booking_leg (booking_leg_id, booking_id, leg_id, seat_id, price) VALUES (679, 343, 253, 107, 1477.96);
INSERT INTO booking_leg (booking_leg_id, booking_id, leg_id, seat_id, price) VALUES (680, 197, 259, 110, 717.85);
INSERT INTO booking_leg (booking_leg_id, booking_id, leg_id, seat_id, price) VALUES (681, 299, 163, 112, 1202.96);
INSERT INTO booking_leg (booking_leg_id, booking_id, leg_id, seat_id, price) VALUES (682, 323, 164, 83, 132.76);
INSERT INTO booking_leg (booking_leg_id, booking_id, leg_id, seat_id, price) VALUES (683, 462, 141, 130, 546.76);
INSERT INTO booking_leg (booking_leg_id, booking_id, leg_id, seat_id, price) VALUES (684, 401, 15, 58, 709.14);
INSERT INTO booking_leg (booking_leg_id, booking_id, leg_id, seat_id, price) VALUES (685, 192, 71, 121, 1093.27);
INSERT INTO booking_leg (booking_leg_id, booking_id, leg_id, seat_id, price) VALUES (686, 480, 201, 35, 512.99);
INSERT INTO booking_leg (booking_leg_id, booking_id, leg_id, seat_id, price) VALUES (687, 362, 44, 130, 917.66);
INSERT INTO booking_leg (booking_leg_id, booking_id, leg_id, seat_id, price) VALUES (688, 136, 136, 106, 1099.89);
INSERT INTO booking_leg (booking_leg_id, booking_id, leg_id, seat_id, price) VALUES (689, 297, 289, 64, 122.21);
INSERT INTO booking_leg (booking_leg_id, booking_id, leg_id, seat_id, price) VALUES (690, 200, 52, 134, 636.07);
INSERT INTO booking_leg (booking_leg_id, booking_id, leg_id, seat_id, price) VALUES (691, 271, 38, 52, 1204.72);
INSERT INTO booking_leg (booking_leg_id, booking_id, leg_id, seat_id, price) VALUES (692, 438, 129, 145, 1417.3);
INSERT INTO booking_leg (booking_leg_id, booking_id, leg_id, seat_id, price) VALUES (693, 228, 176, 84, 621.03);
INSERT INTO booking_leg (booking_leg_id, booking_id, leg_id, seat_id, price) VALUES (694, 41, 30, 33, 115.9);
INSERT INTO booking_leg (booking_leg_id, booking_id, leg_id, seat_id, price) VALUES (695, 82, 89, 194, 653.81);
INSERT INTO booking_leg (booking_leg_id, booking_id, leg_id, seat_id, price) VALUES (696, 430, 195, 14, 800.53);
INSERT INTO booking_leg (booking_leg_id, booking_id, leg_id, seat_id, price) VALUES (697, 481, 120, 155, 576.38);
INSERT INTO booking_leg (booking_leg_id, booking_id, leg_id, seat_id, price) VALUES (698, 110, 5, 15, 942.55);
INSERT INTO booking_leg (booking_leg_id, booking_id, leg_id, seat_id, price) VALUES (699, 198, 77, 22, 388.32);
INSERT INTO booking_leg (booking_leg_id, booking_id, leg_id, seat_id, price) VALUES (700, 355, 207, 52, 503.21);
INSERT INTO booking_leg (booking_leg_id, booking_id, leg_id, seat_id, price) VALUES (701, 120, 76, 13, 1374.08);
INSERT INTO booking_leg (booking_leg_id, booking_id, leg_id, seat_id, price) VALUES (702, 388, 243, 56, 763.84);
INSERT INTO booking_leg (booking_leg_id, booking_id, leg_id, seat_id, price) VALUES (703, 76, 256, 113, 506.61);
INSERT INTO booking_leg (booking_leg_id, booking_id, leg_id, seat_id, price) VALUES (704, 379, 139, 122, 923.34);
INSERT INTO booking_leg (booking_leg_id, booking_id, leg_id, seat_id, price) VALUES (705, 411, 116, 167, 1320.39);
INSERT INTO booking_leg (booking_leg_id, booking_id, leg_id, seat_id, price) VALUES (706, 50, 8, 35, 1190.36);
INSERT INTO booking_leg (booking_leg_id, booking_id, leg_id, seat_id, price) VALUES (707, 71, 181, 176, 703.06);
INSERT INTO booking_leg (booking_leg_id, booking_id, leg_id, seat_id, price) VALUES (708, 178, 15, 151, 1417.66);
INSERT INTO booking_leg (booking_leg_id, booking_id, leg_id, seat_id, price) VALUES (709, 230, 153, 188, 1461.97);
INSERT INTO booking_leg (booking_leg_id, booking_id, leg_id, seat_id, price) VALUES (710, 196, 64, 29, 1014.73);
INSERT INTO booking_leg (booking_leg_id, booking_id, leg_id, seat_id, price) VALUES (711, 343, 255, 138, 463.68);
INSERT INTO booking_leg (booking_leg_id, booking_id, leg_id, seat_id, price) VALUES (712, 216, 189, 47, 1317.8);
INSERT INTO booking_leg (booking_leg_id, booking_id, leg_id, seat_id, price) VALUES (713, 182, 63, 155, 731.68);
INSERT INTO booking_leg (booking_leg_id, booking_id, leg_id, seat_id, price) VALUES (714, 297, 44, 195, 786.92);
INSERT INTO booking_leg (booking_leg_id, booking_id, leg_id, seat_id, price) VALUES (715, 133, 190, 47, 1412.67);
INSERT INTO booking_leg (booking_leg_id, booking_id, leg_id, seat_id, price) VALUES (716, 411, 19, 192, 676.26);
INSERT INTO booking_leg (booking_leg_id, booking_id, leg_id, seat_id, price) VALUES (717, 38, 12, 47, 1275.26);
INSERT INTO booking_leg (booking_leg_id, booking_id, leg_id, seat_id, price) VALUES (718, 61, 288, 36, 1431.74);
INSERT INTO booking_leg (booking_leg_id, booking_id, leg_id, seat_id, price) VALUES (719, 76, 170, 68, 609.09);
INSERT INTO booking_leg (booking_leg_id, booking_id, leg_id, seat_id, price) VALUES (720, 386, 300, 64, 122.86);
INSERT INTO booking_leg (booking_leg_id, booking_id, leg_id, seat_id, price) VALUES (721, 91, 221, 96, 842.67);
INSERT INTO booking_leg (booking_leg_id, booking_id, leg_id, seat_id, price) VALUES (722, 217, 183, 199, 843.85);
INSERT INTO booking_leg (booking_leg_id, booking_id, leg_id, seat_id, price) VALUES (723, 179, 174, 59, 514.13);
INSERT INTO booking_leg (booking_leg_id, booking_id, leg_id, seat_id, price) VALUES (724, 84, 235, 182, 1367.38);
INSERT INTO booking_leg (booking_leg_id, booking_id, leg_id, seat_id, price) VALUES (725, 432, 61, 54, 156.34);
INSERT INTO booking_leg (booking_leg_id, booking_id, leg_id, seat_id, price) VALUES (726, 17, 181, 94, 106.46);
INSERT INTO booking_leg (booking_leg_id, booking_id, leg_id, seat_id, price) VALUES (727, 411, 198, 121, 370.81);
INSERT INTO booking_leg (booking_leg_id, booking_id, leg_id, seat_id, price) VALUES (728, 186, 284, 126, 604.79);
INSERT INTO booking_leg (booking_leg_id, booking_id, leg_id, seat_id, price) VALUES (729, 463, 242, 91, 1102.65);
INSERT INTO booking_leg (booking_leg_id, booking_id, leg_id, seat_id, price) VALUES (730, 395, 48, 82, 1196.94);
INSERT INTO booking_leg (booking_leg_id, booking_id, leg_id, seat_id, price) VALUES (731, 191, 203, 70, 257.4);
INSERT INTO booking_leg (booking_leg_id, booking_id, leg_id, seat_id, price) VALUES (732, 362, 46, 41, 166.57);
INSERT INTO booking_leg (booking_leg_id, booking_id, leg_id, seat_id, price) VALUES (733, 40, 255, 133, 447.24);
INSERT INTO booking_leg (booking_leg_id, booking_id, leg_id, seat_id, price) VALUES (734, 476, 222, 86, 585.09);
INSERT INTO booking_leg (booking_leg_id, booking_id, leg_id, seat_id, price) VALUES (735, 172, 124, 70, 434.06);
INSERT INTO booking_leg (booking_leg_id, booking_id, leg_id, seat_id, price) VALUES (736, 342, 219, 18, 345.51);
INSERT INTO booking_leg (booking_leg_id, booking_id, leg_id, seat_id, price) VALUES (737, 352, 274, 37, 116.63);
INSERT INTO booking_leg (booking_leg_id, booking_id, leg_id, seat_id, price) VALUES (738, 283, 257, 105, 1159.4);
INSERT INTO booking_leg (booking_leg_id, booking_id, leg_id, seat_id, price) VALUES (739, 225, 287, 158, 1136.42);
INSERT INTO booking_leg (booking_leg_id, booking_id, leg_id, seat_id, price) VALUES (740, 394, 221, 96, 907.3);
INSERT INTO booking_leg (booking_leg_id, booking_id, leg_id, seat_id, price) VALUES (741, 11, 143, 90, 542.36);
INSERT INTO booking_leg (booking_leg_id, booking_id, leg_id, seat_id, price) VALUES (742, 221, 106, 149, 832.72);
INSERT INTO booking_leg (booking_leg_id, booking_id, leg_id, seat_id, price) VALUES (743, 77, 171, 15, 171.16);
INSERT INTO booking_leg (booking_leg_id, booking_id, leg_id, seat_id, price) VALUES (744, 375, 267, 38, 1354.63);
INSERT INTO booking_leg (booking_leg_id, booking_id, leg_id, seat_id, price) VALUES (745, 481, 16, 180, 1078.8);
INSERT INTO booking_leg (booking_leg_id, booking_id, leg_id, seat_id, price) VALUES (746, 193, 137, 112, 1021.34);
INSERT INTO booking_leg (booking_leg_id, booking_id, leg_id, seat_id, price) VALUES (747, 264, 99, 22, 887.57);
INSERT INTO booking_leg (booking_leg_id, booking_id, leg_id, seat_id, price) VALUES (748, 353, 269, 146, 616.87);
INSERT INTO booking_leg (booking_leg_id, booking_id, leg_id, seat_id, price) VALUES (749, 243, 199, 31, 1408.19);
INSERT INTO booking_leg (booking_leg_id, booking_id, leg_id, seat_id, price) VALUES (750, 373, 215, 136, 1208.45);
INSERT INTO booking_leg (booking_leg_id, booking_id, leg_id, seat_id, price) VALUES (751, 225, 150, 105, 1117.8);
INSERT INTO booking_leg (booking_leg_id, booking_id, leg_id, seat_id, price) VALUES (752, 287, 81, 157, 1206.78);
INSERT INTO booking_leg (booking_leg_id, booking_id, leg_id, seat_id, price) VALUES (753, 194, 11, 177, 1448.34);
INSERT INTO booking_leg (booking_leg_id, booking_id, leg_id, seat_id, price) VALUES (754, 315, 127, 153, 789.32);
INSERT INTO booking_leg (booking_leg_id, booking_id, leg_id, seat_id, price) VALUES (755, 449, 185, 174, 1157.57);
INSERT INTO booking_leg (booking_leg_id, booking_id, leg_id, seat_id, price) VALUES (756, 16, 79, 108, 504.85);
INSERT INTO booking_leg (booking_leg_id, booking_id, leg_id, seat_id, price) VALUES (757, 381, 239, 45, 1278.49);
INSERT INTO booking_leg (booking_leg_id, booking_id, leg_id, seat_id, price) VALUES (758, 365, 286, 198, 977.53);
INSERT INTO booking_leg (booking_leg_id, booking_id, leg_id, seat_id, price) VALUES (759, 410, 177, 12, 105.74);
INSERT INTO booking_leg (booking_leg_id, booking_id, leg_id, seat_id, price) VALUES (760, 138, 34, 164, 339.22);
INSERT INTO booking_leg (booking_leg_id, booking_id, leg_id, seat_id, price) VALUES (761, 234, 96, 135, 1447.85);
INSERT INTO booking_leg (booking_leg_id, booking_id, leg_id, seat_id, price) VALUES (762, 228, 265, 27, 403.09);
INSERT INTO booking_leg (booking_leg_id, booking_id, leg_id, seat_id, price) VALUES (763, 372, 255, 79, 226.11);
INSERT INTO booking_leg (booking_leg_id, booking_id, leg_id, seat_id, price) VALUES (764, 104, 143, 144, 1107.7);
INSERT INTO booking_leg (booking_leg_id, booking_id, leg_id, seat_id, price) VALUES (765, 300, 129, 19, 196.85);
INSERT INTO booking_leg (booking_leg_id, booking_id, leg_id, seat_id, price) VALUES (766, 97, 286, 63, 421.23);
INSERT INTO booking_leg (booking_leg_id, booking_id, leg_id, seat_id, price) VALUES (767, 125, 10, 183, 240.74);
INSERT INTO booking_leg (booking_leg_id, booking_id, leg_id, seat_id, price) VALUES (768, 385, 295, 142, 359.11);
INSERT INTO booking_leg (booking_leg_id, booking_id, leg_id, seat_id, price) VALUES (769, 482, 232, 115, 130.5);
INSERT INTO booking_leg (booking_leg_id, booking_id, leg_id, seat_id, price) VALUES (770, 386, 63, 151, 856.45);
INSERT INTO booking_leg (booking_leg_id, booking_id, leg_id, seat_id, price) VALUES (771, 83, 42, 15, 616.57);
INSERT INTO booking_leg (booking_leg_id, booking_id, leg_id, seat_id, price) VALUES (772, 343, 256, 164, 1250.06);
INSERT INTO booking_leg (booking_leg_id, booking_id, leg_id, seat_id, price) VALUES (773, 492, 28, 176, 859.89);
INSERT INTO booking_leg (booking_leg_id, booking_id, leg_id, seat_id, price) VALUES (774, 115, 108, 72, 121.89);
INSERT INTO booking_leg (booking_leg_id, booking_id, leg_id, seat_id, price) VALUES (775, 206, 280, 13, 773.95);
INSERT INTO booking_leg (booking_leg_id, booking_id, leg_id, seat_id, price) VALUES (776, 142, 285, 109, 1023.03);
INSERT INTO booking_leg (booking_leg_id, booking_id, leg_id, seat_id, price) VALUES (777, 252, 144, 177, 1251.28);
INSERT INTO booking_leg (booking_leg_id, booking_id, leg_id, seat_id, price) VALUES (778, 97, 131, 16, 761.01);
INSERT INTO booking_leg (booking_leg_id, booking_id, leg_id, seat_id, price) VALUES (779, 254, 61, 161, 628.75);
INSERT INTO booking_leg (booking_leg_id, booking_id, leg_id, seat_id, price) VALUES (780, 122, 249, 192, 363.57);
INSERT INTO booking_leg (booking_leg_id, booking_id, leg_id, seat_id, price) VALUES (781, 354, 253, 196, 622.74);
INSERT INTO booking_leg (booking_leg_id, booking_id, leg_id, seat_id, price) VALUES (782, 254, 35, 16, 206.75);
INSERT INTO booking_leg (booking_leg_id, booking_id, leg_id, seat_id, price) VALUES (783, 299, 271, 156, 387.0);
INSERT INTO booking_leg (booking_leg_id, booking_id, leg_id, seat_id, price) VALUES (784, 252, 131, 158, 1365.8);
INSERT INTO booking_leg (booking_leg_id, booking_id, leg_id, seat_id, price) VALUES (785, 22, 252, 133, 662.35);
INSERT INTO booking_leg (booking_leg_id, booking_id, leg_id, seat_id, price) VALUES (786, 29, 173, 61, 615.88);
INSERT INTO booking_leg (booking_leg_id, booking_id, leg_id, seat_id, price) VALUES (787, 52, 166, 179, 806.41);
INSERT INTO booking_leg (booking_leg_id, booking_id, leg_id, seat_id, price) VALUES (788, 436, 96, 23, 900.85);
INSERT INTO booking_leg (booking_leg_id, booking_id, leg_id, seat_id, price) VALUES (789, 332, 275, 19, 956.6);
INSERT INTO booking_leg (booking_leg_id, booking_id, leg_id, seat_id, price) VALUES (790, 132, 246, 8, 853.19);
INSERT INTO booking_leg (booking_leg_id, booking_id, leg_id, seat_id, price) VALUES (791, 365, 131, 114, 1068.39);
INSERT INTO booking_leg (booking_leg_id, booking_id, leg_id, seat_id, price) VALUES (792, 6, 129, 188, 919.45);
INSERT INTO booking_leg (booking_leg_id, booking_id, leg_id, seat_id, price) VALUES (793, 472, 135, 157, 448.16);
INSERT INTO booking_leg (booking_leg_id, booking_id, leg_id, seat_id, price) VALUES (794, 349, 69, 58, 610.96);
INSERT INTO booking_leg (booking_leg_id, booking_id, leg_id, seat_id, price) VALUES (795, 406, 28, 126, 1241.94);
INSERT INTO booking_leg (booking_leg_id, booking_id, leg_id, seat_id, price) VALUES (796, 83, 93, 126, 1203.91);
INSERT INTO booking_leg (booking_leg_id, booking_id, leg_id, seat_id, price) VALUES (797, 298, 151, 7, 1043.75);
INSERT INTO booking_leg (booking_leg_id, booking_id, leg_id, seat_id, price) VALUES (798, 245, 259, 95, 506.73);
INSERT INTO booking_leg (booking_leg_id, booking_id, leg_id, seat_id, price) VALUES (799, 173, 260, 195, 348.12);
INSERT INTO booking_leg (booking_leg_id, booking_id, leg_id, seat_id, price) VALUES (800, 116, 5, 152, 1412.18);
INSERT INTO booking_leg (booking_leg_id, booking_id, leg_id, seat_id, price) VALUES (801, 346, 110, 82, 1480.63);
INSERT INTO booking_leg (booking_leg_id, booking_id, leg_id, seat_id, price) VALUES (802, 411, 117, 189, 402.64);
INSERT INTO booking_leg (booking_leg_id, booking_id, leg_id, seat_id, price) VALUES (803, 159, 209, 146, 1153.29);
INSERT INTO booking_leg (booking_leg_id, booking_id, leg_id, seat_id, price) VALUES (804, 415, 140, 160, 493.77);
INSERT INTO booking_leg (booking_leg_id, booking_id, leg_id, seat_id, price) VALUES (805, 34, 167, 96, 144.36);
INSERT INTO booking_leg (booking_leg_id, booking_id, leg_id, seat_id, price) VALUES (806, 289, 25, 144, 1298.59);
INSERT INTO booking_leg (booking_leg_id, booking_id, leg_id, seat_id, price) VALUES (807, 116, 126, 193, 409.72);
INSERT INTO booking_leg (booking_leg_id, booking_id, leg_id, seat_id, price) VALUES (808, 448, 197, 130, 237.49);
INSERT INTO booking_leg (booking_leg_id, booking_id, leg_id, seat_id, price) VALUES (809, 81, 179, 168, 398.95);
INSERT INTO booking_leg (booking_leg_id, booking_id, leg_id, seat_id, price) VALUES (810, 249, 215, 108, 957.57);
INSERT INTO booking_leg (booking_leg_id, booking_id, leg_id, seat_id, price) VALUES (811, 392, 202, 95, 475.02);
INSERT INTO booking_leg (booking_leg_id, booking_id, leg_id, seat_id, price) VALUES (812, 387, 23, 111, 556.26);
INSERT INTO booking_leg (booking_leg_id, booking_id, leg_id, seat_id, price) VALUES (813, 151, 153, 180, 1417.23);
INSERT INTO booking_leg (booking_leg_id, booking_id, leg_id, seat_id, price) VALUES (814, 421, 71, 24, 1305.11);
INSERT INTO booking_leg (booking_leg_id, booking_id, leg_id, seat_id, price) VALUES (815, 145, 245, 133, 1345.86);
INSERT INTO booking_leg (booking_leg_id, booking_id, leg_id, seat_id, price) VALUES (816, 218, 127, 159, 419.15);
INSERT INTO booking_leg (booking_leg_id, booking_id, leg_id, seat_id, price) VALUES (817, 160, 217, 192, 1257.96);
INSERT INTO booking_leg (booking_leg_id, booking_id, leg_id, seat_id, price) VALUES (818, 136, 179, 47, 571.98);
INSERT INTO booking_leg (booking_leg_id, booking_id, leg_id, seat_id, price) VALUES (819, 309, 238, 177, 1199.27);
INSERT INTO booking_leg (booking_leg_id, booking_id, leg_id, seat_id, price) VALUES (820, 453, 285, 24, 1470.81);
INSERT INTO booking_leg (booking_leg_id, booking_id, leg_id, seat_id, price) VALUES (821, 11, 273, 175, 953.82);
INSERT INTO booking_leg (booking_leg_id, booking_id, leg_id, seat_id, price) VALUES (822, 34, 192, 137, 661.46);
INSERT INTO booking_leg (booking_leg_id, booking_id, leg_id, seat_id, price) VALUES (823, 172, 36, 185, 731.25);
INSERT INTO booking_leg (booking_leg_id, booking_id, leg_id, seat_id, price) VALUES (824, 323, 291, 39, 782.63);
INSERT INTO booking_leg (booking_leg_id, booking_id, leg_id, seat_id, price) VALUES (825, 58, 52, 174, 1193.74);
INSERT INTO booking_leg (booking_leg_id, booking_id, leg_id, seat_id, price) VALUES (826, 388, 128, 158, 1358.48);
INSERT INTO booking_leg (booking_leg_id, booking_id, leg_id, seat_id, price) VALUES (827, 488, 99, 168, 1058.81);
INSERT INTO booking_leg (booking_leg_id, booking_id, leg_id, seat_id, price) VALUES (828, 111, 162, 57, 1364.62);
INSERT INTO booking_leg (booking_leg_id, booking_id, leg_id, seat_id, price) VALUES (829, 14, 27, 6, 150.59);
INSERT INTO booking_leg (booking_leg_id, booking_id, leg_id, seat_id, price) VALUES (830, 50, 265, 192, 1183.76);
INSERT INTO booking_leg (booking_leg_id, booking_id, leg_id, seat_id, price) VALUES (831, 488, 197, 155, 1066.95);
INSERT INTO booking_leg (booking_leg_id, booking_id, leg_id, seat_id, price) VALUES (832, 174, 15, 68, 1277.57);
INSERT INTO booking_leg (booking_leg_id, booking_id, leg_id, seat_id, price) VALUES (833, 450, 59, 72, 594.29);
INSERT INTO booking_leg (booking_leg_id, booking_id, leg_id, seat_id, price) VALUES (834, 171, 31, 37, 410.82);
INSERT INTO booking_leg (booking_leg_id, booking_id, leg_id, seat_id, price) VALUES (835, 86, 29, 43, 705.41);
INSERT INTO booking_leg (booking_leg_id, booking_id, leg_id, seat_id, price) VALUES (836, 220, 159, 70, 975.11);
INSERT INTO booking_leg (booking_leg_id, booking_id, leg_id, seat_id, price) VALUES (837, 420, 260, 83, 499.48);
INSERT INTO booking_leg (booking_leg_id, booking_id, leg_id, seat_id, price) VALUES (838, 34, 282, 81, 1036.34);
INSERT INTO booking_leg (booking_leg_id, booking_id, leg_id, seat_id, price) VALUES (839, 41, 21, 153, 821.59);
INSERT INTO booking_leg (booking_leg_id, booking_id, leg_id, seat_id, price) VALUES (840, 31, 43, 142, 1281.83);
INSERT INTO booking_leg (booking_leg_id, booking_id, leg_id, seat_id, price) VALUES (841, 63, 164, 2, 646.58);
INSERT INTO booking_leg (booking_leg_id, booking_id, leg_id, seat_id, price) VALUES (842, 402, 223, 100, 1290.68);
INSERT INTO booking_leg (booking_leg_id, booking_id, leg_id, seat_id, price) VALUES (843, 334, 237, 10, 1201.04);
INSERT INTO booking_leg (booking_leg_id, booking_id, leg_id, seat_id, price) VALUES (844, 331, 114, 41, 825.19);
INSERT INTO booking_leg (booking_leg_id, booking_id, leg_id, seat_id, price) VALUES (845, 93, 53, 95, 738.42);
INSERT INTO booking_leg (booking_leg_id, booking_id, leg_id, seat_id, price) VALUES (846, 444, 255, 43, 243.97);
INSERT INTO booking_leg (booking_leg_id, booking_id, leg_id, seat_id, price) VALUES (847, 406, 112, 194, 811.67);
INSERT INTO booking_leg (booking_leg_id, booking_id, leg_id, seat_id, price) VALUES (848, 467, 182, 182, 153.74);
INSERT INTO booking_leg (booking_leg_id, booking_id, leg_id, seat_id, price) VALUES (849, 69, 218, 3, 240.15);
INSERT INTO booking_leg (booking_leg_id, booking_id, leg_id, seat_id, price) VALUES (850, 333, 209, 54, 179.38);
INSERT INTO booking_leg (booking_leg_id, booking_id, leg_id, seat_id, price) VALUES (851, 309, 14, 186, 782.68);
INSERT INTO booking_leg (booking_leg_id, booking_id, leg_id, seat_id, price) VALUES (852, 370, 270, 143, 185.44);
INSERT INTO booking_leg (booking_leg_id, booking_id, leg_id, seat_id, price) VALUES (853, 379, 62, 73, 537.64);
INSERT INTO booking_leg (booking_leg_id, booking_id, leg_id, seat_id, price) VALUES (854, 248, 151, 65, 855.84);
INSERT INTO booking_leg (booking_leg_id, booking_id, leg_id, seat_id, price) VALUES (855, 190, 62, 28, 1418.27);
INSERT INTO booking_leg (booking_leg_id, booking_id, leg_id, seat_id, price) VALUES (856, 258, 243, 183, 541.3);
INSERT INTO booking_leg (booking_leg_id, booking_id, leg_id, seat_id, price) VALUES (857, 280, 125, 144, 945.02);
INSERT INTO booking_leg (booking_leg_id, booking_id, leg_id, seat_id, price) VALUES (858, 217, 45, 45, 444.12);
INSERT INTO booking_leg (booking_leg_id, booking_id, leg_id, seat_id, price) VALUES (859, 256, 213, 172, 1240.75);
INSERT INTO booking_leg (booking_leg_id, booking_id, leg_id, seat_id, price) VALUES (860, 331, 261, 52, 810.77);
INSERT INTO booking_leg (booking_leg_id, booking_id, leg_id, seat_id, price) VALUES (861, 49, 13, 72, 636.4);
INSERT INTO booking_leg (booking_leg_id, booking_id, leg_id, seat_id, price) VALUES (862, 362, 250, 198, 660.99);
INSERT INTO booking_leg (booking_leg_id, booking_id, leg_id, seat_id, price) VALUES (863, 254, 91, 133, 1405.27);
INSERT INTO booking_leg (booking_leg_id, booking_id, leg_id, seat_id, price) VALUES (864, 264, 207, 143, 475.95);
INSERT INTO booking_leg (booking_leg_id, booking_id, leg_id, seat_id, price) VALUES (865, 162, 259, 81, 635.6);
INSERT INTO booking_leg (booking_leg_id, booking_id, leg_id, seat_id, price) VALUES (866, 389, 173, 141, 221.14);
INSERT INTO booking_leg (booking_leg_id, booking_id, leg_id, seat_id, price) VALUES (867, 19, 271, 15, 1199.65);
INSERT INTO booking_leg (booking_leg_id, booking_id, leg_id, seat_id, price) VALUES (868, 103, 86, 41, 874.76);
INSERT INTO booking_leg (booking_leg_id, booking_id, leg_id, seat_id, price) VALUES (869, 266, 106, 18, 409.82);
INSERT INTO booking_leg (booking_leg_id, booking_id, leg_id, seat_id, price) VALUES (870, 139, 286, 67, 520.35);
INSERT INTO booking_leg (booking_leg_id, booking_id, leg_id, seat_id, price) VALUES (871, 272, 257, 98, 687.55);
INSERT INTO booking_leg (booking_leg_id, booking_id, leg_id, seat_id, price) VALUES (872, 313, 177, 167, 133.32);
INSERT INTO booking_leg (booking_leg_id, booking_id, leg_id, seat_id, price) VALUES (873, 45, 69, 191, 924.52);
INSERT INTO booking_leg (booking_leg_id, booking_id, leg_id, seat_id, price) VALUES (874, 466, 222, 139, 196.51);
INSERT INTO booking_leg (booking_leg_id, booking_id, leg_id, seat_id, price) VALUES (875, 340, 54, 89, 1085.12);
INSERT INTO booking_leg (booking_leg_id, booking_id, leg_id, seat_id, price) VALUES (876, 268, 23, 153, 1330.26);
INSERT INTO booking_leg (booking_leg_id, booking_id, leg_id, seat_id, price) VALUES (877, 98, 150, 52, 464.4);
INSERT INTO booking_leg (booking_leg_id, booking_id, leg_id, seat_id, price) VALUES (878, 416, 54, 155, 365.71);
INSERT INTO booking_leg (booking_leg_id, booking_id, leg_id, seat_id, price) VALUES (879, 351, 173, 166, 135.98);
INSERT INTO booking_leg (booking_leg_id, booking_id, leg_id, seat_id, price) VALUES (880, 467, 231, 81, 620.15);
INSERT INTO booking_leg (booking_leg_id, booking_id, leg_id, seat_id, price) VALUES (881, 163, 148, 9, 372.01);
INSERT INTO booking_leg (booking_leg_id, booking_id, leg_id, seat_id, price) VALUES (882, 161, 136, 135, 587.87);
INSERT INTO booking_leg (booking_leg_id, booking_id, leg_id, seat_id, price) VALUES (883, 129, 277, 49, 1296.5);
INSERT INTO booking_leg (booking_leg_id, booking_id, leg_id, seat_id, price) VALUES (884, 311, 166, 53, 465.87);
INSERT INTO booking_leg (booking_leg_id, booking_id, leg_id, seat_id, price) VALUES (885, 177, 92, 47, 334.35);
INSERT INTO booking_leg (booking_leg_id, booking_id, leg_id, seat_id, price) VALUES (886, 81, 77, 95, 1418.56);
INSERT INTO booking_leg (booking_leg_id, booking_id, leg_id, seat_id, price) VALUES (887, 102, 118, 164, 1296.17);
INSERT INTO booking_leg (booking_leg_id, booking_id, leg_id, seat_id, price) VALUES (888, 64, 228, 97, 1015.67);
INSERT INTO booking_leg (booking_leg_id, booking_id, leg_id, seat_id, price) VALUES (889, 205, 81, 5, 307.73);
INSERT INTO booking_leg (booking_leg_id, booking_id, leg_id, seat_id, price) VALUES (890, 369, 232, 150, 1483.32);
INSERT INTO booking_leg (booking_leg_id, booking_id, leg_id, seat_id, price) VALUES (891, 409, 99, 184, 1024.09);
INSERT INTO booking_leg (booking_leg_id, booking_id, leg_id, seat_id, price) VALUES (892, 457, 172, 102, 725.46);
INSERT INTO booking_leg (booking_leg_id, booking_id, leg_id, seat_id, price) VALUES (893, 205, 82, 182, 1035.7);
INSERT INTO booking_leg (booking_leg_id, booking_id, leg_id, seat_id, price) VALUES (894, 7, 250, 26, 1153.55);
INSERT INTO booking_leg (booking_leg_id, booking_id, leg_id, seat_id, price) VALUES (895, 80, 293, 156, 1288.99);
INSERT INTO booking_leg (booking_leg_id, booking_id, leg_id, seat_id, price) VALUES (896, 1, 213, 171, 874.34);
INSERT INTO booking_leg (booking_leg_id, booking_id, leg_id, seat_id, price) VALUES (897, 471, 278, 75, 1182.64);
INSERT INTO booking_leg (booking_leg_id, booking_id, leg_id, seat_id, price) VALUES (898, 208, 235, 179, 238.79);
INSERT INTO booking_leg (booking_leg_id, booking_id, leg_id, seat_id, price) VALUES (899, 465, 282, 68, 1057.84);
INSERT INTO booking_leg (booking_leg_id, booking_id, leg_id, seat_id, price) VALUES (900, 184, 148, 22, 246.85);
INSERT INTO booking_leg (booking_leg_id, booking_id, leg_id, seat_id, price) VALUES (901, 472, 75, 14, 1307.0);
INSERT INTO booking_leg (booking_leg_id, booking_id, leg_id, seat_id, price) VALUES (902, 289, 40, 32, 209.54);
INSERT INTO booking_leg (booking_leg_id, booking_id, leg_id, seat_id, price) VALUES (903, 279, 254, 158, 977.67);
INSERT INTO booking_leg (booking_leg_id, booking_id, leg_id, seat_id, price) VALUES (904, 147, 267, 47, 120.64);
INSERT INTO booking_leg (booking_leg_id, booking_id, leg_id, seat_id, price) VALUES (905, 315, 173, 139, 690.99);
INSERT INTO booking_leg (booking_leg_id, booking_id, leg_id, seat_id, price) VALUES (906, 3, 294, 163, 674.09);
INSERT INTO booking_leg (booking_leg_id, booking_id, leg_id, seat_id, price) VALUES (907, 278, 68, 25, 1123.11);
INSERT INTO booking_leg (booking_leg_id, booking_id, leg_id, seat_id, price) VALUES (908, 380, 256, 36, 150.05);
INSERT INTO booking_leg (booking_leg_id, booking_id, leg_id, seat_id, price) VALUES (909, 427, 173, 99, 867.83);
INSERT INTO booking_leg (booking_leg_id, booking_id, leg_id, seat_id, price) VALUES (910, 451, 129, 99, 1146.45);
INSERT INTO booking_leg (booking_leg_id, booking_id, leg_id, seat_id, price) VALUES (911, 375, 186, 64, 865.04);
INSERT INTO booking_leg (booking_leg_id, booking_id, leg_id, seat_id, price) VALUES (912, 224, 235, 17, 1144.35);
INSERT INTO booking_leg (booking_leg_id, booking_id, leg_id, seat_id, price) VALUES (913, 207, 246, 33, 628.65);
INSERT INTO booking_leg (booking_leg_id, booking_id, leg_id, seat_id, price) VALUES (914, 40, 146, 141, 552.41);
INSERT INTO booking_leg (booking_leg_id, booking_id, leg_id, seat_id, price) VALUES (915, 230, 193, 104, 1185.14);
INSERT INTO booking_leg (booking_leg_id, booking_id, leg_id, seat_id, price) VALUES (916, 299, 192, 69, 1383.59);
INSERT INTO booking_leg (booking_leg_id, booking_id, leg_id, seat_id, price) VALUES (917, 450, 228, 54, 270.69);
INSERT INTO booking_leg (booking_leg_id, booking_id, leg_id, seat_id, price) VALUES (918, 300, 295, 198, 129.75);
INSERT INTO booking_leg (booking_leg_id, booking_id, leg_id, seat_id, price) VALUES (919, 209, 58, 156, 1276.36);
INSERT INTO booking_leg (booking_leg_id, booking_id, leg_id, seat_id, price) VALUES (920, 215, 184, 92, 915.7);
INSERT INTO booking_leg (booking_leg_id, booking_id, leg_id, seat_id, price) VALUES (921, 14, 206, 193, 129.47);
INSERT INTO booking_leg (booking_leg_id, booking_id, leg_id, seat_id, price) VALUES (922, 226, 236, 83, 862.22);
INSERT INTO booking_leg (booking_leg_id, booking_id, leg_id, seat_id, price) VALUES (923, 445, 282, 2, 1222.65);
INSERT INTO booking_leg (booking_leg_id, booking_id, leg_id, seat_id, price) VALUES (924, 441, 70, 6, 393.87);
INSERT INTO booking_leg (booking_leg_id, booking_id, leg_id, seat_id, price) VALUES (925, 92, 105, 133, 477.8);
INSERT INTO booking_leg (booking_leg_id, booking_id, leg_id, seat_id, price) VALUES (926, 134, 166, 150, 739.1);
INSERT INTO booking_leg (booking_leg_id, booking_id, leg_id, seat_id, price) VALUES (927, 499, 89, 94, 660.58);
INSERT INTO booking_leg (booking_leg_id, booking_id, leg_id, seat_id, price) VALUES (928, 363, 117, 22, 508.3);
INSERT INTO booking_leg (booking_leg_id, booking_id, leg_id, seat_id, price) VALUES (929, 400, 215, 180, 841.47);
INSERT INTO booking_leg (booking_leg_id, booking_id, leg_id, seat_id, price) VALUES (930, 323, 236, 155, 140.03);
INSERT INTO booking_leg (booking_leg_id, booking_id, leg_id, seat_id, price) VALUES (931, 293, 146, 104, 694.8);
INSERT INTO booking_leg (booking_leg_id, booking_id, leg_id, seat_id, price) VALUES (932, 412, 138, 72, 814.22);
INSERT INTO booking_leg (booking_leg_id, booking_id, leg_id, seat_id, price) VALUES (933, 21, 190, 119, 831.39);
INSERT INTO booking_leg (booking_leg_id, booking_id, leg_id, seat_id, price) VALUES (934, 50, 105, 42, 801.2);
INSERT INTO booking_leg (booking_leg_id, booking_id, leg_id, seat_id, price) VALUES (935, 436, 28, 144, 1257.17);
INSERT INTO booking_leg (booking_leg_id, booking_id, leg_id, seat_id, price) VALUES (936, 272, 36, 61, 772.28);
INSERT INTO booking_leg (booking_leg_id, booking_id, leg_id, seat_id, price) VALUES (937, 327, 89, 51, 501.64);
INSERT INTO booking_leg (booking_leg_id, booking_id, leg_id, seat_id, price) VALUES (938, 308, 90, 41, 847.5);
INSERT INTO booking_leg (booking_leg_id, booking_id, leg_id, seat_id, price) VALUES (939, 41, 103, 65, 452.11);
INSERT INTO booking_leg (booking_leg_id, booking_id, leg_id, seat_id, price) VALUES (940, 420, 21, 95, 438.61);
INSERT INTO booking_leg (booking_leg_id, booking_id, leg_id, seat_id, price) VALUES (941, 335, 134, 9, 798.89);
INSERT INTO booking_leg (booking_leg_id, booking_id, leg_id, seat_id, price) VALUES (942, 152, 114, 200, 162.47);
INSERT INTO booking_leg (booking_leg_id, booking_id, leg_id, seat_id, price) VALUES (943, 248, 284, 4, 1118.64);
INSERT INTO booking_leg (booking_leg_id, booking_id, leg_id, seat_id, price) VALUES (944, 33, 265, 190, 1473.8);
INSERT INTO booking_leg (booking_leg_id, booking_id, leg_id, seat_id, price) VALUES (945, 469, 283, 182, 985.68);
INSERT INTO booking_leg (booking_leg_id, booking_id, leg_id, seat_id, price) VALUES (946, 63, 35, 143, 851.96);
INSERT INTO booking_leg (booking_leg_id, booking_id, leg_id, seat_id, price) VALUES (947, 254, 233, 137, 387.06);
INSERT INTO booking_leg (booking_leg_id, booking_id, leg_id, seat_id, price) VALUES (948, 96, 287, 69, 1123.34);
INSERT INTO booking_leg (booking_leg_id, booking_id, leg_id, seat_id, price) VALUES (949, 447, 134, 68, 750.06);
INSERT INTO booking_leg (booking_leg_id, booking_id, leg_id, seat_id, price) VALUES (950, 306, 225, 22, 604.08);
INSERT INTO booking_leg (booking_leg_id, booking_id, leg_id, seat_id, price) VALUES (951, 254, 124, 105, 1497.4);
INSERT INTO booking_leg (booking_leg_id, booking_id, leg_id, seat_id, price) VALUES (952, 377, 130, 20, 791.87);
INSERT INTO booking_leg (booking_leg_id, booking_id, leg_id, seat_id, price) VALUES (953, 53, 288, 124, 525.91);
INSERT INTO booking_leg (booking_leg_id, booking_id, leg_id, seat_id, price) VALUES (954, 278, 32, 82, 597.92);
INSERT INTO booking_leg (booking_leg_id, booking_id, leg_id, seat_id, price) VALUES (955, 131, 81, 138, 422.35);
INSERT INTO booking_leg (booking_leg_id, booking_id, leg_id, seat_id, price) VALUES (956, 40, 182, 34, 375.65);
INSERT INTO booking_leg (booking_leg_id, booking_id, leg_id, seat_id, price) VALUES (957, 465, 296, 20, 1029.57);
INSERT INTO booking_leg (booking_leg_id, booking_id, leg_id, seat_id, price) VALUES (958, 432, 253, 83, 651.71);
INSERT INTO booking_leg (booking_leg_id, booking_id, leg_id, seat_id, price) VALUES (959, 364, 2, 69, 499.37);
INSERT INTO booking_leg (booking_leg_id, booking_id, leg_id, seat_id, price) VALUES (960, 320, 28, 96, 1017.88);
INSERT INTO booking_leg (booking_leg_id, booking_id, leg_id, seat_id, price) VALUES (961, 462, 132, 164, 996.82);
INSERT INTO booking_leg (booking_leg_id, booking_id, leg_id, seat_id, price) VALUES (962, 49, 179, 146, 1408.86);
INSERT INTO booking_leg (booking_leg_id, booking_id, leg_id, seat_id, price) VALUES (963, 120, 196, 144, 1418.19);
INSERT INTO booking_leg (booking_leg_id, booking_id, leg_id, seat_id, price) VALUES (964, 455, 11, 80, 699.2);
INSERT INTO booking_leg (booking_leg_id, booking_id, leg_id, seat_id, price) VALUES (965, 435, 184, 186, 495.94);
INSERT INTO booking_leg (booking_leg_id, booking_id, leg_id, seat_id, price) VALUES (966, 464, 90, 63, 966.73);
INSERT INTO booking_leg (booking_leg_id, booking_id, leg_id, seat_id, price) VALUES (967, 158, 2, 73, 369.8);
INSERT INTO booking_leg (booking_leg_id, booking_id, leg_id, seat_id, price) VALUES (968, 351, 35, 12, 264.27);
INSERT INTO booking_leg (booking_leg_id, booking_id, leg_id, seat_id, price) VALUES (969, 19, 11, 196, 1194.53);
INSERT INTO booking_leg (booking_leg_id, booking_id, leg_id, seat_id, price) VALUES (970, 250, 221, 133, 1393.74);
INSERT INTO booking_leg (booking_leg_id, booking_id, leg_id, seat_id, price) VALUES (971, 297, 261, 60, 1469.09);
INSERT INTO booking_leg (booking_leg_id, booking_id, leg_id, seat_id, price) VALUES (972, 421, 226, 73, 214.08);
INSERT INTO booking_leg (booking_leg_id, booking_id, leg_id, seat_id, price) VALUES (973, 205, 194, 111, 245.6);
INSERT INTO booking_leg (booking_leg_id, booking_id, leg_id, seat_id, price) VALUES (974, 283, 223, 56, 149.31);
INSERT INTO booking_leg (booking_leg_id, booking_id, leg_id, seat_id, price) VALUES (975, 499, 138, 105, 899.11);
INSERT INTO booking_leg (booking_leg_id, booking_id, leg_id, seat_id, price) VALUES (976, 486, 221, 153, 1432.99);
INSERT INTO booking_leg (booking_leg_id, booking_id, leg_id, seat_id, price) VALUES (977, 334, 157, 42, 908.14);
INSERT INTO booking_leg (booking_leg_id, booking_id, leg_id, seat_id, price) VALUES (978, 474, 84, 142, 349.37);
INSERT INTO booking_leg (booking_leg_id, booking_id, leg_id, seat_id, price) VALUES (979, 52, 169, 137, 1434.62);
INSERT INTO booking_leg (booking_leg_id, booking_id, leg_id, seat_id, price) VALUES (980, 16, 140, 85, 1026.19);
INSERT INTO booking_leg (booking_leg_id, booking_id, leg_id, seat_id, price) VALUES (981, 121, 180, 123, 1332.03);
INSERT INTO booking_leg (booking_leg_id, booking_id, leg_id, seat_id, price) VALUES (982, 412, 124, 129, 439.96);
INSERT INTO booking_leg (booking_leg_id, booking_id, leg_id, seat_id, price) VALUES (983, 457, 250, 189, 1267.79);
INSERT INTO booking_leg (booking_leg_id, booking_id, leg_id, seat_id, price) VALUES (984, 425, 128, 151, 1191.87);
INSERT INTO booking_leg (booking_leg_id, booking_id, leg_id, seat_id, price) VALUES (985, 134, 115, 181, 1390.34);
INSERT INTO booking_leg (booking_leg_id, booking_id, leg_id, seat_id, price) VALUES (986, 230, 202, 82, 1193.55);
INSERT INTO booking_leg (booking_leg_id, booking_id, leg_id, seat_id, price) VALUES (987, 333, 161, 12, 1111.72);
INSERT INTO booking_leg (booking_leg_id, booking_id, leg_id, seat_id, price) VALUES (988, 310, 293, 118, 594.25);
INSERT INTO booking_leg (booking_leg_id, booking_id, leg_id, seat_id, price) VALUES (989, 22, 203, 115, 578.12);
INSERT INTO booking_leg (booking_leg_id, booking_id, leg_id, seat_id, price) VALUES (990, 421, 291, 161, 877.29);
INSERT INTO booking_leg (booking_leg_id, booking_id, leg_id, seat_id, price) VALUES (991, 151, 113, 83, 982.84);
INSERT INTO booking_leg (booking_leg_id, booking_id, leg_id, seat_id, price) VALUES (992, 322, 38, 155, 1479.91);
INSERT INTO booking_leg (booking_leg_id, booking_id, leg_id, seat_id, price) VALUES (993, 429, 85, 127, 600.7);
INSERT INTO booking_leg (booking_leg_id, booking_id, leg_id, seat_id, price) VALUES (994, 370, 85, 37, 167.88);
INSERT INTO booking_leg (booking_leg_id, booking_id, leg_id, seat_id, price) VALUES (995, 340, 228, 140, 759.53);
INSERT INTO booking_leg (booking_leg_id, booking_id, leg_id, seat_id, price) VALUES (996, 486, 284, 64, 798.14);
INSERT INTO booking_leg (booking_leg_id, booking_id, leg_id, seat_id, price) VALUES (997, 276, 108, 93, 1087.68);
INSERT INTO booking_leg (booking_leg_id, booking_id, leg_id, seat_id, price) VALUES (998, 334, 47, 83, 604.96);
INSERT INTO booking_leg (booking_leg_id, booking_id, leg_id, seat_id, price) VALUES (999, 138, 115, 156, 779.39);
INSERT INTO booking_leg (booking_leg_id, booking_id, leg_id, seat_id, price) VALUES (1000, 213, 144, 83, 394.76);
