INSERT INTO customer (customer_id, first_name, last_name, date_of_birth, signup_date) VALUES
(1, 'Aarav', 'Sharma', '1990-01-05', '2020-01-15'),
(2, 'Isha', 'Verma', '1991-02-10', '2020-02-18'),
(3, 'Rohan', 'Kumar', '1989-03-12', '2020-03-20'),
(4, 'Neha', 'Patel', '1992-04-14', '2020-04-22'),
(5, 'Arjun', 'Singh', '1988-05-16', '2020-05-25'),
(6, 'Tina', 'Das', '1993-06-18', '2020-06-28'),
(7, 'Karan', 'Reddy', '1990-07-20', '2020-07-15'),
(8, 'Divya', 'Naik', '1991-08-22', '2020-08-19'),
(9, 'Vikas', 'Joshi', '1987-09-24', '2020-09-21'),
(10, 'Pooja', 'Mehta', '1994-10-26', '2020-10-23'),
(11, 'Manav', 'Kapoor', '1990-11-28', '2020-11-25'),
(12, 'Sneha', 'Malik', '1992-12-30', '2020-12-27'),
(13, 'Raj', 'Bose', '1988-01-03', '2021-01-02'),
(14, 'Nisha', 'Rana', '1991-02-05', '2021-02-04'),
(15, 'Amit', 'Sinha', '1989-03-07', '2021-03-06'),
(16, 'Shreya', 'Gupta', '1993-04-09', '2021-04-08'),
(17, 'Aditya', 'Yadav', '1990-05-11', '2021-05-10'),
(18, 'Meera', 'Chopra', '1991-06-13', '2021-06-12'),
(19, 'Ravi', 'Ghosh', '1988-07-15', '2021-07-14'),
(20, 'Kavya', 'Agarwal', '1994-08-17', '2021-08-16'),
(21, 'Arnav', 'Shah', '1990-09-19', '2021-09-18'),
(22, 'Priya', 'Bajaj', '1991-10-21', '2021-10-20'),
(23, 'Sahil', 'Chawla', '1989-11-23', '2021-11-22'),
(24, 'Ritika', 'Jain', '1993-12-25', '2021-12-24'),
(25, 'Harsh', 'Kapoor', '1990-01-27', '2022-01-26'),
(26, 'Ananya', 'Mishra', '1991-02-28', '2022-02-27'),
(27, 'Deepak', 'Rathore', '1988-03-02', '2022-03-01'),
(28, 'Simran', 'Batra', '1994-04-04', '2022-04-03'),
(29, 'Yash', 'Gill', '1990-05-06', '2022-05-05'),
(30, 'Pallavi', 'Kaul', '1991-06-08', '2022-06-07'),
(31, 'Ankit', 'Rawat', '1989-07-10', '2022-07-09'),
(32, 'Radhika', 'Saxena', '1993-08-12', '2022-08-11'),
(33, 'Suresh', 'Tyagi', '1990-09-14', '2022-09-13'),
(34, 'Tanvi', 'Chhabra', '1991-10-16', '2022-10-15'),
(35, 'Vivek', 'Dhawan', '1988-11-18', '2022-11-17'),
(36, 'Shivani', 'Oberoi', '1994-12-20', '2022-12-19'),
(37, 'Kunal', 'Grover', '1990-01-22', '2023-01-21'),
(38, 'Ayesha', 'Malhotra', '1991-02-24', '2023-02-23'),
(39, 'Ashish', 'Bakshi', '1989-03-26', '2023-03-25'),
(40, 'Rekha', 'Choudhary', '1993-04-28', '2023-04-27'),
(41, 'Dev', 'Bhardwaj', '1990-05-30', '2023-05-29'),
(42, 'Swati', 'Sodhi', '1991-06-01', '2023-06-30'),
(43, 'Varun', 'Chandel', '1988-07-03', '2023-07-29'),
(44, 'Kanika', 'Lal', '1994-08-05', '2023-08-28'),
(45, 'Prateek', 'Puri', '1990-09-07', '2023-09-27'),
(46, 'Lavanya', 'Sarin', '1991-10-09', '2023-10-26'),
(47, 'Nitin', 'Mahajan', '1989-11-11', '2023-11-25'),
(48, 'Pooja', 'Bhandari', '1993-12-13', '2023-12-24'),
(49, 'Sanjay', 'Narang', '1990-01-15', '2024-01-23'),
(50, 'Monika', 'Sehgal', '1991-02-17', '2024-02-22'),
(51, 'Ajay', 'Vohra', '1988-03-19', '2024-03-20'),
(52, 'Anjali', 'Khanna', '1994-04-21', '2024-04-18'),
(53, 'Hemant', 'Matta', '1990-05-23', '2024-05-16'),
(54, 'Bhavna', 'Mehrotra', '1991-06-25', '2024-06-14'),
(55, 'Gaurav', 'Kohli', '1989-07-27', '2024-07-12'),
(56, 'Sonali', 'Bajaj', '1993-08-29', '2024-08-10'),
(57, 'Mahesh', 'Sagar', '1990-09-01', '2024-09-07'),
(58, 'Kirti', 'Ahuja', '1991-10-03', '2024-10-04'),
(59, 'Ramesh', 'Talwar', '1988-11-05', '2024-11-01'),
(60, 'Pinki', 'Juneja', '1994-12-07', '2024-12-28'),
(61, 'Anand', 'Arora', '1990-01-09', '2025-01-15'),
(62, 'Sneha', 'Bhatia', '1991-02-11', '2025-02-10'),
(63, 'Harish', 'Kashyap', '1989-03-13', '2025-03-08'),
(64, 'Namita', 'Walia', '1993-04-15', '2025-04-06'),
(65, 'Sameer', 'Behl', '1990-05-17', '2025-05-04'),
(66, 'Mona', 'Panghal', '1991-06-19', '2025-06-02'),
(67, 'Dinesh', 'Bhalla', '1988-07-21', '2025-07-01'),
(68, 'Nandita', 'Taneja', '1994-08-23', '2025-08-15'),
(69, 'Siddharth', 'Chhibber', '1990-09-25', '2025-09-20'),
(70, 'Preeti', 'Bagga', '1991-10-27', '2025-10-18'),
(71, 'Rahul', 'Kohli', '1989-11-29', '2025-11-16'),
(72, 'Deepa', 'Kalra', '1993-12-31', '2025-12-14'),
(73, 'Alok', 'Ahluwalia', '1990-01-04', '2026-01-12'),
(74, 'Vidya', 'Kakkar', '1991-02-06', '2026-02-09'),
(75, 'Keshav', 'Nagpal', '1988-03-08', '2026-03-08'),
(76, 'Sheetal', 'Puri', '1994-04-10', '2026-04-06'),
(77, 'Vimal', 'Bedi', '1990-05-12', '2026-05-04'),
(78, 'Aparna', 'Chawla', '1991-06-14', '2026-06-02'),
(79, 'Tarun', 'Luthra', '1988-07-16', '2026-07-01'),
(80, 'Rupali', 'Sikka', '1994-08-18', '2026-08-15'),
(81, 'Sunil', 'Sehgal', '1990-09-20', '2026-09-20'),
(82, 'Payal', 'Mehra', '1991-10-22', '2026-10-18'),
(83, 'Ajit', 'Gera', '1989-11-24', '2026-11-16'),
(84, 'Megha', 'Nanda', '1993-12-26', '2026-12-14'),
(85, 'Parag', 'Bahl', '1990-01-28', '2027-01-12'),
(86, 'Jaya', 'Makhija', '1991-02-02', '2027-02-09'),
(87, 'Chirag', 'Rastogi', '1988-03-04', '2027-03-08'),
(88, 'Anu', 'Rohatgi', '1994-04-06', '2027-04-06'),
(89, 'Rajeev', 'Sahni', '1990-05-08', '2027-05-04'),
(90, 'Lata', 'Khattar', '1991-06-10', '2027-06-02'),
(91, 'Prakash', 'Mehandru', '1989-07-12', '2027-07-01'),
(92, 'Seema', 'Vig', '1993-08-14', '2027-08-15'),
(93, 'Vijay', 'Mann', '1990-09-16', '2027-09-20'),
(94, 'Shalini', 'Pahuja', '1991-10-18', '2027-10-18'),
(95, 'Bharat', 'Garg', '1988-11-20', '2027-11-16'),
(96, 'Komal', 'Bansal', '1994-12-22', '2027-12-14'),
(97, 'Om', 'Khare', '1990-01-24', '2028-01-12'),
(98, 'Savita', 'Sodhi', '1991-02-26', '2028-02-09'),
(99, 'Balraj', 'Puri', '1989-03-28', '2028-03-08'),
(100, 'Rachna', 'Chibber', '1993-04-30', '2028-04-06');

INSERT INTO account_type (account_type_id, account_type) VALUES
(1, 'Savings'),
(2, 'Checking'),
(3, 'Loan');

INSERT INTO account_status (status_id, status_value) VALUES
(1, 'Active'),
(2, 'Inactive'),
(3, 'Closed');

INSERT INTO customer_account (customer_id, account_number) VALUES
(1, 1001),
(2, 1002),
(3, 1003),
(4, 1004),
(5, 1005),
(6, 1006),
(7, 1007),
(8, 1008),
(9, 1009),
(10, 1010),
(11, 1011),
(12, 1012),
(13, 1013),
(14, 1014),
(15, 1015); 



INSERT INTO account (account_number, account_type_id, status_id, date_opened, date_closed)
VALUES
(1001, 1, 1, '2021-01-01', NULL),
(1002, 2, 1, '2021-02-01', NULL),
(1003, 3, 2, '2021-03-01', '2022-03-01'),
(1004, 1, 1, '2021-04-01', NULL),
(1005, 2, 1, '2021-05-01', NULL),
(1006, 1, 1, '2021-06-01', NULL),
(1007, 3, 2, '2021-07-01', '2022-07-01'),
(1008, 2, 1, '2021-08-01', NULL),
(1009, 1, 1, '2021-09-01', NULL),
(1010, 2, 2, '2021-10-01', '2023-10-01'),
(1011, 1, 1, '2021-11-01', NULL),
(1012, 2, 1, '2021-12-01', NULL),
(1013, 3, 2, '2022-01-01', '2023-01-01'),
(1014, 2, 1, '2022-02-01', NULL),
(1015, 1, 1, '2022-03-01', NULL);


INSERT INTO transaction (transaction_id, transaction_datetime, from_account, to_account, description) VALUES
(8, '2024-08-08 18:25:00', 1015, 1016, 'Utility Bill Payment'),
(9, '2024-08-09 08:55:00', 1017, 1018, 'Loan Repayment'),
(10, '2024-08-10 12:30:00', 1019, 1020, 'Rent Payment'),
(11, '2024-08-11 14:15:00', 1021, 1022, 'Cash Deposit'),
(12, '2024-08-12 10:45:00', 1023, 1024, 'Mobile Recharge'),
(13, '2024-08-13 11:35:00', 1025, 1026, 'School Fees'),
(14, '2024-08-14 15:10:00', 1027, 1028, 'Credit Card Payment'),
(15, '2024-08-15 09:05:00', 1029, 1030, 'Insurance Premium'),
(16, '2024-08-16 17:50:00', 1031, 1032, 'Gift Transfer'),
(17, '2024-08-17 08:20:00', 1033, 1034, 'EMI Payment'),
(18, '2024-08-18 12:15:00', 1035, 1036, 'Travel Booking'),
(19, '2024-08-19 16:05:00', 1037, 1038, 'Shopping Payment'),
(20, '2024-08-20 13:25:00', 1039, 1040, 'Dining Payment'),
(21, '2024-08-21 11:10:00', 1041, 1042, 'Fuel Payment'),
(22, '2024-08-22 09:30:00', 1043, 1044, 'Transfer to Savings'),
(23, '2024-08-23 14:40:00', 1045, 1046, 'Loan Settlement'),
(24, '2024-08-24 15:50:00', 1047, 1048, 'Bill Split'),
(25, '2024-08-25 18:00:00', 1049, 1050, 'Business Payment'),
(26, '2024-08-26 08:30:00', 1051, 1052, 'Interest Credit'),
(27, '2024-08-27 17:25:00', 1053, 1054, 'Property Tax Payment'),
(28, '2024-08-28 13:15:00', 1055, 1056, 'College Fees'),
(29, '2024-08-29 16:35:00', 1057, 1058, 'Wedding Gift Transfer'),
(30, '2024-08-30 09:40:00', 1059, 1060, 'Medical Expenses'),
(31, '2024-08-31 11:55:00', 1061, 1062, 'Transfer to Parent'),
(32, '2024-09-01 14:10:00', 1063, 1064, 'Loan EMI'),
(33, '2024-09-02 10:05:00', 1065, 1066, 'Electricity Bill'),
(34, '2024-09-03 09:50:00', 1067, 1068, 'Water Bill'),
(35, '2024-09-04 15:45:00', 1069, 1070, 'Rent Collection'),
(36, '2024-09-05 12:30:00', 1071, 1072, 'Cable TV Payment'),
(37, '2024-09-06 08:15:00', 1073, 1074, 'Internet Payment'),
(38, '2024-09-07 14:35:00', 1075, 1076, 'Mutual Fund Investment'),
(39, '2024-09-08 18:50:00', 1077, 1078, 'Stock Purchase'),
(40, '2024-09-09 11:20:00', 1079, 1080, 'Stock Sale'),
(41, '2024-09-10 13:45:00', 1081, 1082, 'Charity Donation'),
(42, '2024-09-11 15:30:00', 1083, 1084, 'Travel Expense'),
(43, '2024-09-12 17:40:00', 1085, 1086, 'Fuel Expense'),
(44, '2024-09-13 09:55:00', 1087, 1088, 'Office Supplies'),
(45, '2024-09-14 16:10:00', 1089, 1090, 'Gift Purchase'),
(46, '2024-09-15 14:20:00', 1091, 1092, 'Home Repair'),
(47, '2024-09-16 10:40:00', 1093, 1094, 'Subscription Renewal'),
(48, '2024-09-17 08:50:00', 1095, 1096, 'Loan Prepayment'),
(49, '2024-09-18 13:15:00', 1097, 1098, 'Scholarship Payment'),
(50, '2024-09-19 15:25:00', 1099, 1100, 'Final month transfer'),
(51, '2024-09-20 09:05:00', 1002, 1001, 'Reversal Transfer'),
(52, '2024-09-21 11:15:00', 1004, 1003, 'Refund Payment'),
(53, '2024-09-22 14:35:00', 1006, 1005, 'Return Payment'),
(54, '2024-09-23 10:55:00', 1008, 1007, 'Correction Payment'),
(55, '2024-09-24 12:15:00', 1010, 1009, 'Loan Interest'),
(56, '2024-09-25 13:35:00', 1012, 1011, 'Refund of Overpayment'),
(57, '2024-09-26 15:05:00', 1014, 1013, 'Cashback Credit'),
(58, '2024-09-27 09:20:00', 1016, 1015, 'Rewards Redemption'),
(59, '2024-09-28 11:30:00', 1018, 1017, 'Expense Settlement'),
(60, '2024-09-29 14:00:00', 1020, 1019, 'Reverse EMI'),
(61, '2024-09-30 10:15:00', 1022, 1021, 'Interest Reversal'),
(62, '2024-10-01 09:30:00', 1024, 1023, 'Correction Transfer'),
(63, '2024-10-02 12:45:00', 1026, 1025, 'Duplicate Refund'),
(64, '2024-10-03 14:55:00', 1028, 1027, 'Bonus Payment'),
(65, '2024-10-04 16:25:00', 1030, 1029, 'Dividend Credit'),
(66, '2024-10-05 09:50:00', 1032, 1031, 'Promotional Offer'),
(67, '2024-10-06 11:40:00', 1034, 1033, 'Incentive Credit'),
(68, '2024-10-07 13:20:00', 1036, 1035, 'Loyalty Points Transfer'),
(69, '2024-10-08 15:35:00', 1038, 1037, 'Prize Money Transfer'),
(70, '2024-10-09 08:15:00', 1040, 1039, 'Cash Reward'),
(71, '2024-10-10 10:05:00', 1042, 1041, 'Refund Adjustment'),
(72, '2024-10-11 12:55:00', 1044, 1043, 'Settlement Adjustment'),
(73, '2024-10-12 14:45:00', 1046, 1045, 'Transfer Correction'),
(74, '2024-10-13 09:25:00', 1048, 1047, 'Late Fee Payment'),
(75, '2024-10-14 11:15:00', 1050, 1049, 'Penalty Payment'),
(76, '2024-10-15 13:55:00', 1052, 1051, 'Tax Deduction'),
(77, '2024-10-16 15:35:00', 1054, 1053, 'Tax Refund'),
(78, '2024-10-17 09:45:00', 1056, 1055, 'Arrears Payment'),
(79, '2024-10-18 11:25:00', 1058, 1057, 'Security Deposit Refund'),
(80, '2024-10-19 13:05:00', 1060, 1059, 'Deposit Interest'),
(81, '2024-10-20 15:20:00', 1062, 1061, 'Reimbursement'),
(82, '2024-10-21 08:50:00', 1064, 1063, 'Invoice Payment'),
(83, '2024-10-22 10:35:00', 1066, 1065, 'Subscription Fee'),
(84, '2024-10-23 12:25:00', 1068, 1067, 'One-time Fee'),
(85, '2024-10-24 14:15:00', 1070, 1069, 'Annual Fee'),
(86, '2024-10-25 09:55:00', 1072, 1071, 'Membership Renewal'),
(87, '2024-10-26 11:35:00', 1074, 1073, 'Account Maintenance Fee'),
(88, '2024-10-27 13:25:00', 1076, 1075, 'Gift Card Purchase'),
(89, '2024-10-28 15:10:00', 1078, 1077, 'Festival Bonus'),
(90, '2024-10-29 08:45:00', 1080, 1079, 'Seasonal Offer Payment'),
(91, '2024-10-30 10:20:00', 1082, 1081, 'New Year Bonus'),
(92, '2024-10-31 12:05:00', 1084, 1083, 'Diwali Gift Payment'),
(93, '2024-11-01 14:00:00', 1086, 1085, 'Holi Celebration Payment'),
(94, '2024-11-02 09:30:00', 1088, 1087, 'Christmas Gift Payment'),
(95, '2024-11-03 11:10:00', 1090, 1089, 'Festival Shopping'),
(96, '2024-11-04 13:00:00', 1092, 1091, 'Housewarming Gift'),
(97, '2024-11-05 15:15:00', 1094, 1093, 'Retirement Gift Payment'),
(98, '2024-11-06 08:40:00', 1096, 1095, 'Wedding Gift'),
(99, '2024-11-07 10:30:00', 1098, 1097, 'Anniversary Gift'),
(100, '2024-11-08 12:20:00', 1100, 1099, 'Final month transfer');

