INSERT INTO customer (customer_id, first_name, last_name, date_of_birth, signup_date) VALUES
(1, 'Chris', 'Johnson', '1991-08-18', '2021-04-17'),
(2, 'Michael', 'Wilson', '1968-02-02', '2022-02-14'),
(3, 'Robert', 'Smith', '1974-11-20', '2019-07-22'),
(4, 'John', 'Anderson', '1994-10-27', '2019-01-24'),
(5, 'John', 'Brown', '1964-06-19', '2023-03-20'),
(6, 'David', 'Doe', '1972-03-22', '2023-06-11'),
(7, 'Emily', 'Doe', '1976-04-03', '2018-08-11'),
(8, 'David', 'Davis', '1970-08-10', '2018-02-20'),
(9, 'Sarah', 'Wilson', '1975-05-01', '2019-01-02'),
(10, 'John', 'Moore', '1981-05-12', '2022-06-13'),
(11, 'Linda', 'Brown', '2002-07-18', '2019-11-02'),
(12, 'Michael', 'Doe', '1993-07-31', '2021-12-08'),
(13, 'Robert', 'Wilson', '1962-02-02', '2018-10-25'),
(14, 'Jane', 'Anderson', '1999-08-21', '2018-10-14'),
(15, 'Jane', 'Smith', '1977-11-24', '2019-05-17'),
(16, 'Emily', 'Miller', '1990-10-30', '2018-02-21'),
(17, 'Michael', 'Anderson', '1993-06-01', '2023-08-18'),
(18, 'Sarah', 'Wilson', '1960-12-11', '2019-08-02'),
(19, 'Robert', 'Taylor', '1984-09-17', '2022-12-01'),
(20, 'David', 'Smith', '1979-09-03', '2020-12-12'),
(21, 'John', 'Johnson', '1964-12-18', '2019-10-31'),
(22, 'Jane', 'Anderson', '1972-12-14', '2019-11-01'),
(23, 'Robert', 'Anderson', '1979-11-10', '2023-10-11'),
(24, 'John', 'Moore', '1961-11-29', '2023-07-06'),
(25, 'Linda', 'Davis', '1973-06-05', '2018-03-22'),
(26, 'Chris', 'Moore', '1994-06-08', '2018-08-14'),
(27, 'Sarah', 'Doe', '1991-07-10', '2022-10-28'),
(28, 'Laura', 'Wilson', '1964-07-02', '2019-05-09'),
(29, 'Emily', 'Smith', '1991-08-24', '2019-12-31'),
(30, 'Sarah', 'Doe', '1994-09-14', '2020-11-09'),
(31, 'Emily', 'Smith', '1989-12-07', '2018-02-02'),
(32, 'Linda', 'Wilson', '1991-09-12', '2021-02-22'),
(33, 'Laura', 'Davis', '1969-11-28', '2023-04-18'),
(34, 'Chris', 'Smith', '1990-08-27', '2019-02-09'),
(35, 'Robert', 'Taylor', '1964-05-25', '2022-10-22'),
(36, 'Laura', 'Taylor', '1997-08-26', '2020-02-12'),
(37, 'Jane', 'Anderson', '2002-03-07', '2023-10-06'),
(38, 'Linda', 'Doe', '1978-03-22', '2020-02-28'),
(39, 'Jane', 'Johnson', '1973-08-30', '2018-11-26'),
(40, 'Robert', 'Anderson', '1974-09-18', '2018-09-29'),
(41, 'Michael', 'Johnson', '1977-12-23', '2022-11-22'),
(42, 'Laura', 'Brown', '1988-06-16', '2020-02-11'),
(43, 'John', 'Johnson', '1981-06-28', '2023-08-03'),
(44, 'Laura', 'Taylor', '1961-08-29', '2020-02-02'),
(45, 'Emily', 'Wilson', '1997-02-28', '2023-04-01'),
(46, 'Robert', 'Doe', '1989-01-17', '2022-12-28'),
(47, 'Chris', 'Wilson', '1965-07-13', '2020-10-25'),
(48, 'David', 'Brown', '1991-03-23', '2021-01-19'),
(49, 'John', 'Moore', '2002-03-31', '2023-05-31'),
(50, 'Michael', 'Brown', '1989-10-02', '2019-10-04');

INSERT INTO account_type (account_type_id, account_type) VALUES
(1, 'Savings'),
(2, 'Current'),
(3, 'Fixed Deposit'),
(4, 'Loan');

INSERT INTO account_status (status_id, status_value) VALUES
(1, 'Active'),
(2, 'Inactive'),
(3, 'Closed'),
(4, 'Suspended');

INSERT INTO account (account_number, account_type_id, status_id, date_opened, date_closed) VALUES
(10001, 3, 3, '2022-07-10', '2023-10-03'),
(10002, 1, 1, '2018-03-16', NULL),
(10003, 1, 4, '2021-04-23', '2021-08-12'),
(10004, 3, 1, '2022-08-01', NULL),
(10005, 3, 4, '2020-04-03', '2021-06-19'),
(10006, 3, 3, '2021-01-28', '2023-11-26'),
(10007, 3, 2, '2022-09-09', '2023-02-16'),
(10008, 3, 2, '2020-01-09', '2022-08-23'),
(10009, 3, 4, '2019-07-11', '2023-07-19'),
(10010, 4, 4, '2023-07-09', '2023-09-07'),
(10011, 1, 1, '2021-07-19', NULL),
(10012, 3, 4, '2023-09-14', '2023-10-21'),
(10013, 4, 3, '2018-05-13', '2019-06-28'),
(10014, 3, 1, '2019-06-27', NULL),
(10015, 2, 4, '2019-08-25', '2022-12-29'),
(10016, 3, 4, '2022-07-15', '2023-08-07'),
(10017, 2, 4, '2019-12-22', '2023-05-28'),
(10018, 4, 1, '2023-11-21', NULL),
(10019, 3, 2, '2018-12-09', '2019-01-29'),
(10020, 2, 1, '2022-06-04', NULL),
(10021, 3, 4, '2021-03-09', '2023-01-21'),
(10022, 2, 4, '2018-11-26', '2019-03-13'),
(10023, 2, 2, '2018-04-30', '2022-08-10'),
(10024, 4, 4, '2021-03-27', '2021-07-05'),
(10025, 1, 4, '2022-03-08', '2023-01-06'),
(10026, 1, 4, '2018-12-26', '2021-03-06'),
(10027, 3, 1, '2018-12-03', NULL),
(10028, 4, 1, '2021-12-26', NULL),
(10029, 3, 2, '2023-11-08', '2023-12-14'),
(10030, 1, 1, '2022-07-05', NULL),
(10031, 4, 2, '2023-12-10', '2023-12-10'),
(10032, 2, 1, '2021-02-16', NULL),
(10033, 2, 4, '2023-03-19', '2023-07-19'),
(10034, 4, 4, '2023-12-16', '2023-12-31'),
(10035, 1, 2, '2019-11-04', '2020-09-18'),
(10036, 3, 2, '2021-01-21', '2022-12-03'),
(10037, 2, 1, '2019-12-05', NULL),
(10038, 2, 3, '2020-03-17', '2022-07-10'),
(10039, 2, 4, '2018-12-31', '2022-10-30'),
(10040, 4, 2, '2021-06-17', '2023-11-06'),
(10041, 4, 1, '2022-08-07', NULL),
(10042, 2, 3, '2022-01-03', '2022-03-17'),
(10043, 2, 1, '2023-12-28', NULL),
(10044, 1, 1, '2023-08-31', NULL),
(10045, 2, 3, '2020-09-27', '2022-03-14'),
(10046, 3, 2, '2018-01-27', '2022-02-25'),
(10047, 3, 2, '2023-12-09', '2023-12-18'),
(10048, 3, 2, '2020-06-15', '2021-05-08'),
(10049, 3, 3, '2020-01-06', '2023-05-21'),
(10050, 2, 2, '2022-10-15', '2022-10-31');

INSERT INTO customer_account (account_number, customer_id) VALUES
(10008, 1),
(10026, 2),
(10041, 2),
(10029, 3),
(10026, 4),
(10009, 4),
(10015, 5),
(10040, 6),
(10047, 7),
(10042, 8),
(10030, 8),
(10045, 9),
(10009, 10),
(10002, 10),
(10041, 11),
(10007, 12),
(10024, 12),
(10024, 13),
(10028, 14),
(10046, 14),
(10003, 15),
(10042, 16),
(10013, 17),
(10046, 17),
(10044, 18),
(10018, 19),
(10032, 19),
(10019, 20),
(10009, 21),
(10042, 21),
(10012, 22),
(10028, 23),
(10010, 23),
(10021, 24),
(10026, 24),
(10016, 25),
(10010, 26),
(10017, 26),
(10019, 27),
(10038, 27),
(10048, 28),
(10041, 28),
(10039, 29),
(10030, 30),
(10014, 31),
(10046, 32),
(10028, 32),
(10048, 33),
(10032, 33),
(10029, 34),
(10021, 34),
(10045, 35),
(10043, 36),
(10009, 36),
(10037, 37),
(10016, 38),
(10004, 39),
(10001, 40),
(10047, 41),
(10018, 41),
(10042, 42),
(10031, 43),
(10048, 44),
(10027, 45),
(10028, 46),
(10023, 46),
(10002, 47),
(10011, 48),
(10040, 49),
(10049, 50);

INSERT INTO transaction (transaction_id, transaction_datetime, from_account, to_account, description) VALUES
(1, '2023-01-31 00:00:00', 10033, 10034, 'Loan repayment'),
(2, '2019-06-24 00:00:00', 10041, 10043, 'Payment'),
(3, '2023-01-12 00:00:00', 10024, 10042, 'Withdrawal'),
(4, '2022-09-09 00:00:00', 10028, 10010, 'Transfer'),
(5, '2021-02-15 00:00:00', 10050, 10031, 'Deposit'),
(6, '2021-09-24 00:00:00', 10015, 10026, 'Deposit'),
(7, '2022-08-29 00:00:00', 10027, 10014, 'Withdrawal'),
(8, '2019-08-26 00:00:00', 10027, 10002, 'Withdrawal'),
(9, '2023-10-16 00:00:00', 10032, 10050, 'Transfer'),
(10, '2021-08-26 00:00:00', 10028, 10041, 'Payment'),
(11, '2022-01-29 00:00:00', 10035, 10040, 'Withdrawal'),
(12, '2022-05-06 00:00:00', 10032, 10001, 'Transfer'),
(13, '2023-09-01 00:00:00', 10050, 10046, 'Withdrawal'),
(14, '2020-05-08 00:00:00', 10006, 10003, 'Withdrawal'),
(15, '2022-09-19 00:00:00', 10049, 10040, 'Withdrawal'),
(16, '2023-02-21 00:00:00', 10014, 10009, 'Transfer'),
(17, '2022-08-05 00:00:00', 10042, 10008, 'Deposit'),
(18, '2021-05-20 00:00:00', 10001, 10019, 'Withdrawal'),
(19, '2021-05-21 00:00:00', 10048, 10016, 'Withdrawal'),
(20, '2023-05-11 00:00:00', 10010, 10026, 'Payment'),
(21, '2023-03-27 00:00:00', 10003, 10049, 'Withdrawal'),
(22, '2019-03-09 00:00:00', 10048, 10016, 'Deposit'),
(23, '2022-09-26 00:00:00', 10035, 10020, 'Deposit'),
(24, '2021-12-02 00:00:00', 10035, 10033, 'Deposit'),
(25, '2022-05-05 00:00:00', 10014, 10021, 'Withdrawal'),
(26, '2021-11-08 00:00:00', 10033, 10034, 'Transfer'),
(27, '2020-12-17 00:00:00', 10014, 10019, 'Withdrawal'),
(28, '2022-11-28 00:00:00', 10046, 10029, 'Transfer'),
(29, '2022-05-21 00:00:00', 10024, 10006, 'Transfer'),
(30, '2022-11-02 00:00:00', 10038, 10001, 'Deposit'),
(31, '2023-05-02 00:00:00', 10046, 10001, 'Deposit'),
(32, '2022-03-14 00:00:00', 10033, 10028, 'Transfer'),
(33, '2022-09-06 00:00:00', 10003, 10043, 'Deposit'),
(34, '2020-05-02 00:00:00', 10035, 10004, 'Payment'),
(35, '2023-10-17 00:00:00', 10034, 10044, 'Payment'),
(36, '2022-02-24 00:00:00', 10031, 10040, 'Payment'),
(37, '2023-08-05 00:00:00', 10013, 10050, 'Payment'),
(38, '2023-11-03 00:00:00', 10008, 10045, 'Transfer'),
(39, '2021-01-17 00:00:00', 10012, 10026, 'Payment'),
(40, '2020-06-29 00:00:00', 10018, 10017, 'Deposit'),
(41, '2022-02-03 00:00:00', 10004, 10033, 'Withdrawal'),
(42, '2019-05-09 00:00:00', 10012, 10034, 'Loan repayment'),
(43, '2022-04-05 00:00:00', 10021, 10031, 'Loan repayment'),
(44, '2020-08-12 00:00:00', 10024, 10039, 'Payment'),
(45, '2020-06-26 00:00:00', 10036, 10011, 'Transfer'),
(46, '2021-01-29 00:00:00', 10007, 10003, 'Loan repayment'),
(47, '2023-04-19 00:00:00', 10043, 10025, 'Deposit'),
(48, '2020-04-21 00:00:00', 10035, 10022, 'Transfer'),
(49, '2019-12-23 00:00:00', 10012, 10032, 'Transfer'),
(50, '2021-12-25 00:00:00', 10040, 10015, 'Transfer'),
(51, '2023-07-04 00:00:00', 10001, 10005, 'Deposit'),
(52, '2019-07-29 00:00:00', 10026, 10036, 'Loan repayment'),
(53, '2022-08-18 00:00:00', 10037, 10024, 'Payment'),
(54, '2023-10-06 00:00:00', 10007, 10024, 'Transfer'),
(55, '2021-05-01 00:00:00', 10049, 10015, 'Transfer'),
(56, '2019-05-16 00:00:00', 10046, 10040, 'Payment'),
(57, '2021-03-01 00:00:00', 10045, 10037, 'Loan repayment'),
(58, '2020-02-13 00:00:00', 10031, 10030, 'Payment'),
(59, '2019-09-29 00:00:00', 10032, 10036, 'Withdrawal'),
(60, '2020-10-28 00:00:00', 10031, 10039, 'Transfer'),
(61, '2020-06-02 00:00:00', 10026, 10040, 'Payment'),
(62, '2021-06-06 00:00:00', 10029, 10049, 'Deposit'),
(63, '2019-02-10 00:00:00', 10004, 10031, 'Withdrawal'),
(64, '2023-02-07 00:00:00', 10032, 10017, 'Deposit'),
(65, '2020-05-30 00:00:00', 10026, 10017, 'Payment'),
(66, '2020-02-08 00:00:00', 10004, 10014, 'Transfer'),
(67, '2021-03-12 00:00:00', 10008, 10001, 'Payment'),
(68, '2023-05-31 00:00:00', 10010, 10025, 'Withdrawal'),
(69, '2020-08-31 00:00:00', 10028, 10048, 'Loan repayment'),
(70, '2022-08-06 00:00:00', 10016, 10044, 'Withdrawal'),
(71, '2019-01-28 00:00:00', 10025, 10002, 'Withdrawal'),
(72, '2021-04-22 00:00:00', 10017, 10018, 'Loan repayment'),
(73, '2020-02-18 00:00:00', 10050, 10011, 'Loan repayment'),
(74, '2021-08-18 00:00:00', 10011, 10036, 'Deposit'),
(75, '2020-08-12 00:00:00', 10043, 10013, 'Payment'),
(76, '2020-10-19 00:00:00', 10030, 10022, 'Deposit'),
(77, '2023-05-11 00:00:00', 10011, 10006, 'Loan repayment'),
(78, '2020-12-10 00:00:00', 10021, 10001, 'Deposit'),
(79, '2023-10-21 00:00:00', 10016, 10023, 'Withdrawal'),
(80, '2022-05-04 00:00:00', 10037, 10018, 'Deposit'),
(81, '2022-02-19 00:00:00', 10038, 10012, 'Deposit'),
(82, '2020-05-08 00:00:00', 10038, 10044, 'Loan repayment'),
(83, '2021-10-06 00:00:00', 10020, 10022, 'Deposit'),
(84, '2022-11-07 00:00:00', 10036, 10033, 'Transfer'),
(85, '2020-08-25 00:00:00', 10001, 10022, 'Loan repayment'),
(86, '2023-07-05 00:00:00', 10014, 10041, 'Withdrawal'),
(87, '2021-03-30 00:00:00', 10030, 10016, 'Loan repayment'),
(88, '2019-07-11 00:00:00', 10026, 10004, 'Transfer'),
(89, '2023-08-15 00:00:00', 10045, 10039, 'Transfer'),
(90, '2020-10-22 00:00:00', 10038, 10022, 'Deposit'),
(91, '2019-11-09 00:00:00', 10021, 10017, 'Loan repayment'),
(92, '2019-02-13 00:00:00', 10045, 10032, 'Payment'),
(93, '2020-10-17 00:00:00', 10003, 10008, 'Loan repayment'),
(94, '2022-10-16 00:00:00', 10019, 10022, 'Withdrawal'),
(95, '2019-10-29 00:00:00', 10013, 10033, 'Payment'),
(96, '2023-05-20 00:00:00', 10011, 10034, 'Transfer'),
(97, '2022-10-27 00:00:00', 10019, 10017, 'Deposit'),
(98, '2022-08-03 00:00:00', 10042, 10028, 'Payment'),
(99, '2023-10-04 00:00:00', 10029, 10017, 'Payment'),
(100, '2021-02-27 00:00:00', 10014, 10015, 'Withdrawal'),
(101, '2019-07-18 00:00:00', 10038, 10023, 'Withdrawal'),
(102, '2023-01-25 00:00:00', 10007, 10010, 'Deposit'),
(103, '2020-01-30 00:00:00', 10007, 10044, 'Transfer'),
(104, '2019-06-30 00:00:00', 10020, 10022, 'Loan repayment'),
(105, '2019-04-15 00:00:00', 10043, 10039, 'Withdrawal'),
(106, '2022-11-24 00:00:00', 10018, 10025, 'Payment'),
(107, '2020-10-09 00:00:00', 10041, 10049, 'Withdrawal'),
(108, '2019-01-27 00:00:00', 10049, 10037, 'Loan repayment'),
(109, '2021-04-07 00:00:00', 10037, 10030, 'Deposit'),
(110, '2020-10-26 00:00:00', 10015, 10039, 'Payment'),
(111, '2023-10-26 00:00:00', 10033, 10023, 'Transfer'),
(112, '2020-04-21 00:00:00', 10006, 10001, 'Deposit'),
(113, '2019-02-16 00:00:00', 10005, 10032, 'Loan repayment'),
(114, '2021-02-27 00:00:00', 10029, 10003, 'Transfer'),
(115, '2022-05-19 00:00:00', 10007, 10012, 'Transfer'),
(116, '2019-08-17 00:00:00', 10050, 10003, 'Withdrawal'),
(117, '2022-08-19 00:00:00', 10024, 10023, 'Payment'),
(118, '2023-11-09 00:00:00', 10022, 10038, 'Deposit'),
(119, '2019-12-10 00:00:00', 10049, 10033, 'Transfer'),
(120, '2020-05-21 00:00:00', 10042, 10027, 'Loan repayment'),
(121, '2021-08-07 00:00:00', 10020, 10004, 'Loan repayment'),
(122, '2020-09-19 00:00:00', 10040, 10035, 'Deposit'),
(123, '2019-11-17 00:00:00', 10046, 10027, 'Loan repayment'),
(124, '2023-05-12 00:00:00', 10007, 10023, 'Withdrawal'),
(125, '2021-06-19 00:00:00', 10026, 10012, 'Loan repayment'),
(126, '2022-05-14 00:00:00', 10019, 10002, 'Loan repayment'),
(127, '2020-11-11 00:00:00', 10015, 10007, 'Loan repayment'),
(128, '2023-09-20 00:00:00', 10034, 10029, 'Loan repayment'),
(129, '2023-06-08 00:00:00', 10031, 10035, 'Deposit'),
(130, '2023-02-28 00:00:00', 10040, 10018, 'Withdrawal'),
(131, '2022-05-24 00:00:00', 10048, 10011, 'Payment'),
(132, '2020-08-26 00:00:00', 10008, 10006, 'Withdrawal'),
(133, '2022-06-12 00:00:00', 10007, 10022, 'Deposit'),
(134, '2022-06-17 00:00:00', 10042, 10002, 'Transfer'),
(135, '2019-04-07 00:00:00', 10011, 10048, 'Withdrawal'),
(136, '2021-03-20 00:00:00', 10006, 10044, 'Payment'),
(137, '2021-08-15 00:00:00', 10022, 10016, 'Withdrawal'),
(138, '2022-12-11 00:00:00', 10020, 10013, 'Deposit'),
(139, '2023-02-21 00:00:00', 10050, 10026, 'Deposit'),
(140, '2021-06-27 00:00:00', 10014, 10016, 'Deposit'),
(141, '2022-06-08 00:00:00', 10032, 10030, 'Withdrawal'),
(142, '2022-08-13 00:00:00', 10009, 10046, 'Transfer'),
(143, '2020-04-01 00:00:00', 10041, 10031, 'Transfer'),
(144, '2019-04-19 00:00:00', 10043, 10050, 'Payment'),
(145, '2020-04-18 00:00:00', 10028, 10007, 'Transfer'),
(146, '2021-12-08 00:00:00', 10023, 10038, 'Deposit'),
(147, '2020-12-30 00:00:00', 10038, 10028, 'Payment'),
(148, '2022-09-22 00:00:00', 10001, 10050, 'Deposit'),
(149, '2021-05-29 00:00:00', 10009, 10043, 'Loan repayment'),
(150, '2020-09-06 00:00:00', 10006, 10031, 'Deposit');

