-- country.sql
INSERT INTO `country` VALUES
(1, `Country_1`),
(2, `Country_2`),
(3, `Country_3`),
(4, `Country_4`),
(5, `Country_5`),
(6, `Country_6`),
(7, `Country_7`),
(8, `Country_8`),
(9, `Country_9`),
(10, `Country_10`),
(11, `Country_11`),
(12, `Country_12`),
(13, `Country_13`),
(14, `Country_14`),
(15, `Country_15`),
(16, `Country_16`),
(17, `Country_17`),
(18, `Country_18`),
(19, `Country_19`),
(20, `Country_20`),
(21, `Country_21`),
(22, `Country_22`),
(23, `Country_23`),
(24, `Country_24`),
(25, `Country_25`),
(26, `Country_26`),
(27, `Country_27`),
(28, `Country_28`),
(29, `Country_29`),
(30, `Country_30`),
(31, `Country_31`),
(32, `Country_32`),
(33, `Country_33`),
(34, `Country_34`),
(35, `Country_35`),
(36, `Country_36`),
(37, `Country_37`),
(38, `Country_38`),
(39, `Country_39`),
(40, `Country_40`),
(41, `Country_41`),
(42, `Country_42`),
(43, `Country_43`),
(44, `Country_44`),
(45, `Country_45`),
(46, `Country_46`),
(47, `Country_47`),
(48, `Country_48`),
(49, `Country_49`),
(50, `Country_50`),
(51, `Country_51`),
(52, `Country_52`),
(53, `Country_53`),
(54, `Country_54`),
(55, `Country_55`),
(56, `Country_56`),
(57, `Country_57`),
(58, `Country_58`),
(59, `Country_59`),
(60, `Country_60`),
(61, `Country_61`),
(62, `Country_62`),
(63, `Country_63`),
(64, `Country_64`),
(65, `Country_65`),
(66, `Country_66`),
(67, `Country_67`),
(68, `Country_68`),
(69, `Country_69`),
(70, `Country_70`),
(71, `Country_71`),
(72, `Country_72`),
(73, `Country_73`),
(74, `Country_74`),
(75, `Country_75`),
(76, `Country_76`),
(77, `Country_77`),
(78, `Country_78`),
(79, `Country_79`),
(80, `Country_80`),
(81, `Country_81`),
(82, `Country_82`),
(83, `Country_83`),
(84, `Country_84`),
(85, `Country_85`),
(86, `Country_86`),
(87, `Country_87`),
(88, `Country_88`),
(89, `Country_89`),
(90, `Country_90`),
(91, `Country_91`),
(92, `Country_92`),
(93, `Country_93`),
(94, `Country_94`),
(95, `Country_95`),
(96, `Country_96`),
(97, `Country_97`),
(98, `Country_98`),
(99, `Country_99`),
(100, `Country_100`);
-- manufacturer.sql
INSERT INTO `manufacturer` VALUES
(1, `Manufacturer_1`),
(2, `Manufacturer_2`),
(3, `Manufacturer_3`),
(4, `Manufacturer_4`),
(5, `Manufacturer_5`),
(6, `Manufacturer_6`),
(7, `Manufacturer_7`),
(8, `Manufacturer_8`),
(9, `Manufacturer_9`),
(10, `Manufacturer_10`),
(11, `Manufacturer_11`),
(12, `Manufacturer_12`),
(13, `Manufacturer_13`),
(14, `Manufacturer_14`),
(15, `Manufacturer_15`),
(16, `Manufacturer_16`),
(17, `Manufacturer_17`),
(18, `Manufacturer_18`),
(19, `Manufacturer_19`),
(20, `Manufacturer_20`),
(21, `Manufacturer_21`),
(22, `Manufacturer_22`),
(23, `Manufacturer_23`),
(24, `Manufacturer_24`),
(25, `Manufacturer_25`),
(26, `Manufacturer_26`),
(27, `Manufacturer_27`),
(28, `Manufacturer_28`),
(29, `Manufacturer_29`),
(30, `Manufacturer_30`),
(31, `Manufacturer_31`),
(32, `Manufacturer_32`),
(33, `Manufacturer_33`),
(34, `Manufacturer_34`),
(35, `Manufacturer_35`),
(36, `Manufacturer_36`),
(37, `Manufacturer_37`),
(38, `Manufacturer_38`),
(39, `Manufacturer_39`),
(40, `Manufacturer_40`),
(41, `Manufacturer_41`),
(42, `Manufacturer_42`),
(43, `Manufacturer_43`),
(44, `Manufacturer_44`),
(45, `Manufacturer_45`),
(46, `Manufacturer_46`),
(47, `Manufacturer_47`),
(48, `Manufacturer_48`),
(49, `Manufacturer_49`),
(50, `Manufacturer_50`),
(51, `Manufacturer_51`),
(52, `Manufacturer_52`),
(53, `Manufacturer_53`),
(54, `Manufacturer_54`),
(55, `Manufacturer_55`),
(56, `Manufacturer_56`),
(57, `Manufacturer_57`),
(58, `Manufacturer_58`),
(59, `Manufacturer_59`),
(60, `Manufacturer_60`),
(61, `Manufacturer_61`),
(62, `Manufacturer_62`),
(63, `Manufacturer_63`),
(64, `Manufacturer_64`),
(65, `Manufacturer_65`),
(66, `Manufacturer_66`),
(67, `Manufacturer_67`),
(68, `Manufacturer_68`),
(69, `Manufacturer_69`),
(70, `Manufacturer_70`),
(71, `Manufacturer_71`),
(72, `Manufacturer_72`),
(73, `Manufacturer_73`),
(74, `Manufacturer_74`),
(75, `Manufacturer_75`),
(76, `Manufacturer_76`),
(77, `Manufacturer_77`),
(78, `Manufacturer_78`),
(79, `Manufacturer_79`),
(80, `Manufacturer_80`),
(81, `Manufacturer_81`),
(82, `Manufacturer_82`),
(83, `Manufacturer_83`),
(84, `Manufacturer_84`),
(85, `Manufacturer_85`),
(86, `Manufacturer_86`),
(87, `Manufacturer_87`),
(88, `Manufacturer_88`),
(89, `Manufacturer_89`),
(90, `Manufacturer_90`),
(91, `Manufacturer_91`),
(92, `Manufacturer_92`),
(93, `Manufacturer_93`),
(94, `Manufacturer_94`),
(95, `Manufacturer_95`),
(96, `Manufacturer_96`),
(97, `Manufacturer_97`),
(98, `Manufacturer_98`),
(99, `Manufacturer_99`),
(100, `Manufacturer_100`);
-- city.sql
INSERT INTO `city` VALUES
(1, 72, `City_1`),
(2, 18, `City_2`),
(3, 28, `City_3`),
(4, 31, `City_4`),
(5, 40, `City_5`),
(6, 84, `City_6`),
(7, 40, `City_7`),
(8, 68, `City_8`),
(9, 29, `City_9`),
(10, 35, `City_10`),
(11, 6, `City_11`),
(12, 12, `City_12`),
(13, 11, `City_13`),
(14, 55, `City_14`),
(15, 5, `City_15`),
(16, 12, `City_16`),
(17, 87, `City_17`),
(18, 62, `City_18`),
(19, 60, `City_19`),
(20, 28, `City_20`),
(21, 71, `City_21`),
(22, 93, `City_22`),
(23, 27, `City_23`),
(24, 23, `City_24`),
(25, 48, `City_25`),
(26, 36, `City_26`),
(27, 5, `City_27`),
(28, 59, `City_28`),
(29, 9, `City_29`),
(30, 6, `City_30`),
(31, 34, `City_31`),
(32, 10, `City_32`),
(33, 82, `City_33`),
(34, 50, `City_34`),
(35, 31, `City_35`),
(36, 3, `City_36`),
(37, 8, `City_37`),
(38, 29, `City_38`),
(39, 8, `City_39`),
(40, 27, `City_40`),
(41, 68, `City_41`),
(42, 80, `City_42`),
(43, 84, `City_43`),
(44, 97, `City_44`),
(45, 43, `City_45`),
(46, 58, `City_46`),
(47, 38, `City_47`),
(48, 91, `City_48`),
(49, 40, `City_49`),
(50, 78, `City_50`),
(51, 81, `City_51`),
(52, 65, `City_52`),
(53, 80, `City_53`),
(54, 5, `City_54`),
(55, 48, `City_55`),
(56, 1, `City_56`),
(57, 71, `City_57`),
(58, 82, `City_58`),
(59, 16, `City_59`),
(60, 23, `City_60`),
(61, 15, `City_61`),
(62, 81, `City_62`),
(63, 12, `City_63`),
(64, 30, `City_64`),
(65, 48, `City_65`),
(66, 24, `City_66`),
(67, 75, `City_67`),
(68, 66, `City_68`),
(69, 7, `City_69`),
(70, 19, `City_70`),
(71, 63, `City_71`),
(72, 81, `City_72`),
(73, 94, `City_73`),
(74, 36, `City_74`),
(75, 62, `City_75`),
(76, 85, `City_76`),
(77, 90, `City_77`),
(78, 24, `City_78`),
(79, 19, `City_79`),
(80, 24, `City_80`),
(81, 39, `City_81`),
(82, 33, `City_82`),
(83, 68, `City_83`),
(84, 23, `City_84`),
(85, 45, `City_85`),
(86, 89, `City_86`),
(87, 78, `City_87`),
(88, 15, `City_88`),
(89, 47, `City_89`),
(90, 89, `City_90`),
(91, 41, `City_91`),
(92, 51, `City_92`),
(93, 89, `City_93`),
(94, 67, `City_94`),
(95, 94, `City_95`),
(96, 51, `City_96`),
(97, 65, `City_97`),
(98, 93, `City_98`),
(99, 66, `City_99`),
(100, 97, `City_100`);
-- customer.sql
INSERT INTO `customer` VALUES
(1, 92, `First_1`, `Last_1`, `P000001`, `email1@example.com`, `+10000000001`),
(2, 56, `First_2`, `Last_2`, `P000002`, `email2@example.com`, `+10000000002`),
(3, 69, `First_3`, `Last_3`, `P000003`, `email3@example.com`, `+10000000003`),
(4, 60, `First_4`, `Last_4`, `P000004`, `email4@example.com`, `+10000000004`),
(5, 26, `First_5`, `Last_5`, `P000005`, `email5@example.com`, `+10000000005`),
(6, 70, `First_6`, `Last_6`, `P000006`, `email6@example.com`, `+10000000006`),
(7, 48, `First_7`, `Last_7`, `P000007`, `email7@example.com`, `+10000000007`),
(8, 19, `First_8`, `Last_8`, `P000008`, `email8@example.com`, `+10000000008`),
(9, 23, `First_9`, `Last_9`, `P000009`, `email9@example.com`, `+10000000009`),
(10, 57, `First_10`, `Last_10`, `P000010`, `email10@example.com`, `+10000000010`),
(11, 86, `First_11`, `Last_11`, `P000011`, `email11@example.com`, `+10000000011`),
(12, 30, `First_12`, `Last_12`, `P000012`, `email12@example.com`, `+10000000012`),
(13, 78, `First_13`, `Last_13`, `P000013`, `email13@example.com`, `+10000000013`),
(14, 88, `First_14`, `Last_14`, `P000014`, `email14@example.com`, `+10000000014`),
(15, 69, `First_15`, `Last_15`, `P000015`, `email15@example.com`, `+10000000015`),
(16, 73, `First_16`, `Last_16`, `P000016`, `email16@example.com`, `+10000000016`),
(17, 25, `First_17`, `Last_17`, `P000017`, `email17@example.com`, `+10000000017`),
(18, 20, `First_18`, `Last_18`, `P000018`, `email18@example.com`, `+10000000018`),
(19, 67, `First_19`, `Last_19`, `P000019`, `email19@example.com`, `+10000000019`),
(20, 48, `First_20`, `Last_20`, `P000020`, `email20@example.com`, `+10000000020`),
(21, 65, `First_21`, `Last_21`, `P000021`, `email21@example.com`, `+10000000021`),
(22, 39, `First_22`, `Last_22`, `P000022`, `email22@example.com`, `+10000000022`),
(23, 12, `First_23`, `Last_23`, `P000023`, `email23@example.com`, `+10000000023`),
(24, 14, `First_24`, `Last_24`, `P000024`, `email24@example.com`, `+10000000024`),
(25, 35, `First_25`, `Last_25`, `P000025`, `email25@example.com`, `+10000000025`),
(26, 87, `First_26`, `Last_26`, `P000026`, `email26@example.com`, `+10000000026`),
(27, 69, `First_27`, `Last_27`, `P000027`, `email27@example.com`, `+10000000027`),
(28, 66, `First_28`, `Last_28`, `P000028`, `email28@example.com`, `+10000000028`),
(29, 85, `First_29`, `Last_29`, `P000029`, `email29@example.com`, `+10000000029`),
(30, 71, `First_30`, `Last_30`, `P000030`, `email30@example.com`, `+10000000030`),
(31, 22, `First_31`, `Last_31`, `P000031`, `email31@example.com`, `+10000000031`),
(32, 36, `First_32`, `Last_32`, `P000032`, `email32@example.com`, `+10000000032`),
(33, 28, `First_33`, `Last_33`, `P000033`, `email33@example.com`, `+10000000033`),
(34, 58, `First_34`, `Last_34`, `P000034`, `email34@example.com`, `+10000000034`),
(35, 62, `First_35`, `Last_35`, `P000035`, `email35@example.com`, `+10000000035`),
(36, 71, `First_36`, `Last_36`, `P000036`, `email36@example.com`, `+10000000036`),
(37, 34, `First_37`, `Last_37`, `P000037`, `email37@example.com`, `+10000000037`),
(38, 4, `First_38`, `Last_38`, `P000038`, `email38@example.com`, `+10000000038`),
(39, 1, `First_39`, `Last_39`, `P000039`, `email39@example.com`, `+10000000039`),
(40, 5, `First_40`, `Last_40`, `P000040`, `email40@example.com`, `+10000000040`),
(41, 12, `First_41`, `Last_41`, `P000041`, `email41@example.com`, `+10000000041`),
(42, 95, `First_42`, `Last_42`, `P000042`, `email42@example.com`, `+10000000042`),
(43, 81, `First_43`, `Last_43`, `P000043`, `email43@example.com`, `+10000000043`),
(44, 72, `First_44`, `Last_44`, `P000044`, `email44@example.com`, `+10000000044`),
(45, 30, `First_45`, `Last_45`, `P000045`, `email45@example.com`, `+10000000045`),
(46, 98, `First_46`, `Last_46`, `P000046`, `email46@example.com`, `+10000000046`),
(47, 96, `First_47`, `Last_47`, `P000047`, `email47@example.com`, `+10000000047`),
(48, 36, `First_48`, `Last_48`, `P000048`, `email48@example.com`, `+10000000048`),
(49, 16, `First_49`, `Last_49`, `P000049`, `email49@example.com`, `+10000000049`),
(50, 78, `First_50`, `Last_50`, `P000050`, `email50@example.com`, `+10000000050`),
(51, 64, `First_51`, `Last_51`, `P000051`, `email51@example.com`, `+10000000051`),
(52, 14, `First_52`, `Last_52`, `P000052`, `email52@example.com`, `+10000000052`),
(53, 22, `First_53`, `Last_53`, `P000053`, `email53@example.com`, `+10000000053`),
(54, 91, `First_54`, `Last_54`, `P000054`, `email54@example.com`, `+10000000054`),
(55, 45, `First_55`, `Last_55`, `P000055`, `email55@example.com`, `+10000000055`),
(56, 4, `First_56`, `Last_56`, `P000056`, `email56@example.com`, `+10000000056`),
(57, 77, `First_57`, `Last_57`, `P000057`, `email57@example.com`, `+10000000057`),
(58, 46, `First_58`, `Last_58`, `P000058`, `email58@example.com`, `+10000000058`),
(59, 95, `First_59`, `Last_59`, `P000059`, `email59@example.com`, `+10000000059`),
(60, 94, `First_60`, `Last_60`, `P000060`, `email60@example.com`, `+10000000060`),
(61, 67, `First_61`, `Last_61`, `P000061`, `email61@example.com`, `+10000000061`),
(62, 20, `First_62`, `Last_62`, `P000062`, `email62@example.com`, `+10000000062`),
(63, 82, `First_63`, `Last_63`, `P000063`, `email63@example.com`, `+10000000063`),
(64, 58, `First_64`, `Last_64`, `P000064`, `email64@example.com`, `+10000000064`),
(65, 69, `First_65`, `Last_65`, `P000065`, `email65@example.com`, `+10000000065`),
(66, 3, `First_66`, `Last_66`, `P000066`, `email66@example.com`, `+10000000066`),
(67, 17, `First_67`, `Last_67`, `P000067`, `email67@example.com`, `+10000000067`),
(68, 82, `First_68`, `Last_68`, `P000068`, `email68@example.com`, `+10000000068`),
(69, 12, `First_69`, `Last_69`, `P000069`, `email69@example.com`, `+10000000069`),
(70, 96, `First_70`, `Last_70`, `P000070`, `email70@example.com`, `+10000000070`),
(71, 81, `First_71`, `Last_71`, `P000071`, `email71@example.com`, `+10000000071`),
(72, 87, `First_72`, `Last_72`, `P000072`, `email72@example.com`, `+10000000072`),
(73, 45, `First_73`, `Last_73`, `P000073`, `email73@example.com`, `+10000000073`),
(74, 63, `First_74`, `Last_74`, `P000074`, `email74@example.com`, `+10000000074`),
(75, 32, `First_75`, `Last_75`, `P000075`, `email75@example.com`, `+10000000075`),
(76, 73, `First_76`, `Last_76`, `P000076`, `email76@example.com`, `+10000000076`),
(77, 15, `First_77`, `Last_77`, `P000077`, `email77@example.com`, `+10000000077`),
(78, 11, `First_78`, `Last_78`, `P000078`, `email78@example.com`, `+10000000078`),
(79, 84, `First_79`, `Last_79`, `P000079`, `email79@example.com`, `+10000000079`),
(80, 59, `First_80`, `Last_80`, `P000080`, `email80@example.com`, `+10000000080`),
(81, 29, `First_81`, `Last_81`, `P000081`, `email81@example.com`, `+10000000081`),
(82, 15, `First_82`, `Last_82`, `P000082`, `email82@example.com`, `+10000000082`),
(83, 33, `First_83`, `Last_83`, `P000083`, `email83@example.com`, `+10000000083`),
(84, 23, `First_84`, `Last_84`, `P000084`, `email84@example.com`, `+10000000084`),
(85, 32, `First_85`, `Last_85`, `P000085`, `email85@example.com`, `+10000000085`),
(86, 69, `First_86`, `Last_86`, `P000086`, `email86@example.com`, `+10000000086`),
(87, 74, `First_87`, `Last_87`, `P000087`, `email87@example.com`, `+10000000087`),
(88, 17, `First_88`, `Last_88`, `P000088`, `email88@example.com`, `+10000000088`),
(89, 88, `First_89`, `Last_89`, `P000089`, `email89@example.com`, `+10000000089`),
(90, 24, `First_90`, `Last_90`, `P000090`, `email90@example.com`, `+10000000090`),
(91, 37, `First_91`, `Last_91`, `P000091`, `email91@example.com`, `+10000000091`),
(92, 54, `First_92`, `Last_92`, `P000092`, `email92@example.com`, `+10000000092`),
(93, 83, `First_93`, `Last_93`, `P000093`, `email93@example.com`, `+10000000093`),
(94, 19, `First_94`, `Last_94`, `P000094`, `email94@example.com`, `+10000000094`),
(95, 57, `First_95`, `Last_95`, `P000095`, `email95@example.com`, `+10000000095`),
(96, 28, `First_96`, `Last_96`, `P000096`, `email96@example.com`, `+10000000096`),
(97, 23, `First_97`, `Last_97`, `P000097`, `email97@example.com`, `+10000000097`),
(98, 44, `First_98`, `Last_98`, `P000098`, `email98@example.com`, `+10000000098`),
(99, 36, `First_99`, `Last_99`, `P000099`, `email99@example.com`, `+10000000099`),
(100, 16, `First_100`, `Last_100`, `P000100`, `email100@example.com`, `+100000000100`);
-- airline.sql
INSERT INTO `airline` VALUES
(1, `Airline_1`),
(2, `Airline_2`),
(3, `Airline_3`),
(4, `Airline_4`),
(5, `Airline_5`),
(6, `Airline_6`),
(7, `Airline_7`),
(8, `Airline_8`),
(9, `Airline_9`),
(10, `Airline_10`),
(11, `Airline_11`),
(12, `Airline_12`),
(13, `Airline_13`),
(14, `Airline_14`),
(15, `Airline_15`),
(16, `Airline_16`),
(17, `Airline_17`),
(18, `Airline_18`),
(19, `Airline_19`),
(20, `Airline_20`),
(21, `Airline_21`),
(22, `Airline_22`),
(23, `Airline_23`),
(24, `Airline_24`),
(25, `Airline_25`),
(26, `Airline_26`),
(27, `Airline_27`),
(28, `Airline_28`),
(29, `Airline_29`),
(30, `Airline_30`),
(31, `Airline_31`),
(32, `Airline_32`),
(33, `Airline_33`),
(34, `Airline_34`),
(35, `Airline_35`),
(36, `Airline_36`),
(37, `Airline_37`),
(38, `Airline_38`),
(39, `Airline_39`),
(40, `Airline_40`),
(41, `Airline_41`),
(42, `Airline_42`),
(43, `Airline_43`),
(44, `Airline_44`),
(45, `Airline_45`),
(46, `Airline_46`),
(47, `Airline_47`),
(48, `Airline_48`),
(49, `Airline_49`),
(50, `Airline_50`),
(51, `Airline_51`),
(52, `Airline_52`),
(53, `Airline_53`),
(54, `Airline_54`),
(55, `Airline_55`),
(56, `Airline_56`),
(57, `Airline_57`),
(58, `Airline_58`),
(59, `Airline_59`),
(60, `Airline_60`),
(61, `Airline_61`),
(62, `Airline_62`),
(63, `Airline_63`),
(64, `Airline_64`),
(65, `Airline_65`),
(66, `Airline_66`),
(67, `Airline_67`),
(68, `Airline_68`),
(69, `Airline_69`),
(70, `Airline_70`),
(71, `Airline_71`),
(72, `Airline_72`),
(73, `Airline_73`),
(74, `Airline_74`),
(75, `Airline_75`),
(76, `Airline_76`),
(77, `Airline_77`),
(78, `Airline_78`),
(79, `Airline_79`),
(80, `Airline_80`),
(81, `Airline_81`),
(82, `Airline_82`),
(83, `Airline_83`),
(84, `Airline_84`),
(85, `Airline_85`),
(86, `Airline_86`),
(87, `Airline_87`),
(88, `Airline_88`),
(89, `Airline_89`),
(90, `Airline_90`),
(91, `Airline_91`),
(92, `Airline_92`),
(93, `Airline_93`),
(94, `Airline_94`),
(95, `Airline_95`),
(96, `Airline_96`),
(97, `Airline_97`),
(98, `Airline_98`),
(99, `Airline_99`),
(100, `Airline_100`);
-- booking.sql
INSERT INTO `booking` VALUES
(1, 42, 53),
(2, 64, 41),
(3, 90, 51),
(4, 62, 87),
(5, 86, 68),
(6, 66, 82),
(7, 9, 27),
(8, 96, 73),
(9, 17, 87),
(10, 60, 23),
(11, 87, 81),
(12, 56, 5),
(13, 22, 34),
(14, 22, 28),
(15, 43, 68),
(16, 79, 52),
(17, 49, 92),
(18, 20, 53),
(19, 55, 44),
(20, 63, 29),
(21, 81, 36),
(22, 12, 81),
(23, 94, 61),
(24, 85, 32),
(25, 40, 96),
(26, 88, 22),
(27, 100, 71),
(28, 82, 58),
(29, 1, 47),
(30, 47, 81),
(31, 91, 97),
(32, 12, 48),
(33, 15, 52),
(34, 17, 53),
(35, 40, 34),
(36, 82, 67),
(37, 58, 68),
(38, 69, 50),
(39, 76, 74),
(40, 97, 96),
(41, 51, 63),
(42, 55, 32),
(43, 8, 83),
(44, 17, 1),
(45, 49, 72),
(46, 74, 97),
(47, 54, 39),
(48, 27, 94),
(49, 83, 9),
(50, 51, 99),
(51, 1, 53),
(52, 81, 14),
(53, 96, 7),
(54, 73, 90),
(55, 15, 29),
(56, 31, 74),
(57, 90, 33),
(58, 24, 92),
(59, 93, 3),
(60, 84, 58),
(61, 92, 53),
(62, 11, 16),
(63, 32, 6),
(64, 100, 77),
(65, 26, 57),
(66, 62, 32),
(67, 55, 9),
(68, 10, 69),
(69, 59, 49),
(70, 60, 96),
(71, 72, 39),
(72, 81, 60),
(73, 66, 31),
(74, 12, 54),
(75, 57, 17),
(76, 66, 67),
(77, 27, 42),
(78, 45, 13),
(79, 31, 45),
(80, 95, 81),
(81, 30, 55),
(82, 64, 50),
(83, 32, 82),
(84, 21, 78),
(85, 69, 18),
(86, 83, 89),
(87, 33, 24),
(88, 30, 63),
(89, 8, 4),
(90, 100, 79),
(91, 96, 46),
(92, 36, 85),
(93, 3, 7),
(94, 39, 36),
(95, 62, 77),
(96, 9, 94),
(97, 37, 55),
(98, 21, 56),
(99, 67, 19),
(100, 47, 48);
-- flight.sql
INSERT INTO `flight` VALUES
(`FL001`, 59),
(`FL002`, 44),
(`FL003`, 47),
(`FL004`, 55),
(`FL005`, 62),
(`FL006`, 76),
(`FL007`, 79),
(`FL008`, 58),
(`FL009`, 78),
(`FL010`, 64),
(`FL011`, 71),
(`FL012`, 52),
(`FL013`, 54),
(`FL014`, 72),
(`FL015`, 73),
(`FL016`, 3),
(`FL017`, 92),
(`FL018`, 98),
(`FL019`, 2),
(`FL020`, 23),
(`FL021`, 84),
(`FL022`, 37),
(`FL023`, 4),
(`FL024`, 34),
(`FL025`, 81),
(`FL026`, 40),
(`FL027`, 99),
(`FL028`, 13),
(`FL029`, 82),
(`FL030`, 28),
(`FL031`, 94),
(`FL032`, 11),
(`FL033`, 69),
(`FL034`, 10),
(`FL035`, 3),
(`FL036`, 99),
(`FL037`, 83),
(`FL038`, 67),
(`FL039`, 59),
(`FL040`, 69),
(`FL041`, 26),
(`FL042`, 41),
(`FL043`, 76),
(`FL044`, 75),
(`FL045`, 31),
(`FL046`, 91),
(`FL047`, 48),
(`FL048`, 41),
(`FL049`, 53),
(`FL050`, 78),
(`FL051`, 33),
(`FL052`, 50),
(`FL053`, 5),
(`FL054`, 21),
(`FL055`, 51),
(`FL056`, 1),
(`FL057`, 46),
(`FL058`, 73),
(`FL059`, 12),
(`FL060`, 36),
(`FL061`, 4),
(`FL062`, 21),
(`FL063`, 16),
(`FL064`, 3),
(`FL065`, 51),
(`FL066`, 76),
(`FL067`, 33),
(`FL068`, 9),
(`FL069`, 54),
(`FL070`, 96),
(`FL071`, 12),
(`FL072`, 86),
(`FL073`, 89),
(`FL074`, 46),
(`FL075`, 6),
(`FL076`, 51),
(`FL077`, 81),
(`FL078`, 79),
(`FL079`, 15),
(`FL080`, 1),
(`FL081`, 74),
(`FL082`, 21),
(`FL083`, 50),
(`FL084`, 15),
(`FL085`, 98),
(`FL086`, 17),
(`FL087`, 98),
(`FL088`, 53),
(`FL089`, 16),
(`FL090`, 77),
(`FL091`, 11),
(`FL092`, 62),
(`FL093`, 47),
(`FL094`, 27),
(`FL095`, 81),
(`FL096`, 86),
(`FL097`, 15),
(`FL098`, 5),
(`FL099`, 4),
(`FL100`, 45);
-- airport.sql
INSERT INTO `airport` VALUES
(`AP001`, 97, `Airport_1`),
(`AP002`, 6, `Airport_2`),
(`AP003`, 2, `Airport_3`),
(`AP004`, 56, `Airport_4`),
(`AP005`, 66, `Airport_5`),
(`AP006`, 45, `Airport_6`),
(`AP007`, 67, `Airport_7`),
(`AP008`, 29, `Airport_8`),
(`AP009`, 81, `Airport_9`),
(`AP010`, 28, `Airport_10`),
(`AP011`, 75, `Airport_11`),
(`AP012`, 99, `Airport_12`),
(`AP013`, 73, `Airport_13`),
(`AP014`, 75, `Airport_14`),
(`AP015`, 15, `Airport_15`),
(`AP016`, 98, `Airport_16`),
(`AP017`, 87, `Airport_17`),
(`AP018`, 91, `Airport_18`),
(`AP019`, 95, `Airport_19`),
(`AP020`, 97, `Airport_20`),
(`AP021`, 86, `Airport_21`),
(`AP022`, 30, `Airport_22`),
(`AP023`, 50, `Airport_23`),
(`AP024`, 100, `Airport_24`),
(`AP025`, 30, `Airport_25`),
(`AP026`, 15, `Airport_26`),
(`AP027`, 77, `Airport_27`),
(`AP028`, 24, `Airport_28`),
(`AP029`, 21, `Airport_29`),
(`AP030`, 51, `Airport_30`),
(`AP031`, 10, `Airport_31`),
(`AP032`, 23, `Airport_32`),
(`AP033`, 64, `Airport_33`),
(`AP034`, 86, `Airport_34`),
(`AP035`, 96, `Airport_35`),
(`AP036`, 60, `Airport_36`),
(`AP037`, 52, `Airport_37`),
(`AP038`, 7, `Airport_38`),
(`AP039`, 84, `Airport_39`),
(`AP040`, 15, `Airport_40`),
(`AP041`, 55, `Airport_41`),
(`AP042`, 60, `Airport_42`),
(`AP043`, 69, `Airport_43`),
(`AP044`, 34, `Airport_44`),
(`AP045`, 2, `Airport_45`),
(`AP046`, 51, `Airport_46`),
(`AP047`, 27, `Airport_47`),
(`AP048`, 21, `Airport_48`),
(`AP049`, 45, `Airport_49`),
(`AP050`, 66, `Airport_50`),
(`AP051`, 88, `Airport_51`),
(`AP052`, 55, `Airport_52`),
(`AP053`, 1, `Airport_53`),
(`AP054`, 80, `Airport_54`),
(`AP055`, 83, `Airport_55`),
(`AP056`, 41, `Airport_56`),
(`AP057`, 27, `Airport_57`),
(`AP058`, 88, `Airport_58`),
(`AP059`, 50, `Airport_59`),
(`AP060`, 48, `Airport_60`),
(`AP061`, 64, `Airport_61`),
(`AP062`, 93, `Airport_62`),
(`AP063`, 61, `Airport_63`),
(`AP064`, 19, `Airport_64`),
(`AP065`, 22, `Airport_65`),
(`AP066`, 7, `Airport_66`),
(`AP067`, 87, `Airport_67`),
(`AP068`, 37, `Airport_68`),
(`AP069`, 43, `Airport_69`),
(`AP070`, 44, `Airport_70`),
(`AP071`, 47, `Airport_71`),
(`AP072`, 37, `Airport_72`),
(`AP073`, 97, `Airport_73`),
(`AP074`, 37, `Airport_74`),
(`AP075`, 89, `Airport_75`),
(`AP076`, 42, `Airport_76`),
(`AP077`, 57, `Airport_77`),
(`AP078`, 13, `Airport_78`),
(`AP079`, 67, `Airport_79`),
(`AP080`, 51, `Airport_80`),
(`AP081`, 73, `Airport_81`),
(`AP082`, 8, `Airport_82`),
(`AP083`, 49, `Airport_83`),
(`AP084`, 89, `Airport_84`),
(`AP085`, 74, `Airport_85`),
(`AP086`, 16, `Airport_86`),
(`AP087`, 11, `Airport_87`),
(`AP088`, 64, `Airport_88`),
(`AP089`, 12, `Airport_89`),
(`AP090`, 97, `Airport_90`),
(`AP091`, 51, `Airport_91`),
(`AP092`, 3, `Airport_92`),
(`AP093`, 43, `Airport_93`),
(`AP094`, 13, `Airport_94`),
(`AP095`, 24, `Airport_95`),
(`AP096`, 68, `Airport_96`),
(`AP097`, 42, `Airport_97`),
(`AP098`, 97, `Airport_98`),
(`AP099`, 97, `Airport_99`),
(`AP100`, 7, `Airport_100`);
-- aircraft_model.sql
INSERT INTO `aircraft_model` VALUES
(1, 96, `Model_1`),
(2, 9, `Model_2`),
(3, 73, `Model_3`),
(4, 27, `Model_4`),
(5, 67, `Model_5`),
(6, 12, `Model_6`),
(7, 3, `Model_7`),
(8, 100, `Model_8`),
(9, 71, `Model_9`),
(10, 7, `Model_10`),
(11, 67, `Model_11`),
(12, 57, `Model_12`),
(13, 19, `Model_13`),
(14, 10, `Model_14`),
(15, 20, `Model_15`),
(16, 8, `Model_16`),
(17, 88, `Model_17`),
(18, 93, `Model_18`),
(19, 50, `Model_19`),
(20, 8, `Model_20`),
(21, 38, `Model_21`),
(22, 82, `Model_22`),
(23, 97, `Model_23`),
(24, 40, `Model_24`),
(25, 47, `Model_25`),
(26, 47, `Model_26`),
(27, 20, `Model_27`),
(28, 11, `Model_28`),
(29, 99, `Model_29`),
(30, 89, `Model_30`),
(31, 38, `Model_31`),
(32, 74, `Model_32`),
(33, 85, `Model_33`),
(34, 61, `Model_34`),
(35, 40, `Model_35`),
(36, 96, `Model_36`),
(37, 23, `Model_37`),
(38, 72, `Model_38`),
(39, 64, `Model_39`),
(40, 87, `Model_40`),
(41, 33, `Model_41`),
(42, 36, `Model_42`),
(43, 31, `Model_43`),
(44, 50, `Model_44`),
(45, 70, `Model_45`),
(46, 63, `Model_46`),
(47, 43, `Model_47`),
(48, 17, `Model_48`),
(49, 47, `Model_49`),
(50, 46, `Model_50`),
(51, 53, `Model_51`),
(52, 8, `Model_52`),
(53, 96, `Model_53`),
(54, 19, `Model_54`),
(55, 73, `Model_55`),
(56, 10, `Model_56`),
(57, 56, `Model_57`),
(58, 52, `Model_58`),
(59, 25, `Model_59`),
(60, 100, `Model_60`),
(61, 38, `Model_61`),
(62, 39, `Model_62`),
(63, 42, `Model_63`),
(64, 23, `Model_64`),
(65, 28, `Model_65`),
(66, 94, `Model_66`),
(67, 63, `Model_67`),
(68, 34, `Model_68`),
(69, 35, `Model_69`),
(70, 48, `Model_70`),
(71, 63, `Model_71`),
(72, 61, `Model_72`),
(73, 81, `Model_73`),
(74, 17, `Model_74`),
(75, 21, `Model_75`),
(76, 95, `Model_76`),
(77, 93, `Model_77`),
(78, 81, `Model_78`),
(79, 56, `Model_79`),
(80, 90, `Model_80`),
(81, 51, `Model_81`),
(82, 72, `Model_82`),
(83, 82, `Model_83`),
(84, 44, `Model_84`),
(85, 61, `Model_85`),
(86, 72, `Model_86`),
(87, 10, `Model_87`),
(88, 84, `Model_88`),
(89, 92, `Model_89`),
(90, 5, `Model_90`),
(91, 81, `Model_91`),
(92, 34, `Model_92`),
(93, 59, `Model_93`),
(94, 63, `Model_94`),
(95, 49, `Model_95`),
(96, 42, `Model_96`),
(97, 78, `Model_97`),
(98, 94, `Model_98`),
(99, 23, `Model_99`),
(100, 60, `Model_100`);
-- aircraft.sql
INSERT INTO `aircraft` VALUES
(1, 84, 42),
(2, 52, 68),
(3, 53, 80),
(4, 64, 39),
(5, 84, 68),
(6, 48, 84),
(7, 15, 55),
(8, 56, 18),
(9, 50, 60),
(10, 70, 40),
(11, 2, 49),
(12, 31, 14),
(13, 10, 9),
(14, 95, 3),
(15, 7, 47),
(16, 23, 95),
(17, 12, 4),
(18, 62, 20),
(19, 40, 85),
(20, 99, 81),
(21, 41, 85),
(22, 56, 45),
(23, 17, 32),
(24, 39, 60),
(25, 37, 17),
(26, 59, 41),
(27, 44, 86),
(28, 22, 37),
(29, 97, 40),
(30, 24, 100),
(31, 88, 89),
(32, 10, 26),
(33, 44, 99),
(34, 3, 51),
(35, 32, 47),
(36, 58, 61),
(37, 66, 17),
(38, 94, 84),
(39, 3, 66),
(40, 35, 19),
(41, 92, 90),
(42, 31, 79),
(43, 98, 61),
(44, 50, 74),
(45, 64, 82),
(46, 21, 60),
(47, 12, 19),
(48, 10, 13),
(49, 17, 93),
(50, 48, 76),
(51, 30, 53),
(52, 53, 81),
(53, 5, 48),
(54, 62, 19),
(55, 11, 77),
(56, 100, 46),
(57, 90, 81),
(58, 28, 38),
(59, 55, 2),
(60, 62, 58),
(61, 17, 81),
(62, 45, 22),
(63, 81, 53),
(64, 28, 93),
(65, 4, 84),
(66, 90, 92),
(67, 86, 58),
(68, 26, 20),
(69, 56, 47),
(70, 21, 61),
(71, 77, 63),
(72, 66, 73),
(73, 83, 7),
(74, 11, 81),
(75, 51, 2),
(76, 48, 19),
(77, 97, 99),
(78, 71, 96),
(79, 5, 43),
(80, 35, 3),
(81, 88, 4),
(82, 18, 85),
(83, 36, 76),
(84, 46, 63),
(85, 74, 15),
(86, 84, 66),
(87, 56, 58),
(88, 97, 39),
(89, 6, 13),
(90, 40, 33),
(91, 27, 21),
(92, 9, 13),
(93, 12, 97),
(94, 44, 28),
(95, 47, 72),
(96, 25, 97),
(97, 76, 41),
(98, 25, 52),
(99, 31, 38),
(100, 33, 78);
-- seat_class.sql
INSERT INTO `seat_class` VALUES
(1, `Economy`),
(2, `Business`),
(3, `First`);
-- aircraft_seat.sql
INSERT INTO `aircraft_seat` VALUES
(1, 31, 3),
(2, 25, 1),
(3, 72, 2),
(4, 43, 3),
(5, 26, 3),
(6, 18, 1),
(7, 78, 2),
(8, 91, 3),
(9, 46, 3),
(10, 34, 2),
(11, 66, 3),
(12, 53, 2),
(13, 65, 3),
(14, 69, 1),
(15, 35, 3),
(16, 55, 3),
(17, 79, 3),
(18, 17, 3),
(19, 51, 1),
(20, 21, 1),
(21, 69, 1),
(22, 37, 2),
(23, 1, 1),
(24, 14, 3),
(25, 56, 3),
(26, 38, 1),
(27, 86, 1),
(28, 82, 1),
(29, 52, 3),
(30, 50, 2),
(31, 69, 1),
(32, 36, 2),
(33, 1, 3),
(34, 14, 2),
(35, 10, 2),
(36, 22, 3),
(37, 6, 3),
(38, 75, 3),
(39, 23, 3),
(40, 20, 3),
(41, 94, 3),
(42, 22, 1),
(43, 54, 3),
(44, 59, 1),
(45, 89, 3),
(46, 81, 1),
(47, 50, 1),
(48, 95, 1),
(49, 44, 3),
(50, 56, 3),
(51, 8, 2),
(52, 73, 3),
(53, 78, 3),
(54, 39, 1),
(55, 71, 3),
(56, 96, 3),
(57, 3, 3),
(58, 7, 1),
(59, 59, 1),
(60, 20, 2),
(61, 20, 3),
(62, 81, 3),
(63, 52, 3),
(64, 27, 2),
(65, 51, 1),
(66, 1, 3),
(67, 2, 2),
(68, 58, 2),
(69, 12, 1),
(70, 40, 2),
(71, 68, 2),
(72, 49, 1),
(73, 38, 1),
(74, 25, 3),
(75, 57, 2),
(76, 39, 3),
(77, 95, 1),
(78, 86, 3),
(79, 40, 3),
(80, 30, 3),
(81, 88, 3),
(82, 51, 1),
(83, 28, 1),
(84, 79, 3),
(85, 2, 1),
(86, 50, 3),
(87, 39, 2),
(88, 5, 1),
(89, 6, 3),
(90, 89, 2),
(91, 8, 2),
(92, 33, 2),
(93, 61, 2),
(94, 34, 2),
(95, 13, 3),
(96, 32, 1),
(97, 86, 3),
(98, 87, 3),
(99, 86, 2),
(100, 55, 2);
-- leg.sql
INSERT INTO `leg` VALUES
(1, `AP070`, `AP036`, `FL044`, 87, `2025-08-01 13:00:00`, `2025-08-01 11:00:00`),
(2, `AP075`, `AP004`, `FL097`, 98, `2025-08-01 14:00:00`, `2025-08-01 12:00:00`),
(3, `AP006`, `AP004`, `FL011`, 7, `2025-08-01 15:00:00`, `2025-08-01 13:00:00`),
(4, `AP063`, `AP017`, `FL051`, 11, `2025-08-01 16:00:00`, `2025-08-01 14:00:00`),
(5, `AP059`, `AP074`, `FL011`, 41, `2025-08-01 17:00:00`, `2025-08-01 15:00:00`),
(6, `AP002`, `AP056`, `FL018`, 26, `2025-08-01 18:00:00`, `2025-08-01 16:00:00`),
(7, `AP094`, `AP052`, `FL082`, 29, `2025-08-01 19:00:00`, `2025-08-01 17:00:00`),
(8, `AP044`, `AP033`, `FL024`, 46, `2025-08-01 20:00:00`, `2025-08-01 18:00:00`),
(9, `AP066`, `AP087`, `FL059`, 63, `2025-08-01 21:00:00`, `2025-08-01 19:00:00`),
(10, `AP014`, `AP052`, `FL095`, 13, `2025-08-01 22:00:00`, `2025-08-01 20:00:00`),
(11, `AP015`, `AP072`, `FL066`, 95, `2025-08-01 23:00:00`, `2025-08-01 21:00:00`),
(12, `AP070`, `AP015`, `FL048`, 3, `2025-08-02 00:00:00`, `2025-08-01 22:00:00`),
(13, `AP040`, `AP001`, `FL044`, 79, `2025-08-02 01:00:00`, `2025-08-01 23:00:00`),
(14, `AP005`, `AP090`, `FL033`, 38, `2025-08-02 02:00:00`, `2025-08-02 00:00:00`),
(15, `AP088`, `AP057`, `FL047`, 12, `2025-08-02 03:00:00`, `2025-08-02 01:00:00`),
(16, `AP078`, `AP042`, `FL037`, 51, `2025-08-02 04:00:00`, `2025-08-02 02:00:00`),
(17, `AP066`, `AP058`, `FL050`, 61, `2025-08-02 05:00:00`, `2025-08-02 03:00:00`),
(18, `AP030`, `AP007`, `FL082`, 22, `2025-08-02 06:00:00`, `2025-08-02 04:00:00`),
(19, `AP025`, `AP051`, `FL018`, 4, `2025-08-02 07:00:00`, `2025-08-02 05:00:00`),
(20, `AP097`, `AP004`, `FL038`, 96, `2025-08-02 08:00:00`, `2025-08-02 06:00:00`),
(21, `AP037`, `AP087`, `FL035`, 50, `2025-08-02 09:00:00`, `2025-08-02 07:00:00`),
(22, `AP062`, `AP082`, `FL043`, 20, `2025-08-02 10:00:00`, `2025-08-02 08:00:00`),
(23, `AP052`, `AP042`, `FL073`, 2, `2025-08-02 11:00:00`, `2025-08-02 09:00:00`),
(24, `AP020`, `AP016`, `FL005`, 53, `2025-08-02 12:00:00`, `2025-08-02 10:00:00`),
(25, `AP057`, `AP037`, `FL023`, 26, `2025-08-02 13:00:00`, `2025-08-02 11:00:00`),
(26, `AP064`, `AP057`, `FL033`, 48, `2025-08-02 14:00:00`, `2025-08-02 12:00:00`),
(27, `AP045`, `AP045`, `FL022`, 18, `2025-08-02 15:00:00`, `2025-08-02 13:00:00`),
(28, `AP017`, `AP020`, `FL041`, 66, `2025-08-02 16:00:00`, `2025-08-02 14:00:00`),
(29, `AP063`, `AP039`, `FL006`, 17, `2025-08-02 17:00:00`, `2025-08-02 15:00:00`),
(30, `AP100`, `AP055`, `FL011`, 8, `2025-08-02 18:00:00`, `2025-08-02 16:00:00`),
(31, `AP040`, `AP055`, `FL021`, 7, `2025-08-02 19:00:00`, `2025-08-02 17:00:00`),
(32, `AP013`, `AP058`, `FL095`, 27, `2025-08-02 20:00:00`, `2025-08-02 18:00:00`),
(33, `AP078`, `AP069`, `FL021`, 40, `2025-08-02 21:00:00`, `2025-08-02 19:00:00`),
(34, `AP094`, `AP040`, `FL002`, 87, `2025-08-02 22:00:00`, `2025-08-02 20:00:00`),
(35, `AP079`, `AP090`, `FL063`, 100, `2025-08-02 23:00:00`, `2025-08-02 21:00:00`),
(36, `AP026`, `AP037`, `FL033`, 97, `2025-08-03 00:00:00`, `2025-08-02 22:00:00`),
(37, `AP026`, `AP092`, `FL089`, 71, `2025-08-03 01:00:00`, `2025-08-02 23:00:00`),
(38, `AP020`, `AP091`, `FL032`, 48, `2025-08-03 02:00:00`, `2025-08-03 00:00:00`),
(39, `AP040`, `AP087`, `FL071`, 62, `2025-08-03 03:00:00`, `2025-08-03 01:00:00`),
(40, `AP056`, `AP020`, `FL065`, 34, `2025-08-03 04:00:00`, `2025-08-03 02:00:00`),
(41, `AP002`, `AP002`, `FL071`, 82, `2025-08-03 05:00:00`, `2025-08-03 03:00:00`),
(42, `AP028`, `AP052`, `FL058`, 62, `2025-08-03 06:00:00`, `2025-08-03 04:00:00`),
(43, `AP058`, `AP082`, `FL083`, 23, `2025-08-03 07:00:00`, `2025-08-03 05:00:00`),
(44, `AP061`, `AP022`, `FL027`, 45, `2025-08-03 08:00:00`, `2025-08-03 06:00:00`),
(45, `AP078`, `AP045`, `FL042`, 28, `2025-08-03 09:00:00`, `2025-08-03 07:00:00`),
(46, `AP082`, `AP046`, `FL036`, 80, `2025-08-03 10:00:00`, `2025-08-03 08:00:00`),
(47, `AP069`, `AP044`, `FL052`, 77, `2025-08-03 11:00:00`, `2025-08-03 09:00:00`),
(48, `AP059`, `AP060`, `FL036`, 11, `2025-08-03 12:00:00`, `2025-08-03 10:00:00`),
(49, `AP049`, `AP075`, `FL047`, 58, `2025-08-03 13:00:00`, `2025-08-03 11:00:00`),
(50, `AP083`, `AP028`, `FL033`, 20, `2025-08-03 14:00:00`, `2025-08-03 12:00:00`),
(51, `AP078`, `AP005`, `FL036`, 67, `2025-08-03 15:00:00`, `2025-08-03 13:00:00`),
(52, `AP078`, `AP003`, `FL059`, 73, `2025-08-03 16:00:00`, `2025-08-03 14:00:00`),
(53, `AP026`, `AP069`, `FL021`, 68, `2025-08-03 17:00:00`, `2025-08-03 15:00:00`),
(54, `AP084`, `AP020`, `FL045`, 51, `2025-08-03 18:00:00`, `2025-08-03 16:00:00`),
(55, `AP098`, `AP052`, `FL015`, 46, `2025-08-03 19:00:00`, `2025-08-03 17:00:00`),
(56, `AP012`, `AP029`, `FL060`, 3, `2025-08-03 20:00:00`, `2025-08-03 18:00:00`),
(57, `AP031`, `AP014`, `FL017`, 94, `2025-08-03 21:00:00`, `2025-08-03 19:00:00`),
(58, `AP069`, `AP098`, `FL067`, 96, `2025-08-03 22:00:00`, `2025-08-03 20:00:00`),
(59, `AP034`, `AP044`, `FL051`, 42, `2025-08-03 23:00:00`, `2025-08-03 21:00:00`),
(60, `AP060`, `AP019`, `FL062`, 53, `2025-08-04 00:00:00`, `2025-08-03 22:00:00`),
(61, `AP009`, `AP075`, `FL072`, 89, `2025-08-04 01:00:00`, `2025-08-03 23:00:00`),
(62, `AP097`, `AP073`, `FL027`, 31, `2025-08-04 02:00:00`, `2025-08-04 00:00:00`),
(63, `AP096`, `AP065`, `FL024`, 71, `2025-08-04 03:00:00`, `2025-08-04 01:00:00`),
(64, `AP037`, `AP078`, `FL092`, 69, `2025-08-04 04:00:00`, `2025-08-04 02:00:00`),
(65, `AP049`, `AP090`, `FL026`, 68, `2025-08-04 05:00:00`, `2025-08-04 03:00:00`),
(66, `AP081`, `AP046`, `FL009`, 68, `2025-08-04 06:00:00`, `2025-08-04 04:00:00`),
(67, `AP094`, `AP016`, `FL088`, 32, `2025-08-04 07:00:00`, `2025-08-04 05:00:00`),
(68, `AP069`, `AP063`, `FL058`, 7, `2025-08-04 08:00:00`, `2025-08-04 06:00:00`),
(69, `AP009`, `AP030`, `FL031`, 81, `2025-08-04 09:00:00`, `2025-08-04 07:00:00`),
(70, `AP054`, `AP039`, `FL063`, 98, `2025-08-04 10:00:00`, `2025-08-04 08:00:00`),
(71, `AP077`, `AP004`, `FL050`, 65, `2025-08-04 11:00:00`, `2025-08-04 09:00:00`),
(72, `AP045`, `AP090`, `FL048`, 15, `2025-08-04 12:00:00`, `2025-08-04 10:00:00`),
(73, `AP068`, `AP094`, `FL002`, 4, `2025-08-04 13:00:00`, `2025-08-04 11:00:00`),
(74, `AP089`, `AP076`, `FL048`, 58, `2025-08-04 14:00:00`, `2025-08-04 12:00:00`),
(75, `AP054`, `AP083`, `FL032`, 84, `2025-08-04 15:00:00`, `2025-08-04 13:00:00`),
(76, `AP034`, `AP079`, `FL082`, 6, `2025-08-04 16:00:00`, `2025-08-04 14:00:00`),
(77, `AP050`, `AP008`, `FL083`, 51, `2025-08-04 17:00:00`, `2025-08-04 15:00:00`),
(78, `AP059`, `AP060`, `FL041`, 91, `2025-08-04 18:00:00`, `2025-08-04 16:00:00`),
(79, `AP094`, `AP011`, `FL086`, 50, `2025-08-04 19:00:00`, `2025-08-04 17:00:00`),
(80, `AP076`, `AP003`, `FL076`, 7, `2025-08-04 20:00:00`, `2025-08-04 18:00:00`),
(81, `AP090`, `AP100`, `FL033`, 8, `2025-08-04 21:00:00`, `2025-08-04 19:00:00`),
(82, `AP054`, `AP023`, `FL072`, 76, `2025-08-04 22:00:00`, `2025-08-04 20:00:00`),
(83, `AP012`, `AP006`, `FL020`, 2, `2025-08-04 23:00:00`, `2025-08-04 21:00:00`),
(84, `AP088`, `AP057`, `FL008`, 25, `2025-08-05 00:00:00`, `2025-08-04 22:00:00`),
(85, `AP021`, `AP061`, `FL013`, 39, `2025-08-05 01:00:00`, `2025-08-04 23:00:00`),
(86, `AP093`, `AP076`, `FL054`, 50, `2025-08-05 02:00:00`, `2025-08-05 00:00:00`),
(87, `AP031`, `AP011`, `FL016`, 57, `2025-08-05 03:00:00`, `2025-08-05 01:00:00`),
(88, `AP062`, `AP022`, `FL025`, 17, `2025-08-05 04:00:00`, `2025-08-05 02:00:00`),
(89, `AP083`, `AP049`, `FL035`, 1, `2025-08-05 05:00:00`, `2025-08-05 03:00:00`),
(90, `AP083`, `AP085`, `FL074`, 11, `2025-08-05 06:00:00`, `2025-08-05 04:00:00`),
(91, `AP028`, `AP063`, `FL034`, 88, `2025-08-05 07:00:00`, `2025-08-05 05:00:00`),
(92, `AP086`, `AP017`, `FL042`, 49, `2025-08-05 08:00:00`, `2025-08-05 06:00:00`),
(93, `AP009`, `AP058`, `FL017`, 16, `2025-08-05 09:00:00`, `2025-08-05 07:00:00`),
(94, `AP077`, `AP071`, `FL092`, 88, `2025-08-05 10:00:00`, `2025-08-05 08:00:00`),
(95, `AP051`, `AP054`, `FL030`, 14, `2025-08-05 11:00:00`, `2025-08-05 09:00:00`),
(96, `AP009`, `AP099`, `FL002`, 58, `2025-08-05 12:00:00`, `2025-08-05 10:00:00`),
(97, `AP035`, `AP036`, `FL074`, 60, `2025-08-05 13:00:00`, `2025-08-05 11:00:00`),
(98, `AP012`, `AP013`, `FL009`, 99, `2025-08-05 14:00:00`, `2025-08-05 12:00:00`),
(99, `AP084`, `AP007`, `FL068`, 94, `2025-08-05 15:00:00`, `2025-08-05 13:00:00`),
(100, `AP022`, `AP046`, `FL017`, 92, `2025-08-05 16:00:00`, `2025-08-05 14:00:00`);
-- booking_leg.sql
INSERT INTO `booking_leg` VALUES
(1, 52, 25, 24, 538.12),
(2, 31, 68, 21, 198.05),
(3, 39, 37, 16, 746.53),
(4, 48, 49, 72, 615.06),
(5, 21, 14, 24, 119.0),
(6, 52, 31, 31, 157.54),
(7, 11, 90, 50, 248.29),
(8, 86, 94, 30, 464.2),
(9, 24, 91, 100, 679.06),
(10, 92, 6, 71, 705.36),
(11, 62, 78, 67, 695.17),
(12, 69, 23, 47, 795.46),
(13, 62, 83, 59, 747.54),
(14, 39, 6, 34, 768.63),
(15, 81, 27, 9, 969.86),
(16, 86, 7, 36, 376.86),
(17, 1, 40, 83, 189.63),
(18, 73, 90, 94, 219.2),
(19, 40, 42, 77, 523.56),
(20, 50, 16, 14, 865.11),
(21, 66, 86, 78, 154.2),
(22, 80, 62, 29, 224.68),
(23, 44, 3, 41, 626.83),
(24, 9, 32, 46, 837.18),
(25, 67, 90, 99, 652.52),
(26, 66, 42, 6, 258.96),
(27, 19, 80, 52, 277.5),
(28, 93, 100, 45, 506.85),
(29, 15, 92, 36, 585.09),
(30, 40, 5, 17, 622.44),
(31, 85, 65, 17, 805.34),
(32, 94, 43, 9, 750.13),
(33, 65, 41, 88, 668.25),
(34, 19, 28, 12, 671.24),
(35, 93, 74, 61, 777.11),
(36, 20, 99, 68, 821.74),
(37, 8, 89, 10, 171.5),
(38, 46, 45, 60, 405.05),
(39, 75, 50, 83, 607.24),
(40, 20, 99, 30, 982.72),
(41, 74, 58, 35, 957.17),
(42, 34, 50, 52, 301.63),
(43, 98, 69, 70, 534.34),
(44, 26, 1, 79, 477.77),
(45, 81, 41, 20, 337.62),
(46, 62, 56, 65, 968.87),
(47, 48, 5, 97, 108.83),
(48, 95, 11, 2, 825.77),
(49, 55, 41, 99, 504.92),
(50, 59, 2, 54, 394.72),
(51, 13, 72, 100, 629.7),
(52, 86, 60, 3, 793.5),
(53, 22, 66, 63, 814.21),
(54, 96, 89, 61, 586.77),
(55, 75, 100, 44, 164.58),
(56, 41, 24, 30, 589.62),
(57, 75, 23, 63, 903.14),
(58, 61, 13, 63, 656.63),
(59, 6, 42, 61, 826.84),
(60, 14, 59, 82, 641.59),
(61, 79, 98, 7, 564.21),
(62, 75, 68, 97, 589.02),
(63, 61, 92, 87, 945.96),
(64, 47, 16, 41, 218.74),
(65, 48, 40, 42, 561.54),
(66, 7, 31, 34, 623.21),
(67, 17, 5, 58, 236.92),
(68, 45, 47, 25, 862.46),
(69, 27, 39, 7, 541.11),
(70, 96, 94, 41, 915.83),
(71, 20, 33, 29, 374.97),
(72, 53, 70, 92, 554.85),
(73, 89, 81, 94, 718.89),
(74, 93, 93, 92, 341.95),
(75, 39, 86, 72, 131.91),
(76, 6, 46, 19, 221.24),
(77, 94, 87, 46, 999.46),
(78, 37, 72, 15, 235.77),
(79, 53, 14, 13, 389.11),
(80, 83, 42, 4, 683.97),
(81, 54, 69, 71, 897.05),
(82, 46, 97, 11, 964.98),
(83, 59, 96, 2, 100.89),
(84, 21, 44, 45, 366.36),
(85, 82, 10, 34, 517.04),
(86, 90, 53, 4, 785.07),
(87, 54, 89, 83, 425.6),
(88, 77, 40, 3, 535.62),
(89, 24, 68, 7, 930.04),
(90, 14, 24, 13, 873.38),
(91, 46, 29, 90, 583.63),
(92, 50, 45, 14, 470.03),
(93, 94, 64, 8, 692.66),
(94, 53, 88, 69, 174.12),
(95, 45, 93, 40, 147.52),
(96, 42, 99, 58, 119.36),
(97, 22, 61, 34, 322.66),
(98, 36, 75, 92, 797.49),
(99, 97, 43, 87, 820.62),
(100, 18, 90, 61, 998.04);
