-- Example 2: Shopping Website - Expanded dump with 500 rows and precomputed CRCs
DROP DATABASE IF EXISTS example2_shopping;
CREATE DATABASE example2_shopping CHARACTER SET utf8mb4 COLLATE utf8mb4_unicode_ci;
USE example2_shopping;

-- Lookup tables
CREATE TABLE PRODUCT_CATEGORY ( category_id INT AUTO_INCREMENT PRIMARY KEY, category_name VARCHAR(100) NOT NULL );
CREATE TABLE BRAND ( brand_id INT AUTO_INCREMENT PRIMARY KEY, brand_name VARCHAR(100) NOT NULL );
CREATE TABLE COLOUR ( colour_id INT AUTO_INCREMENT PRIMARY KEY, colour_name VARCHAR(50) NOT NULL );
CREATE TABLE SIZE ( size_id INT AUTO_INCREMENT PRIMARY KEY, size_name VARCHAR(50) NOT NULL );
CREATE TABLE SUPPLIER ( supplier_id INT AUTO_INCREMENT PRIMARY KEY, supplier_name VARCHAR(150) NOT NULL );

-- Core entities
CREATE TABLE PRODUCT ( product_id INT AUTO_INCREMENT PRIMARY KEY, product_name VARCHAR(200) NOT NULL, category_id INT NOT NULL, brand_id INT NOT NULL, colour_id INT NOT NULL, size_id INT NOT NULL, supplier_id INT NOT NULL, price DECIMAL(10,2) NOT NULL, CONSTRAINT fk_product_category FOREIGN KEY (category_id) REFERENCES PRODUCT_CATEGORY(category_id), CONSTRAINT fk_product_brand FOREIGN KEY (brand_id) REFERENCES BRAND(brand_id), CONSTRAINT fk_product_colour FOREIGN KEY (colour_id) REFERENCES COLOUR(colour_id), CONSTRAINT fk_product_size FOREIGN KEY (size_id) REFERENCES SIZE(size_id), CONSTRAINT fk_product_supplier FOREIGN KEY (supplier_id) REFERENCES SUPPLIER(supplier_id) );
CREATE TABLE `USER` ( username VARCHAR(50) PRIMARY KEY, first_name VARCHAR(100) NOT NULL, last_name VARCHAR(100) NOT NULL, email VARCHAR(150) NOT NULL );
CREATE TABLE ADDRESS ( address_id INT AUTO_INCREMENT PRIMARY KEY, house_unit_no VARCHAR(20), address_line1 VARCHAR(200), address_line2 VARCHAR(200), city VARCHAR(100), region VARCHAR(100), postal_code VARCHAR(20), country VARCHAR(100) );
CREATE TABLE USER_ADDRESS ( address_id INT NOT NULL, username VARCHAR(50) NOT NULL, PRIMARY KEY (address_id, username), CONSTRAINT fk_ua_address FOREIGN KEY (address_id) REFERENCES ADDRESS(address_id), CONSTRAINT fk_ua_user FOREIGN KEY (username) REFERENCES `USER`(username) );

CREATE TABLE CUSTOMER_ORDER ( order_id INT AUTO_INCREMENT PRIMARY KEY, username VARCHAR(50) NOT NULL, shipping_address_id INT NOT NULL, billing_address_id INT NOT NULL, order_discount DECIMAL(5,2) DEFAULT 0, order_date DATETIME DEFAULT CURRENT_TIMESTAMP, CONSTRAINT fk_co_user FOREIGN KEY (username) REFERENCES `USER`(username), CONSTRAINT fk_co_ship_addr FOREIGN KEY (shipping_address_id) REFERENCES ADDRESS(address_id), CONSTRAINT fk_co_bill_addr FOREIGN KEY (billing_address_id) REFERENCES ADDRESS(address_id) );
CREATE TABLE CUSTOMER_ORDER_LINE ( order_line_id INT AUTO_INCREMENT PRIMARY KEY, order_id INT NOT NULL, product_id INT NOT NULL, qty INT NOT NULL, discount DECIMAL(5,2) DEFAULT 0, price DECIMAL(10,2) NOT NULL, CONSTRAINT fk_col_order FOREIGN KEY (order_id) REFERENCES CUSTOMER_ORDER(order_id), CONSTRAINT fk_col_product FOREIGN KEY (product_id) REFERENCES PRODUCT(product_id) );
CREATE TABLE SUPPLIER_ORDER ( order_id INT AUTO_INCREMENT PRIMARY KEY, supplier_id INT NOT NULL, order_discount DECIMAL(5,2) DEFAULT 0, order_date DATETIME DEFAULT CURRENT_TIMESTAMP, CONSTRAINT fk_so_supplier FOREIGN KEY (supplier_id) REFERENCES SUPPLIER(supplier_id) );
CREATE TABLE SUPPLIER_ORDER_LINE ( order_line_id INT AUTO_INCREMENT PRIMARY KEY, order_id INT NOT NULL, product_id INT NOT NULL, qty INT NOT NULL, discount DECIMAL(5,2) DEFAULT 0, price DECIMAL(10,2) NOT NULL, CONSTRAINT fk_sol_order FOREIGN KEY (order_id) REFERENCES SUPPLIER_ORDER(order_id), CONSTRAINT fk_sol_product FOREIGN KEY (product_id) REFERENCES PRODUCT(product_id) );

-- Insert PRODUCT_CATEGORY
INSERT INTO PRODUCT_CATEGORY (category_id, category_name) VALUES (1, 'Category1');
INSERT INTO PRODUCT_CATEGORY (category_id, category_name) VALUES (2, 'Category2');
INSERT INTO PRODUCT_CATEGORY (category_id, category_name) VALUES (3, 'Category3');
INSERT INTO PRODUCT_CATEGORY (category_id, category_name) VALUES (4, 'Category4');
INSERT INTO PRODUCT_CATEGORY (category_id, category_name) VALUES (5, 'Category5');
INSERT INTO PRODUCT_CATEGORY (category_id, category_name) VALUES (6, 'Category6');
-- Insert BRAND
INSERT INTO BRAND (brand_id, brand_name) VALUES (1, 'Brand1');
INSERT INTO BRAND (brand_id, brand_name) VALUES (2, 'Brand2');
INSERT INTO BRAND (brand_id, brand_name) VALUES (3, 'Brand3');
INSERT INTO BRAND (brand_id, brand_name) VALUES (4, 'Brand4');
INSERT INTO BRAND (brand_id, brand_name) VALUES (5, 'Brand5');
INSERT INTO BRAND (brand_id, brand_name) VALUES (6, 'Brand6');
-- Insert COLOUR
INSERT INTO COLOUR (colour_id, colour_name) VALUES (1, 'Colour1');
INSERT INTO COLOUR (colour_id, colour_name) VALUES (2, 'Colour2');
INSERT INTO COLOUR (colour_id, colour_name) VALUES (3, 'Colour3');
INSERT INTO COLOUR (colour_id, colour_name) VALUES (4, 'Colour4');
INSERT INTO COLOUR (colour_id, colour_name) VALUES (5, 'Colour5');
INSERT INTO COLOUR (colour_id, colour_name) VALUES (6, 'Colour6');
-- Insert SIZE
INSERT INTO SIZE (size_id, size_name) VALUES (1, 'Size1');
INSERT INTO SIZE (size_id, size_name) VALUES (2, 'Size2');
INSERT INTO SIZE (size_id, size_name) VALUES (3, 'Size3');
INSERT INTO SIZE (size_id, size_name) VALUES (4, 'Size4');
INSERT INTO SIZE (size_id, size_name) VALUES (5, 'Size5');
INSERT INTO SIZE (size_id, size_name) VALUES (6, 'Size6');
-- Insert SUPPLIER
INSERT INTO SUPPLIER (supplier_id, supplier_name) VALUES (1, 'Supplier1');
INSERT INTO SUPPLIER (supplier_id, supplier_name) VALUES (2, 'Supplier2');
INSERT INTO SUPPLIER (supplier_id, supplier_name) VALUES (3, 'Supplier3');
INSERT INTO SUPPLIER (supplier_id, supplier_name) VALUES (4, 'Supplier4');
INSERT INTO SUPPLIER (supplier_id, supplier_name) VALUES (5, 'Supplier5');
INSERT INTO SUPPLIER (supplier_id, supplier_name) VALUES (6, 'Supplier6');
-- Insert PRODUCT (150 rows)
INSERT INTO PRODUCT (product_id, product_name, category_id, brand_id, colour_id, size_id, supplier_id, price) VALUES (1, 'Product001', 1, 1, 1, 1, 1, 5.50);
INSERT INTO PRODUCT (product_id, product_name, category_id, brand_id, colour_id, size_id, supplier_id, price) VALUES (2, 'Product002', 2, 2, 2, 2, 2, 6.00);
INSERT INTO PRODUCT (product_id, product_name, category_id, brand_id, colour_id, size_id, supplier_id, price) VALUES (3, 'Product003', 3, 3, 3, 3, 3, 6.50);
INSERT INTO PRODUCT (product_id, product_name, category_id, brand_id, colour_id, size_id, supplier_id, price) VALUES (4, 'Product004', 4, 4, 4, 4, 4, 7.00);
INSERT INTO PRODUCT (product_id, product_name, category_id, brand_id, colour_id, size_id, supplier_id, price) VALUES (5, 'Product005', 5, 5, 5, 5, 5, 7.50);
INSERT INTO PRODUCT (product_id, product_name, category_id, brand_id, colour_id, size_id, supplier_id, price) VALUES (6, 'Product006', 6, 6, 6, 6, 6, 8.00);
INSERT INTO PRODUCT (product_id, product_name, category_id, brand_id, colour_id, size_id, supplier_id, price) VALUES (7, 'Product007', 1, 1, 1, 1, 1, 8.50);
INSERT INTO PRODUCT (product_id, product_name, category_id, brand_id, colour_id, size_id, supplier_id, price) VALUES (8, 'Product008', 2, 2, 2, 2, 2, 9.00);
INSERT INTO PRODUCT (product_id, product_name, category_id, brand_id, colour_id, size_id, supplier_id, price) VALUES (9, 'Product009', 3, 3, 3, 3, 3, 9.50);
INSERT INTO PRODUCT (product_id, product_name, category_id, brand_id, colour_id, size_id, supplier_id, price) VALUES (10, 'Product010', 4, 4, 4, 4, 4, 10.00);
INSERT INTO PRODUCT (product_id, product_name, category_id, brand_id, colour_id, size_id, supplier_id, price) VALUES (11, 'Product011', 5, 5, 5, 5, 5, 10.50);
INSERT INTO PRODUCT (product_id, product_name, category_id, brand_id, colour_id, size_id, supplier_id, price) VALUES (12, 'Product012', 6, 6, 6, 6, 6, 11.00);
INSERT INTO PRODUCT (product_id, product_name, category_id, brand_id, colour_id, size_id, supplier_id, price) VALUES (13, 'Product013', 1, 1, 1, 1, 1, 11.50);
INSERT INTO PRODUCT (product_id, product_name, category_id, brand_id, colour_id, size_id, supplier_id, price) VALUES (14, 'Product014', 2, 2, 2, 2, 2, 12.00);
INSERT INTO PRODUCT (product_id, product_name, category_id, brand_id, colour_id, size_id, supplier_id, price) VALUES (15, 'Product015', 3, 3, 3, 3, 3, 12.50);
INSERT INTO PRODUCT (product_id, product_name, category_id, brand_id, colour_id, size_id, supplier_id, price) VALUES (16, 'Product016', 4, 4, 4, 4, 4, 13.00);
INSERT INTO PRODUCT (product_id, product_name, category_id, brand_id, colour_id, size_id, supplier_id, price) VALUES (17, 'Product017', 5, 5, 5, 5, 5, 13.50);
INSERT INTO PRODUCT (product_id, product_name, category_id, brand_id, colour_id, size_id, supplier_id, price) VALUES (18, 'Product018', 6, 6, 6, 6, 6, 14.00);
INSERT INTO PRODUCT (product_id, product_name, category_id, brand_id, colour_id, size_id, supplier_id, price) VALUES (19, 'Product019', 1, 1, 1, 1, 1, 14.50);
INSERT INTO PRODUCT (product_id, product_name, category_id, brand_id, colour_id, size_id, supplier_id, price) VALUES (20, 'Product020', 2, 2, 2, 2, 2, 15.00);
INSERT INTO PRODUCT (product_id, product_name, category_id, brand_id, colour_id, size_id, supplier_id, price) VALUES (21, 'Product021', 3, 3, 3, 3, 3, 15.50);
INSERT INTO PRODUCT (product_id, product_name, category_id, brand_id, colour_id, size_id, supplier_id, price) VALUES (22, 'Product022', 4, 4, 4, 4, 4, 16.00);
INSERT INTO PRODUCT (product_id, product_name, category_id, brand_id, colour_id, size_id, supplier_id, price) VALUES (23, 'Product023', 5, 5, 5, 5, 5, 16.50);
INSERT INTO PRODUCT (product_id, product_name, category_id, brand_id, colour_id, size_id, supplier_id, price) VALUES (24, 'Product024', 6, 6, 6, 6, 6, 17.00);
INSERT INTO PRODUCT (product_id, product_name, category_id, brand_id, colour_id, size_id, supplier_id, price) VALUES (25, 'Product025', 1, 1, 1, 1, 1, 17.50);
INSERT INTO PRODUCT (product_id, product_name, category_id, brand_id, colour_id, size_id, supplier_id, price) VALUES (26, 'Product026', 2, 2, 2, 2, 2, 18.00);
INSERT INTO PRODUCT (product_id, product_name, category_id, brand_id, colour_id, size_id, supplier_id, price) VALUES (27, 'Product027', 3, 3, 3, 3, 3, 18.50);
INSERT INTO PRODUCT (product_id, product_name, category_id, brand_id, colour_id, size_id, supplier_id, price) VALUES (28, 'Product028', 4, 4, 4, 4, 4, 19.00);
INSERT INTO PRODUCT (product_id, product_name, category_id, brand_id, colour_id, size_id, supplier_id, price) VALUES (29, 'Product029', 5, 5, 5, 5, 5, 19.50);
INSERT INTO PRODUCT (product_id, product_name, category_id, brand_id, colour_id, size_id, supplier_id, price) VALUES (30, 'Product030', 6, 6, 6, 6, 6, 20.00);
INSERT INTO PRODUCT (product_id, product_name, category_id, brand_id, colour_id, size_id, supplier_id, price) VALUES (31, 'Product031', 1, 1, 1, 1, 1, 20.50);
INSERT INTO PRODUCT (product_id, product_name, category_id, brand_id, colour_id, size_id, supplier_id, price) VALUES (32, 'Product032', 2, 2, 2, 2, 2, 21.00);
INSERT INTO PRODUCT (product_id, product_name, category_id, brand_id, colour_id, size_id, supplier_id, price) VALUES (33, 'Product033', 3, 3, 3, 3, 3, 21.50);
INSERT INTO PRODUCT (product_id, product_name, category_id, brand_id, colour_id, size_id, supplier_id, price) VALUES (34, 'Product034', 4, 4, 4, 4, 4, 22.00);
INSERT INTO PRODUCT (product_id, product_name, category_id, brand_id, colour_id, size_id, supplier_id, price) VALUES (35, 'Product035', 5, 5, 5, 5, 5, 22.50);
INSERT INTO PRODUCT (product_id, product_name, category_id, brand_id, colour_id, size_id, supplier_id, price) VALUES (36, 'Product036', 6, 6, 6, 6, 6, 23.00);
INSERT INTO PRODUCT (product_id, product_name, category_id, brand_id, colour_id, size_id, supplier_id, price) VALUES (37, 'Product037', 1, 1, 1, 1, 1, 23.50);
INSERT INTO PRODUCT (product_id, product_name, category_id, brand_id, colour_id, size_id, supplier_id, price) VALUES (38, 'Product038', 2, 2, 2, 2, 2, 24.00);
INSERT INTO PRODUCT (product_id, product_name, category_id, brand_id, colour_id, size_id, supplier_id, price) VALUES (39, 'Product039', 3, 3, 3, 3, 3, 24.50);
INSERT INTO PRODUCT (product_id, product_name, category_id, brand_id, colour_id, size_id, supplier_id, price) VALUES (40, 'Product040', 4, 4, 4, 4, 4, 25.00);
INSERT INTO PRODUCT (product_id, product_name, category_id, brand_id, colour_id, size_id, supplier_id, price) VALUES (41, 'Product041', 5, 5, 5, 5, 5, 25.50);
INSERT INTO PRODUCT (product_id, product_name, category_id, brand_id, colour_id, size_id, supplier_id, price) VALUES (42, 'Product042', 6, 6, 6, 6, 6, 26.00);
INSERT INTO PRODUCT (product_id, product_name, category_id, brand_id, colour_id, size_id, supplier_id, price) VALUES (43, 'Product043', 1, 1, 1, 1, 1, 26.50);
INSERT INTO PRODUCT (product_id, product_name, category_id, brand_id, colour_id, size_id, supplier_id, price) VALUES (44, 'Product044', 2, 2, 2, 2, 2, 27.00);
INSERT INTO PRODUCT (product_id, product_name, category_id, brand_id, colour_id, size_id, supplier_id, price) VALUES (45, 'Product045', 3, 3, 3, 3, 3, 27.50);
INSERT INTO PRODUCT (product_id, product_name, category_id, brand_id, colour_id, size_id, supplier_id, price) VALUES (46, 'Product046', 4, 4, 4, 4, 4, 28.00);
INSERT INTO PRODUCT (product_id, product_name, category_id, brand_id, colour_id, size_id, supplier_id, price) VALUES (47, 'Product047', 5, 5, 5, 5, 5, 28.50);
INSERT INTO PRODUCT (product_id, product_name, category_id, brand_id, colour_id, size_id, supplier_id, price) VALUES (48, 'Product048', 6, 6, 6, 6, 6, 29.00);
INSERT INTO PRODUCT (product_id, product_name, category_id, brand_id, colour_id, size_id, supplier_id, price) VALUES (49, 'Product049', 1, 1, 1, 1, 1, 29.50);
INSERT INTO PRODUCT (product_id, product_name, category_id, brand_id, colour_id, size_id, supplier_id, price) VALUES (50, 'Product050', 2, 2, 2, 2, 2, 30.00);
INSERT INTO PRODUCT (product_id, product_name, category_id, brand_id, colour_id, size_id, supplier_id, price) VALUES (51, 'Product051', 3, 3, 3, 3, 3, 30.50);
INSERT INTO PRODUCT (product_id, product_name, category_id, brand_id, colour_id, size_id, supplier_id, price) VALUES (52, 'Product052', 4, 4, 4, 4, 4, 31.00);
INSERT INTO PRODUCT (product_id, product_name, category_id, brand_id, colour_id, size_id, supplier_id, price) VALUES (53, 'Product053', 5, 5, 5, 5, 5, 31.50);
INSERT INTO PRODUCT (product_id, product_name, category_id, brand_id, colour_id, size_id, supplier_id, price) VALUES (54, 'Product054', 6, 6, 6, 6, 6, 32.00);
INSERT INTO PRODUCT (product_id, product_name, category_id, brand_id, colour_id, size_id, supplier_id, price) VALUES (55, 'Product055', 1, 1, 1, 1, 1, 32.50);
INSERT INTO PRODUCT (product_id, product_name, category_id, brand_id, colour_id, size_id, supplier_id, price) VALUES (56, 'Product056', 2, 2, 2, 2, 2, 33.00);
INSERT INTO PRODUCT (product_id, product_name, category_id, brand_id, colour_id, size_id, supplier_id, price) VALUES (57, 'Product057', 3, 3, 3, 3, 3, 33.50);
INSERT INTO PRODUCT (product_id, product_name, category_id, brand_id, colour_id, size_id, supplier_id, price) VALUES (58, 'Product058', 4, 4, 4, 4, 4, 34.00);
INSERT INTO PRODUCT (product_id, product_name, category_id, brand_id, colour_id, size_id, supplier_id, price) VALUES (59, 'Product059', 5, 5, 5, 5, 5, 34.50);
INSERT INTO PRODUCT (product_id, product_name, category_id, brand_id, colour_id, size_id, supplier_id, price) VALUES (60, 'Product060', 6, 6, 6, 6, 6, 35.00);
INSERT INTO PRODUCT (product_id, product_name, category_id, brand_id, colour_id, size_id, supplier_id, price) VALUES (61, 'Product061', 1, 1, 1, 1, 1, 35.50);
INSERT INTO PRODUCT (product_id, product_name, category_id, brand_id, colour_id, size_id, supplier_id, price) VALUES (62, 'Product062', 2, 2, 2, 2, 2, 36.00);
INSERT INTO PRODUCT (product_id, product_name, category_id, brand_id, colour_id, size_id, supplier_id, price) VALUES (63, 'Product063', 3, 3, 3, 3, 3, 36.50);
INSERT INTO PRODUCT (product_id, product_name, category_id, brand_id, colour_id, size_id, supplier_id, price) VALUES (64, 'Product064', 4, 4, 4, 4, 4, 37.00);
INSERT INTO PRODUCT (product_id, product_name, category_id, brand_id, colour_id, size_id, supplier_id, price) VALUES (65, 'Product065', 5, 5, 5, 5, 5, 37.50);
INSERT INTO PRODUCT (product_id, product_name, category_id, brand_id, colour_id, size_id, supplier_id, price) VALUES (66, 'Product066', 6, 6, 6, 6, 6, 38.00);
INSERT INTO PRODUCT (product_id, product_name, category_id, brand_id, colour_id, size_id, supplier_id, price) VALUES (67, 'Product067', 1, 1, 1, 1, 1, 38.50);
INSERT INTO PRODUCT (product_id, product_name, category_id, brand_id, colour_id, size_id, supplier_id, price) VALUES (68, 'Product068', 2, 2, 2, 2, 2, 39.00);
INSERT INTO PRODUCT (product_id, product_name, category_id, brand_id, colour_id, size_id, supplier_id, price) VALUES (69, 'Product069', 3, 3, 3, 3, 3, 39.50);
INSERT INTO PRODUCT (product_id, product_name, category_id, brand_id, colour_id, size_id, supplier_id, price) VALUES (70, 'Product070', 4, 4, 4, 4, 4, 40.00);
INSERT INTO PRODUCT (product_id, product_name, category_id, brand_id, colour_id, size_id, supplier_id, price) VALUES (71, 'Product071', 5, 5, 5, 5, 5, 40.50);
INSERT INTO PRODUCT (product_id, product_name, category_id, brand_id, colour_id, size_id, supplier_id, price) VALUES (72, 'Product072', 6, 6, 6, 6, 6, 41.00);
INSERT INTO PRODUCT (product_id, product_name, category_id, brand_id, colour_id, size_id, supplier_id, price) VALUES (73, 'Product073', 1, 1, 1, 1, 1, 41.50);
INSERT INTO PRODUCT (product_id, product_name, category_id, brand_id, colour_id, size_id, supplier_id, price) VALUES (74, 'Product074', 2, 2, 2, 2, 2, 42.00);
INSERT INTO PRODUCT (product_id, product_name, category_id, brand_id, colour_id, size_id, supplier_id, price) VALUES (75, 'Product075', 3, 3, 3, 3, 3, 42.50);
INSERT INTO PRODUCT (product_id, product_name, category_id, brand_id, colour_id, size_id, supplier_id, price) VALUES (76, 'Product076', 4, 4, 4, 4, 4, 43.00);
INSERT INTO PRODUCT (product_id, product_name, category_id, brand_id, colour_id, size_id, supplier_id, price) VALUES (77, 'Product077', 5, 5, 5, 5, 5, 43.50);
INSERT INTO PRODUCT (product_id, product_name, category_id, brand_id, colour_id, size_id, supplier_id, price) VALUES (78, 'Product078', 6, 6, 6, 6, 6, 44.00);
INSERT INTO PRODUCT (product_id, product_name, category_id, brand_id, colour_id, size_id, supplier_id, price) VALUES (79, 'Product079', 1, 1, 1, 1, 1, 44.50);
INSERT INTO PRODUCT (product_id, product_name, category_id, brand_id, colour_id, size_id, supplier_id, price) VALUES (80, 'Product080', 2, 2, 2, 2, 2, 45.00);
INSERT INTO PRODUCT (product_id, product_name, category_id, brand_id, colour_id, size_id, supplier_id, price) VALUES (81, 'Product081', 3, 3, 3, 3, 3, 45.50);
INSERT INTO PRODUCT (product_id, product_name, category_id, brand_id, colour_id, size_id, supplier_id, price) VALUES (82, 'Product082', 4, 4, 4, 4, 4, 46.00);
INSERT INTO PRODUCT (product_id, product_name, category_id, brand_id, colour_id, size_id, supplier_id, price) VALUES (83, 'Product083', 5, 5, 5, 5, 5, 46.50);
INSERT INTO PRODUCT (product_id, product_name, category_id, brand_id, colour_id, size_id, supplier_id, price) VALUES (84, 'Product084', 6, 6, 6, 6, 6, 47.00);
INSERT INTO PRODUCT (product_id, product_name, category_id, brand_id, colour_id, size_id, supplier_id, price) VALUES (85, 'Product085', 1, 1, 1, 1, 1, 47.50);
INSERT INTO PRODUCT (product_id, product_name, category_id, brand_id, colour_id, size_id, supplier_id, price) VALUES (86, 'Product086', 2, 2, 2, 2, 2, 48.00);
INSERT INTO PRODUCT (product_id, product_name, category_id, brand_id, colour_id, size_id, supplier_id, price) VALUES (87, 'Product087', 3, 3, 3, 3, 3, 48.50);
INSERT INTO PRODUCT (product_id, product_name, category_id, brand_id, colour_id, size_id, supplier_id, price) VALUES (88, 'Product088', 4, 4, 4, 4, 4, 49.00);
INSERT INTO PRODUCT (product_id, product_name, category_id, brand_id, colour_id, size_id, supplier_id, price) VALUES (89, 'Product089', 5, 5, 5, 5, 5, 49.50);
INSERT INTO PRODUCT (product_id, product_name, category_id, brand_id, colour_id, size_id, supplier_id, price) VALUES (90, 'Product090', 6, 6, 6, 6, 6, 50.00);
INSERT INTO PRODUCT (product_id, product_name, category_id, brand_id, colour_id, size_id, supplier_id, price) VALUES (91, 'Product091', 1, 1, 1, 1, 1, 50.50);
INSERT INTO PRODUCT (product_id, product_name, category_id, brand_id, colour_id, size_id, supplier_id, price) VALUES (92, 'Product092', 2, 2, 2, 2, 2, 51.00);
INSERT INTO PRODUCT (product_id, product_name, category_id, brand_id, colour_id, size_id, supplier_id, price) VALUES (93, 'Product093', 3, 3, 3, 3, 3, 51.50);
INSERT INTO PRODUCT (product_id, product_name, category_id, brand_id, colour_id, size_id, supplier_id, price) VALUES (94, 'Product094', 4, 4, 4, 4, 4, 52.00);
INSERT INTO PRODUCT (product_id, product_name, category_id, brand_id, colour_id, size_id, supplier_id, price) VALUES (95, 'Product095', 5, 5, 5, 5, 5, 52.50);
INSERT INTO PRODUCT (product_id, product_name, category_id, brand_id, colour_id, size_id, supplier_id, price) VALUES (96, 'Product096', 6, 6, 6, 6, 6, 53.00);
INSERT INTO PRODUCT (product_id, product_name, category_id, brand_id, colour_id, size_id, supplier_id, price) VALUES (97, 'Product097', 1, 1, 1, 1, 1, 53.50);
INSERT INTO PRODUCT (product_id, product_name, category_id, brand_id, colour_id, size_id, supplier_id, price) VALUES (98, 'Product098', 2, 2, 2, 2, 2, 54.00);
INSERT INTO PRODUCT (product_id, product_name, category_id, brand_id, colour_id, size_id, supplier_id, price) VALUES (99, 'Product099', 3, 3, 3, 3, 3, 54.50);
INSERT INTO PRODUCT (product_id, product_name, category_id, brand_id, colour_id, size_id, supplier_id, price) VALUES (100, 'Product100', 4, 4, 4, 4, 4, 55.00);
INSERT INTO PRODUCT (product_id, product_name, category_id, brand_id, colour_id, size_id, supplier_id, price) VALUES (101, 'Product101', 5, 5, 5, 5, 5, 55.50);
INSERT INTO PRODUCT (product_id, product_name, category_id, brand_id, colour_id, size_id, supplier_id, price) VALUES (102, 'Product102', 6, 6, 6, 6, 6, 56.00);
INSERT INTO PRODUCT (product_id, product_name, category_id, brand_id, colour_id, size_id, supplier_id, price) VALUES (103, 'Product103', 1, 1, 1, 1, 1, 56.50);
INSERT INTO PRODUCT (product_id, product_name, category_id, brand_id, colour_id, size_id, supplier_id, price) VALUES (104, 'Product104', 2, 2, 2, 2, 2, 57.00);
INSERT INTO PRODUCT (product_id, product_name, category_id, brand_id, colour_id, size_id, supplier_id, price) VALUES (105, 'Product105', 3, 3, 3, 3, 3, 57.50);
INSERT INTO PRODUCT (product_id, product_name, category_id, brand_id, colour_id, size_id, supplier_id, price) VALUES (106, 'Product106', 4, 4, 4, 4, 4, 58.00);
INSERT INTO PRODUCT (product_id, product_name, category_id, brand_id, colour_id, size_id, supplier_id, price) VALUES (107, 'Product107', 5, 5, 5, 5, 5, 58.50);
INSERT INTO PRODUCT (product_id, product_name, category_id, brand_id, colour_id, size_id, supplier_id, price) VALUES (108, 'Product108', 6, 6, 6, 6, 6, 59.00);
INSERT INTO PRODUCT (product_id, product_name, category_id, brand_id, colour_id, size_id, supplier_id, price) VALUES (109, 'Product109', 1, 1, 1, 1, 1, 59.50);
INSERT INTO PRODUCT (product_id, product_name, category_id, brand_id, colour_id, size_id, supplier_id, price) VALUES (110, 'Product110', 2, 2, 2, 2, 2, 60.00);
INSERT INTO PRODUCT (product_id, product_name, category_id, brand_id, colour_id, size_id, supplier_id, price) VALUES (111, 'Product111', 3, 3, 3, 3, 3, 60.50);
INSERT INTO PRODUCT (product_id, product_name, category_id, brand_id, colour_id, size_id, supplier_id, price) VALUES (112, 'Product112', 4, 4, 4, 4, 4, 61.00);
INSERT INTO PRODUCT (product_id, product_name, category_id, brand_id, colour_id, size_id, supplier_id, price) VALUES (113, 'Product113', 5, 5, 5, 5, 5, 61.50);
INSERT INTO PRODUCT (product_id, product_name, category_id, brand_id, colour_id, size_id, supplier_id, price) VALUES (114, 'Product114', 6, 6, 6, 6, 6, 62.00);
INSERT INTO PRODUCT (product_id, product_name, category_id, brand_id, colour_id, size_id, supplier_id, price) VALUES (115, 'Product115', 1, 1, 1, 1, 1, 62.50);
INSERT INTO PRODUCT (product_id, product_name, category_id, brand_id, colour_id, size_id, supplier_id, price) VALUES (116, 'Product116', 2, 2, 2, 2, 2, 63.00);
INSERT INTO PRODUCT (product_id, product_name, category_id, brand_id, colour_id, size_id, supplier_id, price) VALUES (117, 'Product117', 3, 3, 3, 3, 3, 63.50);
INSERT INTO PRODUCT (product_id, product_name, category_id, brand_id, colour_id, size_id, supplier_id, price) VALUES (118, 'Product118', 4, 4, 4, 4, 4, 64.00);
INSERT INTO PRODUCT (product_id, product_name, category_id, brand_id, colour_id, size_id, supplier_id, price) VALUES (119, 'Product119', 5, 5, 5, 5, 5, 64.50);
INSERT INTO PRODUCT (product_id, product_name, category_id, brand_id, colour_id, size_id, supplier_id, price) VALUES (120, 'Product120', 6, 6, 6, 6, 6, 65.00);
INSERT INTO PRODUCT (product_id, product_name, category_id, brand_id, colour_id, size_id, supplier_id, price) VALUES (121, 'Product121', 1, 1, 1, 1, 1, 65.50);
INSERT INTO PRODUCT (product_id, product_name, category_id, brand_id, colour_id, size_id, supplier_id, price) VALUES (122, 'Product122', 2, 2, 2, 2, 2, 66.00);
INSERT INTO PRODUCT (product_id, product_name, category_id, brand_id, colour_id, size_id, supplier_id, price) VALUES (123, 'Product123', 3, 3, 3, 3, 3, 66.50);
INSERT INTO PRODUCT (product_id, product_name, category_id, brand_id, colour_id, size_id, supplier_id, price) VALUES (124, 'Product124', 4, 4, 4, 4, 4, 67.00);
INSERT INTO PRODUCT (product_id, product_name, category_id, brand_id, colour_id, size_id, supplier_id, price) VALUES (125, 'Product125', 5, 5, 5, 5, 5, 67.50);
INSERT INTO PRODUCT (product_id, product_name, category_id, brand_id, colour_id, size_id, supplier_id, price) VALUES (126, 'Product126', 6, 6, 6, 6, 6, 68.00);
INSERT INTO PRODUCT (product_id, product_name, category_id, brand_id, colour_id, size_id, supplier_id, price) VALUES (127, 'Product127', 1, 1, 1, 1, 1, 68.50);
INSERT INTO PRODUCT (product_id, product_name, category_id, brand_id, colour_id, size_id, supplier_id, price) VALUES (128, 'Product128', 2, 2, 2, 2, 2, 69.00);
INSERT INTO PRODUCT (product_id, product_name, category_id, brand_id, colour_id, size_id, supplier_id, price) VALUES (129, 'Product129', 3, 3, 3, 3, 3, 69.50);
INSERT INTO PRODUCT (product_id, product_name, category_id, brand_id, colour_id, size_id, supplier_id, price) VALUES (130, 'Product130', 4, 4, 4, 4, 4, 70.00);
INSERT INTO PRODUCT (product_id, product_name, category_id, brand_id, colour_id, size_id, supplier_id, price) VALUES (131, 'Product131', 5, 5, 5, 5, 5, 70.50);
INSERT INTO PRODUCT (product_id, product_name, category_id, brand_id, colour_id, size_id, supplier_id, price) VALUES (132, 'Product132', 6, 6, 6, 6, 6, 71.00);
INSERT INTO PRODUCT (product_id, product_name, category_id, brand_id, colour_id, size_id, supplier_id, price) VALUES (133, 'Product133', 1, 1, 1, 1, 1, 71.50);
INSERT INTO PRODUCT (product_id, product_name, category_id, brand_id, colour_id, size_id, supplier_id, price) VALUES (134, 'Product134', 2, 2, 2, 2, 2, 72.00);
INSERT INTO PRODUCT (product_id, product_name, category_id, brand_id, colour_id, size_id, supplier_id, price) VALUES (135, 'Product135', 3, 3, 3, 3, 3, 72.50);
INSERT INTO PRODUCT (product_id, product_name, category_id, brand_id, colour_id, size_id, supplier_id, price) VALUES (136, 'Product136', 4, 4, 4, 4, 4, 73.00);
INSERT INTO PRODUCT (product_id, product_name, category_id, brand_id, colour_id, size_id, supplier_id, price) VALUES (137, 'Product137', 5, 5, 5, 5, 5, 73.50);
INSERT INTO PRODUCT (product_id, product_name, category_id, brand_id, colour_id, size_id, supplier_id, price) VALUES (138, 'Product138', 6, 6, 6, 6, 6, 74.00);
INSERT INTO PRODUCT (product_id, product_name, category_id, brand_id, colour_id, size_id, supplier_id, price) VALUES (139, 'Product139', 1, 1, 1, 1, 1, 74.50);
INSERT INTO PRODUCT (product_id, product_name, category_id, brand_id, colour_id, size_id, supplier_id, price) VALUES (140, 'Product140', 2, 2, 2, 2, 2, 75.00);
INSERT INTO PRODUCT (product_id, product_name, category_id, brand_id, colour_id, size_id, supplier_id, price) VALUES (141, 'Product141', 3, 3, 3, 3, 3, 75.50);
INSERT INTO PRODUCT (product_id, product_name, category_id, brand_id, colour_id, size_id, supplier_id, price) VALUES (142, 'Product142', 4, 4, 4, 4, 4, 76.00);
INSERT INTO PRODUCT (product_id, product_name, category_id, brand_id, colour_id, size_id, supplier_id, price) VALUES (143, 'Product143', 5, 5, 5, 5, 5, 76.50);
INSERT INTO PRODUCT (product_id, product_name, category_id, brand_id, colour_id, size_id, supplier_id, price) VALUES (144, 'Product144', 6, 6, 6, 6, 6, 77.00);
INSERT INTO PRODUCT (product_id, product_name, category_id, brand_id, colour_id, size_id, supplier_id, price) VALUES (145, 'Product145', 1, 1, 1, 1, 1, 77.50);
INSERT INTO PRODUCT (product_id, product_name, category_id, brand_id, colour_id, size_id, supplier_id, price) VALUES (146, 'Product146', 2, 2, 2, 2, 2, 78.00);
INSERT INTO PRODUCT (product_id, product_name, category_id, brand_id, colour_id, size_id, supplier_id, price) VALUES (147, 'Product147', 3, 3, 3, 3, 3, 78.50);
INSERT INTO PRODUCT (product_id, product_name, category_id, brand_id, colour_id, size_id, supplier_id, price) VALUES (148, 'Product148', 4, 4, 4, 4, 4, 79.00);
INSERT INTO PRODUCT (product_id, product_name, category_id, brand_id, colour_id, size_id, supplier_id, price) VALUES (149, 'Product149', 5, 5, 5, 5, 5, 79.50);
INSERT INTO PRODUCT (product_id, product_name, category_id, brand_id, colour_id, size_id, supplier_id, price) VALUES (150, 'Product150', 6, 6, 6, 6, 6, 80.00);
-- Insert USER (100 rows)
INSERT INTO `USER` (username, first_name, last_name, email) VALUES ('user001', 'First1', 'Last1', 'user1@example.com');
INSERT INTO `USER` (username, first_name, last_name, email) VALUES ('user002', 'First2', 'Last2', 'user2@example.com');
INSERT INTO `USER` (username, first_name, last_name, email) VALUES ('user003', 'First3', 'Last3', 'user3@example.com');
INSERT INTO `USER` (username, first_name, last_name, email) VALUES ('user004', 'First4', 'Last4', 'user4@example.com');
INSERT INTO `USER` (username, first_name, last_name, email) VALUES ('user005', 'First5', 'Last5', 'user5@example.com');
INSERT INTO `USER` (username, first_name, last_name, email) VALUES ('user006', 'First6', 'Last6', 'user6@example.com');
INSERT INTO `USER` (username, first_name, last_name, email) VALUES ('user007', 'First7', 'Last7', 'user7@example.com');
INSERT INTO `USER` (username, first_name, last_name, email) VALUES ('user008', 'First8', 'Last8', 'user8@example.com');
INSERT INTO `USER` (username, first_name, last_name, email) VALUES ('user009', 'First9', 'Last9', 'user9@example.com');
INSERT INTO `USER` (username, first_name, last_name, email) VALUES ('user010', 'First10', 'Last10', 'user10@example.com');
INSERT INTO `USER` (username, first_name, last_name, email) VALUES ('user011', 'First11', 'Last11', 'user11@example.com');
INSERT INTO `USER` (username, first_name, last_name, email) VALUES ('user012', 'First12', 'Last12', 'user12@example.com');
INSERT INTO `USER` (username, first_name, last_name, email) VALUES ('user013', 'First13', 'Last13', 'user13@example.com');
INSERT INTO `USER` (username, first_name, last_name, email) VALUES ('user014', 'First14', 'Last14', 'user14@example.com');
INSERT INTO `USER` (username, first_name, last_name, email) VALUES ('user015', 'First15', 'Last15', 'user15@example.com');
INSERT INTO `USER` (username, first_name, last_name, email) VALUES ('user016', 'First16', 'Last16', 'user16@example.com');
INSERT INTO `USER` (username, first_name, last_name, email) VALUES ('user017', 'First17', 'Last17', 'user17@example.com');
INSERT INTO `USER` (username, first_name, last_name, email) VALUES ('user018', 'First18', 'Last18', 'user18@example.com');
INSERT INTO `USER` (username, first_name, last_name, email) VALUES ('user019', 'First19', 'Last19', 'user19@example.com');
INSERT INTO `USER` (username, first_name, last_name, email) VALUES ('user020', 'First20', 'Last20', 'user20@example.com');
INSERT INTO `USER` (username, first_name, last_name, email) VALUES ('user021', 'First21', 'Last21', 'user21@example.com');
INSERT INTO `USER` (username, first_name, last_name, email) VALUES ('user022', 'First22', 'Last22', 'user22@example.com');
INSERT INTO `USER` (username, first_name, last_name, email) VALUES ('user023', 'First23', 'Last23', 'user23@example.com');
INSERT INTO `USER` (username, first_name, last_name, email) VALUES ('user024', 'First24', 'Last24', 'user24@example.com');
INSERT INTO `USER` (username, first_name, last_name, email) VALUES ('user025', 'First25', 'Last25', 'user25@example.com');
INSERT INTO `USER` (username, first_name, last_name, email) VALUES ('user026', 'First26', 'Last26', 'user26@example.com');
INSERT INTO `USER` (username, first_name, last_name, email) VALUES ('user027', 'First27', 'Last27', 'user27@example.com');
INSERT INTO `USER` (username, first_name, last_name, email) VALUES ('user028', 'First28', 'Last28', 'user28@example.com');
INSERT INTO `USER` (username, first_name, last_name, email) VALUES ('user029', 'First29', 'Last29', 'user29@example.com');
INSERT INTO `USER` (username, first_name, last_name, email) VALUES ('user030', 'First30', 'Last30', 'user30@example.com');
INSERT INTO `USER` (username, first_name, last_name, email) VALUES ('user031', 'First31', 'Last31', 'user31@example.com');
INSERT INTO `USER` (username, first_name, last_name, email) VALUES ('user032', 'First32', 'Last32', 'user32@example.com');
INSERT INTO `USER` (username, first_name, last_name, email) VALUES ('user033', 'First33', 'Last33', 'user33@example.com');
INSERT INTO `USER` (username, first_name, last_name, email) VALUES ('user034', 'First34', 'Last34', 'user34@example.com');
INSERT INTO `USER` (username, first_name, last_name, email) VALUES ('user035', 'First35', 'Last35', 'user35@example.com');
INSERT INTO `USER` (username, first_name, last_name, email) VALUES ('user036', 'First36', 'Last36', 'user36@example.com');
INSERT INTO `USER` (username, first_name, last_name, email) VALUES ('user037', 'First37', 'Last37', 'user37@example.com');
INSERT INTO `USER` (username, first_name, last_name, email) VALUES ('user038', 'First38', 'Last38', 'user38@example.com');
INSERT INTO `USER` (username, first_name, last_name, email) VALUES ('user039', 'First39', 'Last39', 'user39@example.com');
INSERT INTO `USER` (username, first_name, last_name, email) VALUES ('user040', 'First40', 'Last40', 'user40@example.com');
INSERT INTO `USER` (username, first_name, last_name, email) VALUES ('user041', 'First41', 'Last41', 'user41@example.com');
INSERT INTO `USER` (username, first_name, last_name, email) VALUES ('user042', 'First42', 'Last42', 'user42@example.com');
INSERT INTO `USER` (username, first_name, last_name, email) VALUES ('user043', 'First43', 'Last43', 'user43@example.com');
INSERT INTO `USER` (username, first_name, last_name, email) VALUES ('user044', 'First44', 'Last44', 'user44@example.com');
INSERT INTO `USER` (username, first_name, last_name, email) VALUES ('user045', 'First45', 'Last45', 'user45@example.com');
INSERT INTO `USER` (username, first_name, last_name, email) VALUES ('user046', 'First46', 'Last46', 'user46@example.com');
INSERT INTO `USER` (username, first_name, last_name, email) VALUES ('user047', 'First47', 'Last47', 'user47@example.com');
INSERT INTO `USER` (username, first_name, last_name, email) VALUES ('user048', 'First48', 'Last48', 'user48@example.com');
INSERT INTO `USER` (username, first_name, last_name, email) VALUES ('user049', 'First49', 'Last49', 'user49@example.com');
INSERT INTO `USER` (username, first_name, last_name, email) VALUES ('user050', 'First50', 'Last50', 'user50@example.com');
INSERT INTO `USER` (username, first_name, last_name, email) VALUES ('user051', 'First51', 'Last51', 'user51@example.com');
INSERT INTO `USER` (username, first_name, last_name, email) VALUES ('user052', 'First52', 'Last52', 'user52@example.com');
INSERT INTO `USER` (username, first_name, last_name, email) VALUES ('user053', 'First53', 'Last53', 'user53@example.com');
INSERT INTO `USER` (username, first_name, last_name, email) VALUES ('user054', 'First54', 'Last54', 'user54@example.com');
INSERT INTO `USER` (username, first_name, last_name, email) VALUES ('user055', 'First55', 'Last55', 'user55@example.com');
INSERT INTO `USER` (username, first_name, last_name, email) VALUES ('user056', 'First56', 'Last56', 'user56@example.com');
INSERT INTO `USER` (username, first_name, last_name, email) VALUES ('user057', 'First57', 'Last57', 'user57@example.com');
INSERT INTO `USER` (username, first_name, last_name, email) VALUES ('user058', 'First58', 'Last58', 'user58@example.com');
INSERT INTO `USER` (username, first_name, last_name, email) VALUES ('user059', 'First59', 'Last59', 'user59@example.com');
INSERT INTO `USER` (username, first_name, last_name, email) VALUES ('user060', 'First60', 'Last60', 'user60@example.com');
INSERT INTO `USER` (username, first_name, last_name, email) VALUES ('user061', 'First61', 'Last61', 'user61@example.com');
INSERT INTO `USER` (username, first_name, last_name, email) VALUES ('user062', 'First62', 'Last62', 'user62@example.com');
INSERT INTO `USER` (username, first_name, last_name, email) VALUES ('user063', 'First63', 'Last63', 'user63@example.com');
INSERT INTO `USER` (username, first_name, last_name, email) VALUES ('user064', 'First64', 'Last64', 'user64@example.com');
INSERT INTO `USER` (username, first_name, last_name, email) VALUES ('user065', 'First65', 'Last65', 'user65@example.com');
INSERT INTO `USER` (username, first_name, last_name, email) VALUES ('user066', 'First66', 'Last66', 'user66@example.com');
INSERT INTO `USER` (username, first_name, last_name, email) VALUES ('user067', 'First67', 'Last67', 'user67@example.com');
INSERT INTO `USER` (username, first_name, last_name, email) VALUES ('user068', 'First68', 'Last68', 'user68@example.com');
INSERT INTO `USER` (username, first_name, last_name, email) VALUES ('user069', 'First69', 'Last69', 'user69@example.com');
INSERT INTO `USER` (username, first_name, last_name, email) VALUES ('user070', 'First70', 'Last70', 'user70@example.com');
INSERT INTO `USER` (username, first_name, last_name, email) VALUES ('user071', 'First71', 'Last71', 'user71@example.com');
INSERT INTO `USER` (username, first_name, last_name, email) VALUES ('user072', 'First72', 'Last72', 'user72@example.com');
INSERT INTO `USER` (username, first_name, last_name, email) VALUES ('user073', 'First73', 'Last73', 'user73@example.com');
INSERT INTO `USER` (username, first_name, last_name, email) VALUES ('user074', 'First74', 'Last74', 'user74@example.com');
INSERT INTO `USER` (username, first_name, last_name, email) VALUES ('user075', 'First75', 'Last75', 'user75@example.com');
INSERT INTO `USER` (username, first_name, last_name, email) VALUES ('user076', 'First76', 'Last76', 'user76@example.com');
INSERT INTO `USER` (username, first_name, last_name, email) VALUES ('user077', 'First77', 'Last77', 'user77@example.com');
INSERT INTO `USER` (username, first_name, last_name, email) VALUES ('user078', 'First78', 'Last78', 'user78@example.com');
INSERT INTO `USER` (username, first_name, last_name, email) VALUES ('user079', 'First79', 'Last79', 'user79@example.com');
INSERT INTO `USER` (username, first_name, last_name, email) VALUES ('user080', 'First80', 'Last80', 'user80@example.com');
INSERT INTO `USER` (username, first_name, last_name, email) VALUES ('user081', 'First81', 'Last81', 'user81@example.com');
INSERT INTO `USER` (username, first_name, last_name, email) VALUES ('user082', 'First82', 'Last82', 'user82@example.com');
INSERT INTO `USER` (username, first_name, last_name, email) VALUES ('user083', 'First83', 'Last83', 'user83@example.com');
INSERT INTO `USER` (username, first_name, last_name, email) VALUES ('user084', 'First84', 'Last84', 'user84@example.com');
INSERT INTO `USER` (username, first_name, last_name, email) VALUES ('user085', 'First85', 'Last85', 'user85@example.com');
INSERT INTO `USER` (username, first_name, last_name, email) VALUES ('user086', 'First86', 'Last86', 'user86@example.com');
INSERT INTO `USER` (username, first_name, last_name, email) VALUES ('user087', 'First87', 'Last87', 'user87@example.com');
INSERT INTO `USER` (username, first_name, last_name, email) VALUES ('user088', 'First88', 'Last88', 'user88@example.com');
INSERT INTO `USER` (username, first_name, last_name, email) VALUES ('user089', 'First89', 'Last89', 'user89@example.com');
INSERT INTO `USER` (username, first_name, last_name, email) VALUES ('user090', 'First90', 'Last90', 'user90@example.com');
INSERT INTO `USER` (username, first_name, last_name, email) VALUES ('user091', 'First91', 'Last91', 'user91@example.com');
INSERT INTO `USER` (username, first_name, last_name, email) VALUES ('user092', 'First92', 'Last92', 'user92@example.com');
INSERT INTO `USER` (username, first_name, last_name, email) VALUES ('user093', 'First93', 'Last93', 'user93@example.com');
INSERT INTO `USER` (username, first_name, last_name, email) VALUES ('user094', 'First94', 'Last94', 'user94@example.com');
INSERT INTO `USER` (username, first_name, last_name, email) VALUES ('user095', 'First95', 'Last95', 'user95@example.com');
INSERT INTO `USER` (username, first_name, last_name, email) VALUES ('user096', 'First96', 'Last96', 'user96@example.com');
INSERT INTO `USER` (username, first_name, last_name, email) VALUES ('user097', 'First97', 'Last97', 'user97@example.com');
INSERT INTO `USER` (username, first_name, last_name, email) VALUES ('user098', 'First98', 'Last98', 'user98@example.com');
INSERT INTO `USER` (username, first_name, last_name, email) VALUES ('user099', 'First99', 'Last99', 'user99@example.com');
INSERT INTO `USER` (username, first_name, last_name, email) VALUES ('user100', 'First100', 'Last100', 'user100@example.com');
-- Insert ADDRESS (80 rows)
INSERT INTO ADDRESS (address_id, house_unit_no, address_line1, address_line2, city, region, postal_code, country) VALUES (1, '1', '1 Example Street', '', 'City1', 'Region1', 'P0001', 'India');
INSERT INTO ADDRESS (address_id, house_unit_no, address_line1, address_line2, city, region, postal_code, country) VALUES (2, '2', '2 Example Street', '', 'City2', 'Region2', 'P0002', 'India');
INSERT INTO ADDRESS (address_id, house_unit_no, address_line1, address_line2, city, region, postal_code, country) VALUES (3, '3', '3 Example Street', '', 'City3', 'Region3', 'P0003', 'USA');
INSERT INTO ADDRESS (address_id, house_unit_no, address_line1, address_line2, city, region, postal_code, country) VALUES (4, '4', '4 Example Street', '', 'City4', 'Region4', 'P0004', 'India');
INSERT INTO ADDRESS (address_id, house_unit_no, address_line1, address_line2, city, region, postal_code, country) VALUES (5, '5', '5 Example Street', '', 'City5', 'Region5', 'P0005', 'India');
INSERT INTO ADDRESS (address_id, house_unit_no, address_line1, address_line2, city, region, postal_code, country) VALUES (6, '6', '6 Example Street', '', 'City6', 'Region6', 'P0006', 'USA');
INSERT INTO ADDRESS (address_id, house_unit_no, address_line1, address_line2, city, region, postal_code, country) VALUES (7, '7', '7 Example Street', 'Suite 7', 'City7', 'Region7', 'P0007', 'India');
INSERT INTO ADDRESS (address_id, house_unit_no, address_line1, address_line2, city, region, postal_code, country) VALUES (8, '8', '8 Example Street', '', 'City8', 'Region8', 'P0008', 'India');
INSERT INTO ADDRESS (address_id, house_unit_no, address_line1, address_line2, city, region, postal_code, country) VALUES (9, '9', '9 Example Street', '', 'City9', 'Region1', 'P0009', 'USA');
INSERT INTO ADDRESS (address_id, house_unit_no, address_line1, address_line2, city, region, postal_code, country) VALUES (10, '10', '10 Example Street', '', 'City10', 'Region2', 'P0010', 'India');
INSERT INTO ADDRESS (address_id, house_unit_no, address_line1, address_line2, city, region, postal_code, country) VALUES (11, '11', '11 Example Street', '', 'City11', 'Region3', 'P0011', 'India');
INSERT INTO ADDRESS (address_id, house_unit_no, address_line1, address_line2, city, region, postal_code, country) VALUES (12, '12', '12 Example Street', '', 'City12', 'Region4', 'P0012', 'USA');
INSERT INTO ADDRESS (address_id, house_unit_no, address_line1, address_line2, city, region, postal_code, country) VALUES (13, '13', '13 Example Street', '', 'City1', 'Region5', 'P0013', 'India');
INSERT INTO ADDRESS (address_id, house_unit_no, address_line1, address_line2, city, region, postal_code, country) VALUES (14, '14', '14 Example Street', 'Suite 7', 'City2', 'Region6', 'P0014', 'India');
INSERT INTO ADDRESS (address_id, house_unit_no, address_line1, address_line2, city, region, postal_code, country) VALUES (15, '15', '15 Example Street', '', 'City3', 'Region7', 'P0015', 'USA');
INSERT INTO ADDRESS (address_id, house_unit_no, address_line1, address_line2, city, region, postal_code, country) VALUES (16, '16', '16 Example Street', '', 'City4', 'Region8', 'P0016', 'India');
INSERT INTO ADDRESS (address_id, house_unit_no, address_line1, address_line2, city, region, postal_code, country) VALUES (17, '17', '17 Example Street', '', 'City5', 'Region1', 'P0017', 'India');
INSERT INTO ADDRESS (address_id, house_unit_no, address_line1, address_line2, city, region, postal_code, country) VALUES (18, '18', '18 Example Street', '', 'City6', 'Region2', 'P0018', 'USA');
INSERT INTO ADDRESS (address_id, house_unit_no, address_line1, address_line2, city, region, postal_code, country) VALUES (19, '19', '19 Example Street', '', 'City7', 'Region3', 'P0019', 'India');
INSERT INTO ADDRESS (address_id, house_unit_no, address_line1, address_line2, city, region, postal_code, country) VALUES (20, '20', '20 Example Street', '', 'City8', 'Region4', 'P0020', 'India');
INSERT INTO ADDRESS (address_id, house_unit_no, address_line1, address_line2, city, region, postal_code, country) VALUES (21, '21', '21 Example Street', 'Suite 7', 'City9', 'Region5', 'P0021', 'USA');
INSERT INTO ADDRESS (address_id, house_unit_no, address_line1, address_line2, city, region, postal_code, country) VALUES (22, '22', '22 Example Street', '', 'City10', 'Region6', 'P0022', 'India');
INSERT INTO ADDRESS (address_id, house_unit_no, address_line1, address_line2, city, region, postal_code, country) VALUES (23, '23', '23 Example Street', '', 'City11', 'Region7', 'P0023', 'India');
INSERT INTO ADDRESS (address_id, house_unit_no, address_line1, address_line2, city, region, postal_code, country) VALUES (24, '24', '24 Example Street', '', 'City12', 'Region8', 'P0024', 'USA');
INSERT INTO ADDRESS (address_id, house_unit_no, address_line1, address_line2, city, region, postal_code, country) VALUES (25, '25', '25 Example Street', '', 'City1', 'Region1', 'P0025', 'India');
INSERT INTO ADDRESS (address_id, house_unit_no, address_line1, address_line2, city, region, postal_code, country) VALUES (26, '26', '26 Example Street', '', 'City2', 'Region2', 'P0026', 'India');
INSERT INTO ADDRESS (address_id, house_unit_no, address_line1, address_line2, city, region, postal_code, country) VALUES (27, '27', '27 Example Street', '', 'City3', 'Region3', 'P0027', 'USA');
INSERT INTO ADDRESS (address_id, house_unit_no, address_line1, address_line2, city, region, postal_code, country) VALUES (28, '28', '28 Example Street', 'Suite 7', 'City4', 'Region4', 'P0028', 'India');
INSERT INTO ADDRESS (address_id, house_unit_no, address_line1, address_line2, city, region, postal_code, country) VALUES (29, '29', '29 Example Street', '', 'City5', 'Region5', 'P0029', 'India');
INSERT INTO ADDRESS (address_id, house_unit_no, address_line1, address_line2, city, region, postal_code, country) VALUES (30, '30', '30 Example Street', '', 'City6', 'Region6', 'P0030', 'USA');
INSERT INTO ADDRESS (address_id, house_unit_no, address_line1, address_line2, city, region, postal_code, country) VALUES (31, '31', '31 Example Street', '', 'City7', 'Region7', 'P0031', 'India');
INSERT INTO ADDRESS (address_id, house_unit_no, address_line1, address_line2, city, region, postal_code, country) VALUES (32, '32', '32 Example Street', '', 'City8', 'Region8', 'P0032', 'India');
INSERT INTO ADDRESS (address_id, house_unit_no, address_line1, address_line2, city, region, postal_code, country) VALUES (33, '33', '33 Example Street', '', 'City9', 'Region1', 'P0033', 'USA');
INSERT INTO ADDRESS (address_id, house_unit_no, address_line1, address_line2, city, region, postal_code, country) VALUES (34, '34', '34 Example Street', '', 'City10', 'Region2', 'P0034', 'India');
INSERT INTO ADDRESS (address_id, house_unit_no, address_line1, address_line2, city, region, postal_code, country) VALUES (35, '35', '35 Example Street', 'Suite 7', 'City11', 'Region3', 'P0035', 'India');
INSERT INTO ADDRESS (address_id, house_unit_no, address_line1, address_line2, city, region, postal_code, country) VALUES (36, '36', '36 Example Street', '', 'City12', 'Region4', 'P0036', 'USA');
INSERT INTO ADDRESS (address_id, house_unit_no, address_line1, address_line2, city, region, postal_code, country) VALUES (37, '37', '37 Example Street', '', 'City1', 'Region5', 'P0037', 'India');
INSERT INTO ADDRESS (address_id, house_unit_no, address_line1, address_line2, city, region, postal_code, country) VALUES (38, '38', '38 Example Street', '', 'City2', 'Region6', 'P0038', 'India');
INSERT INTO ADDRESS (address_id, house_unit_no, address_line1, address_line2, city, region, postal_code, country) VALUES (39, '39', '39 Example Street', '', 'City3', 'Region7', 'P0039', 'USA');
INSERT INTO ADDRESS (address_id, house_unit_no, address_line1, address_line2, city, region, postal_code, country) VALUES (40, '40', '40 Example Street', '', 'City4', 'Region8', 'P0040', 'India');
INSERT INTO ADDRESS (address_id, house_unit_no, address_line1, address_line2, city, region, postal_code, country) VALUES (41, '41', '41 Example Street', '', 'City5', 'Region1', 'P0041', 'India');
INSERT INTO ADDRESS (address_id, house_unit_no, address_line1, address_line2, city, region, postal_code, country) VALUES (42, '42', '42 Example Street', 'Suite 7', 'City6', 'Region2', 'P0042', 'USA');
INSERT INTO ADDRESS (address_id, house_unit_no, address_line1, address_line2, city, region, postal_code, country) VALUES (43, '43', '43 Example Street', '', 'City7', 'Region3', 'P0043', 'India');
INSERT INTO ADDRESS (address_id, house_unit_no, address_line1, address_line2, city, region, postal_code, country) VALUES (44, '44', '44 Example Street', '', 'City8', 'Region4', 'P0044', 'India');
INSERT INTO ADDRESS (address_id, house_unit_no, address_line1, address_line2, city, region, postal_code, country) VALUES (45, '45', '45 Example Street', '', 'City9', 'Region5', 'P0045', 'USA');
INSERT INTO ADDRESS (address_id, house_unit_no, address_line1, address_line2, city, region, postal_code, country) VALUES (46, '46', '46 Example Street', '', 'City10', 'Region6', 'P0046', 'India');
INSERT INTO ADDRESS (address_id, house_unit_no, address_line1, address_line2, city, region, postal_code, country) VALUES (47, '47', '47 Example Street', '', 'City11', 'Region7', 'P0047', 'India');
INSERT INTO ADDRESS (address_id, house_unit_no, address_line1, address_line2, city, region, postal_code, country) VALUES (48, '48', '48 Example Street', '', 'City12', 'Region8', 'P0048', 'USA');
INSERT INTO ADDRESS (address_id, house_unit_no, address_line1, address_line2, city, region, postal_code, country) VALUES (49, '49', '49 Example Street', 'Suite 7', 'City1', 'Region1', 'P0049', 'India');
INSERT INTO ADDRESS (address_id, house_unit_no, address_line1, address_line2, city, region, postal_code, country) VALUES (50, '50', '50 Example Street', '', 'City2', 'Region2', 'P0050', 'India');
INSERT INTO ADDRESS (address_id, house_unit_no, address_line1, address_line2, city, region, postal_code, country) VALUES (51, '51', '51 Example Street', '', 'City3', 'Region3', 'P0051', 'USA');
INSERT INTO ADDRESS (address_id, house_unit_no, address_line1, address_line2, city, region, postal_code, country) VALUES (52, '52', '52 Example Street', '', 'City4', 'Region4', 'P0052', 'India');
INSERT INTO ADDRESS (address_id, house_unit_no, address_line1, address_line2, city, region, postal_code, country) VALUES (53, '53', '53 Example Street', '', 'City5', 'Region5', 'P0053', 'India');
INSERT INTO ADDRESS (address_id, house_unit_no, address_line1, address_line2, city, region, postal_code, country) VALUES (54, '54', '54 Example Street', '', 'City6', 'Region6', 'P0054', 'USA');
INSERT INTO ADDRESS (address_id, house_unit_no, address_line1, address_line2, city, region, postal_code, country) VALUES (55, '55', '55 Example Street', '', 'City7', 'Region7', 'P0055', 'India');
INSERT INTO ADDRESS (address_id, house_unit_no, address_line1, address_line2, city, region, postal_code, country) VALUES (56, '56', '56 Example Street', 'Suite 7', 'City8', 'Region8', 'P0056', 'India');
INSERT INTO ADDRESS (address_id, house_unit_no, address_line1, address_line2, city, region, postal_code, country) VALUES (57, '57', '57 Example Street', '', 'City9', 'Region1', 'P0057', 'USA');
INSERT INTO ADDRESS (address_id, house_unit_no, address_line1, address_line2, city, region, postal_code, country) VALUES (58, '58', '58 Example Street', '', 'City10', 'Region2', 'P0058', 'India');
INSERT INTO ADDRESS (address_id, house_unit_no, address_line1, address_line2, city, region, postal_code, country) VALUES (59, '59', '59 Example Street', '', 'City11', 'Region3', 'P0059', 'India');
INSERT INTO ADDRESS (address_id, house_unit_no, address_line1, address_line2, city, region, postal_code, country) VALUES (60, '60', '60 Example Street', '', 'City12', 'Region4', 'P0060', 'USA');
INSERT INTO ADDRESS (address_id, house_unit_no, address_line1, address_line2, city, region, postal_code, country) VALUES (61, '61', '61 Example Street', '', 'City1', 'Region5', 'P0061', 'India');
INSERT INTO ADDRESS (address_id, house_unit_no, address_line1, address_line2, city, region, postal_code, country) VALUES (62, '62', '62 Example Street', '', 'City2', 'Region6', 'P0062', 'India');
INSERT INTO ADDRESS (address_id, house_unit_no, address_line1, address_line2, city, region, postal_code, country) VALUES (63, '63', '63 Example Street', 'Suite 7', 'City3', 'Region7', 'P0063', 'USA');
INSERT INTO ADDRESS (address_id, house_unit_no, address_line1, address_line2, city, region, postal_code, country) VALUES (64, '64', '64 Example Street', '', 'City4', 'Region8', 'P0064', 'India');
INSERT INTO ADDRESS (address_id, house_unit_no, address_line1, address_line2, city, region, postal_code, country) VALUES (65, '65', '65 Example Street', '', 'City5', 'Region1', 'P0065', 'India');
INSERT INTO ADDRESS (address_id, house_unit_no, address_line1, address_line2, city, region, postal_code, country) VALUES (66, '66', '66 Example Street', '', 'City6', 'Region2', 'P0066', 'USA');
INSERT INTO ADDRESS (address_id, house_unit_no, address_line1, address_line2, city, region, postal_code, country) VALUES (67, '67', '67 Example Street', '', 'City7', 'Region3', 'P0067', 'India');
INSERT INTO ADDRESS (address_id, house_unit_no, address_line1, address_line2, city, region, postal_code, country) VALUES (68, '68', '68 Example Street', '', 'City8', 'Region4', 'P0068', 'India');
INSERT INTO ADDRESS (address_id, house_unit_no, address_line1, address_line2, city, region, postal_code, country) VALUES (69, '69', '69 Example Street', '', 'City9', 'Region5', 'P0069', 'USA');
INSERT INTO ADDRESS (address_id, house_unit_no, address_line1, address_line2, city, region, postal_code, country) VALUES (70, '70', '70 Example Street', 'Suite 7', 'City10', 'Region6', 'P0070', 'India');
INSERT INTO ADDRESS (address_id, house_unit_no, address_line1, address_line2, city, region, postal_code, country) VALUES (71, '71', '71 Example Street', '', 'City11', 'Region7', 'P0071', 'India');
INSERT INTO ADDRESS (address_id, house_unit_no, address_line1, address_line2, city, region, postal_code, country) VALUES (72, '72', '72 Example Street', '', 'City12', 'Region8', 'P0072', 'USA');
INSERT INTO ADDRESS (address_id, house_unit_no, address_line1, address_line2, city, region, postal_code, country) VALUES (73, '73', '73 Example Street', '', 'City1', 'Region1', 'P0073', 'India');
INSERT INTO ADDRESS (address_id, house_unit_no, address_line1, address_line2, city, region, postal_code, country) VALUES (74, '74', '74 Example Street', '', 'City2', 'Region2', 'P0074', 'India');
INSERT INTO ADDRESS (address_id, house_unit_no, address_line1, address_line2, city, region, postal_code, country) VALUES (75, '75', '75 Example Street', '', 'City3', 'Region3', 'P0075', 'USA');
INSERT INTO ADDRESS (address_id, house_unit_no, address_line1, address_line2, city, region, postal_code, country) VALUES (76, '76', '76 Example Street', '', 'City4', 'Region4', 'P0076', 'India');
INSERT INTO ADDRESS (address_id, house_unit_no, address_line1, address_line2, city, region, postal_code, country) VALUES (77, '77', '77 Example Street', 'Suite 7', 'City5', 'Region5', 'P0077', 'India');
INSERT INTO ADDRESS (address_id, house_unit_no, address_line1, address_line2, city, region, postal_code, country) VALUES (78, '78', '78 Example Street', '', 'City6', 'Region6', 'P0078', 'USA');
INSERT INTO ADDRESS (address_id, house_unit_no, address_line1, address_line2, city, region, postal_code, country) VALUES (79, '79', '79 Example Street', '', 'City7', 'Region7', 'P0079', 'India');
INSERT INTO ADDRESS (address_id, house_unit_no, address_line1, address_line2, city, region, postal_code, country) VALUES (80, '80', '80 Example Street', '', 'City8', 'Region8', 'P0080', 'India');
-- Insert USER_ADDRESS (80 rows)
INSERT INTO USER_ADDRESS (address_id, username) VALUES (1, 'user001');
INSERT INTO USER_ADDRESS (address_id, username) VALUES (2, 'user002');
INSERT INTO USER_ADDRESS (address_id, username) VALUES (3, 'user003');
INSERT INTO USER_ADDRESS (address_id, username) VALUES (4, 'user004');
INSERT INTO USER_ADDRESS (address_id, username) VALUES (5, 'user005');
INSERT INTO USER_ADDRESS (address_id, username) VALUES (6, 'user006');
INSERT INTO USER_ADDRESS (address_id, username) VALUES (7, 'user007');
INSERT INTO USER_ADDRESS (address_id, username) VALUES (8, 'user008');
INSERT INTO USER_ADDRESS (address_id, username) VALUES (9, 'user009');
INSERT INTO USER_ADDRESS (address_id, username) VALUES (10, 'user010');
INSERT INTO USER_ADDRESS (address_id, username) VALUES (11, 'user011');
INSERT INTO USER_ADDRESS (address_id, username) VALUES (12, 'user012');
INSERT INTO USER_ADDRESS (address_id, username) VALUES (13, 'user013');
INSERT INTO USER_ADDRESS (address_id, username) VALUES (14, 'user014');
INSERT INTO USER_ADDRESS (address_id, username) VALUES (15, 'user015');
INSERT INTO USER_ADDRESS (address_id, username) VALUES (16, 'user016');
INSERT INTO USER_ADDRESS (address_id, username) VALUES (17, 'user017');
INSERT INTO USER_ADDRESS (address_id, username) VALUES (18, 'user018');
INSERT INTO USER_ADDRESS (address_id, username) VALUES (19, 'user019');
INSERT INTO USER_ADDRESS (address_id, username) VALUES (20, 'user020');
INSERT INTO USER_ADDRESS (address_id, username) VALUES (21, 'user021');
INSERT INTO USER_ADDRESS (address_id, username) VALUES (22, 'user022');
INSERT INTO USER_ADDRESS (address_id, username) VALUES (23, 'user023');
INSERT INTO USER_ADDRESS (address_id, username) VALUES (24, 'user024');
INSERT INTO USER_ADDRESS (address_id, username) VALUES (25, 'user025');
INSERT INTO USER_ADDRESS (address_id, username) VALUES (26, 'user026');
INSERT INTO USER_ADDRESS (address_id, username) VALUES (27, 'user027');
INSERT INTO USER_ADDRESS (address_id, username) VALUES (28, 'user028');
INSERT INTO USER_ADDRESS (address_id, username) VALUES (29, 'user029');
INSERT INTO USER_ADDRESS (address_id, username) VALUES (30, 'user030');
INSERT INTO USER_ADDRESS (address_id, username) VALUES (31, 'user031');
INSERT INTO USER_ADDRESS (address_id, username) VALUES (32, 'user032');
INSERT INTO USER_ADDRESS (address_id, username) VALUES (33, 'user033');
INSERT INTO USER_ADDRESS (address_id, username) VALUES (34, 'user034');
INSERT INTO USER_ADDRESS (address_id, username) VALUES (35, 'user035');
INSERT INTO USER_ADDRESS (address_id, username) VALUES (36, 'user036');
INSERT INTO USER_ADDRESS (address_id, username) VALUES (37, 'user037');
INSERT INTO USER_ADDRESS (address_id, username) VALUES (38, 'user038');
INSERT INTO USER_ADDRESS (address_id, username) VALUES (39, 'user039');
INSERT INTO USER_ADDRESS (address_id, username) VALUES (40, 'user040');
INSERT INTO USER_ADDRESS (address_id, username) VALUES (41, 'user041');
INSERT INTO USER_ADDRESS (address_id, username) VALUES (42, 'user042');
INSERT INTO USER_ADDRESS (address_id, username) VALUES (43, 'user043');
INSERT INTO USER_ADDRESS (address_id, username) VALUES (44, 'user044');
INSERT INTO USER_ADDRESS (address_id, username) VALUES (45, 'user045');
INSERT INTO USER_ADDRESS (address_id, username) VALUES (46, 'user046');
INSERT INTO USER_ADDRESS (address_id, username) VALUES (47, 'user047');
INSERT INTO USER_ADDRESS (address_id, username) VALUES (48, 'user048');
INSERT INTO USER_ADDRESS (address_id, username) VALUES (49, 'user049');
INSERT INTO USER_ADDRESS (address_id, username) VALUES (50, 'user050');
INSERT INTO USER_ADDRESS (address_id, username) VALUES (51, 'user051');
INSERT INTO USER_ADDRESS (address_id, username) VALUES (52, 'user052');
INSERT INTO USER_ADDRESS (address_id, username) VALUES (53, 'user053');
INSERT INTO USER_ADDRESS (address_id, username) VALUES (54, 'user054');
INSERT INTO USER_ADDRESS (address_id, username) VALUES (55, 'user055');
INSERT INTO USER_ADDRESS (address_id, username) VALUES (56, 'user056');
INSERT INTO USER_ADDRESS (address_id, username) VALUES (57, 'user057');
INSERT INTO USER_ADDRESS (address_id, username) VALUES (58, 'user058');
INSERT INTO USER_ADDRESS (address_id, username) VALUES (59, 'user059');
INSERT INTO USER_ADDRESS (address_id, username) VALUES (60, 'user060');
INSERT INTO USER_ADDRESS (address_id, username) VALUES (61, 'user061');
INSERT INTO USER_ADDRESS (address_id, username) VALUES (62, 'user062');
INSERT INTO USER_ADDRESS (address_id, username) VALUES (63, 'user063');
INSERT INTO USER_ADDRESS (address_id, username) VALUES (64, 'user064');
INSERT INTO USER_ADDRESS (address_id, username) VALUES (65, 'user065');
INSERT INTO USER_ADDRESS (address_id, username) VALUES (66, 'user066');
INSERT INTO USER_ADDRESS (address_id, username) VALUES (67, 'user067');
INSERT INTO USER_ADDRESS (address_id, username) VALUES (68, 'user068');
INSERT INTO USER_ADDRESS (address_id, username) VALUES (69, 'user069');
INSERT INTO USER_ADDRESS (address_id, username) VALUES (70, 'user070');
INSERT INTO USER_ADDRESS (address_id, username) VALUES (71, 'user071');
INSERT INTO USER_ADDRESS (address_id, username) VALUES (72, 'user072');
INSERT INTO USER_ADDRESS (address_id, username) VALUES (73, 'user073');
INSERT INTO USER_ADDRESS (address_id, username) VALUES (74, 'user074');
INSERT INTO USER_ADDRESS (address_id, username) VALUES (75, 'user075');
INSERT INTO USER_ADDRESS (address_id, username) VALUES (76, 'user076');
INSERT INTO USER_ADDRESS (address_id, username) VALUES (77, 'user077');
INSERT INTO USER_ADDRESS (address_id, username) VALUES (78, 'user078');
INSERT INTO USER_ADDRESS (address_id, username) VALUES (79, 'user079');
INSERT INTO USER_ADDRESS (address_id, username) VALUES (80, 'user080');
-- Insert CUSTOMER_ORDER (30 rows)
INSERT INTO CUSTOMER_ORDER (order_id, username, shipping_address_id, billing_address_id, order_discount, order_date) VALUES (1, 'user002', 1, 4, 0.50, '2025-07-31 12:00:00');
INSERT INTO CUSTOMER_ORDER (order_id, username, shipping_address_id, billing_address_id, order_discount, order_date) VALUES (2, 'user004', 2, 5, 1.00, '2025-07-30 12:00:00');
INSERT INTO CUSTOMER_ORDER (order_id, username, shipping_address_id, billing_address_id, order_discount, order_date) VALUES (3, 'user006', 3, 6, 1.50, '2025-07-29 12:00:00');
INSERT INTO CUSTOMER_ORDER (order_id, username, shipping_address_id, billing_address_id, order_discount, order_date) VALUES (4, 'user008', 4, 7, 2.00, '2025-07-28 12:00:00');
INSERT INTO CUSTOMER_ORDER (order_id, username, shipping_address_id, billing_address_id, order_discount, order_date) VALUES (5, 'user010', 5, 8, 0.00, '2025-07-27 12:00:00');
INSERT INTO CUSTOMER_ORDER (order_id, username, shipping_address_id, billing_address_id, order_discount, order_date) VALUES (6, 'user012', 6, 9, 0.50, '2025-07-26 12:00:00');
INSERT INTO CUSTOMER_ORDER (order_id, username, shipping_address_id, billing_address_id, order_discount, order_date) VALUES (7, 'user014', 7, 10, 1.00, '2025-07-25 12:00:00');
INSERT INTO CUSTOMER_ORDER (order_id, username, shipping_address_id, billing_address_id, order_discount, order_date) VALUES (8, 'user016', 8, 11, 1.50, '2025-07-24 12:00:00');
INSERT INTO CUSTOMER_ORDER (order_id, username, shipping_address_id, billing_address_id, order_discount, order_date) VALUES (9, 'user018', 9, 12, 2.00, '2025-07-23 12:00:00');
INSERT INTO CUSTOMER_ORDER (order_id, username, shipping_address_id, billing_address_id, order_discount, order_date) VALUES (10, 'user020', 10, 13, 0.00, '2025-07-22 12:00:00');
INSERT INTO CUSTOMER_ORDER (order_id, username, shipping_address_id, billing_address_id, order_discount, order_date) VALUES (11, 'user022', 11, 14, 0.50, '2025-07-21 12:00:00');
INSERT INTO CUSTOMER_ORDER (order_id, username, shipping_address_id, billing_address_id, order_discount, order_date) VALUES (12, 'user024', 12, 15, 1.00, '2025-07-20 12:00:00');
INSERT INTO CUSTOMER_ORDER (order_id, username, shipping_address_id, billing_address_id, order_discount, order_date) VALUES (13, 'user026', 13, 16, 1.50, '2025-07-19 12:00:00');
INSERT INTO CUSTOMER_ORDER (order_id, username, shipping_address_id, billing_address_id, order_discount, order_date) VALUES (14, 'user028', 14, 17, 2.00, '2025-07-18 12:00:00');
INSERT INTO CUSTOMER_ORDER (order_id, username, shipping_address_id, billing_address_id, order_discount, order_date) VALUES (15, 'user030', 15, 18, 0.00, '2025-07-17 12:00:00');
INSERT INTO CUSTOMER_ORDER (order_id, username, shipping_address_id, billing_address_id, order_discount, order_date) VALUES (16, 'user032', 16, 19, 0.50, '2025-07-16 12:00:00');
INSERT INTO CUSTOMER_ORDER (order_id, username, shipping_address_id, billing_address_id, order_discount, order_date) VALUES (17, 'user034', 17, 20, 1.00, '2025-07-15 12:00:00');
INSERT INTO CUSTOMER_ORDER (order_id, username, shipping_address_id, billing_address_id, order_discount, order_date) VALUES (18, 'user036', 18, 21, 1.50, '2025-07-14 12:00:00');
INSERT INTO CUSTOMER_ORDER (order_id, username, shipping_address_id, billing_address_id, order_discount, order_date) VALUES (19, 'user038', 19, 22, 2.00, '2025-07-13 12:00:00');
INSERT INTO CUSTOMER_ORDER (order_id, username, shipping_address_id, billing_address_id, order_discount, order_date) VALUES (20, 'user040', 20, 23, 0.00, '2025-07-12 12:00:00');
INSERT INTO CUSTOMER_ORDER (order_id, username, shipping_address_id, billing_address_id, order_discount, order_date) VALUES (21, 'user042', 21, 24, 0.50, '2025-07-11 12:00:00');
INSERT INTO CUSTOMER_ORDER (order_id, username, shipping_address_id, billing_address_id, order_discount, order_date) VALUES (22, 'user044', 22, 25, 1.00, '2025-07-10 12:00:00');
INSERT INTO CUSTOMER_ORDER (order_id, username, shipping_address_id, billing_address_id, order_discount, order_date) VALUES (23, 'user046', 23, 26, 1.50, '2025-07-09 12:00:00');
INSERT INTO CUSTOMER_ORDER (order_id, username, shipping_address_id, billing_address_id, order_discount, order_date) VALUES (24, 'user048', 24, 27, 2.00, '2025-07-08 12:00:00');
INSERT INTO CUSTOMER_ORDER (order_id, username, shipping_address_id, billing_address_id, order_discount, order_date) VALUES (25, 'user050', 25, 28, 0.00, '2025-07-07 12:00:00');
INSERT INTO CUSTOMER_ORDER (order_id, username, shipping_address_id, billing_address_id, order_discount, order_date) VALUES (26, 'user052', 26, 29, 0.50, '2025-07-06 12:00:00');
INSERT INTO CUSTOMER_ORDER (order_id, username, shipping_address_id, billing_address_id, order_discount, order_date) VALUES (27, 'user054', 27, 30, 1.00, '2025-07-05 12:00:00');
INSERT INTO CUSTOMER_ORDER (order_id, username, shipping_address_id, billing_address_id, order_discount, order_date) VALUES (28, 'user056', 28, 31, 1.50, '2025-07-04 12:00:00');
INSERT INTO CUSTOMER_ORDER (order_id, username, shipping_address_id, billing_address_id, order_discount, order_date) VALUES (29, 'user058', 29, 32, 2.00, '2025-07-03 12:00:00');
INSERT INTO CUSTOMER_ORDER (order_id, username, shipping_address_id, billing_address_id, order_discount, order_date) VALUES (30, 'user060', 30, 33, 0.00, '2025-07-02 12:00:00');
-- Insert CUSTOMER_ORDER_LINE (100 rows)
INSERT INTO CUSTOMER_ORDER_LINE (order_line_id, order_id, product_id, qty, discount, price) VALUES (1, 1, 1, 1, 0.00, 5.50);
INSERT INTO CUSTOMER_ORDER_LINE (order_line_id, order_id, product_id, qty, discount, price) VALUES (2, 2, 2, 2, 0.50, 6.00);
INSERT INTO CUSTOMER_ORDER_LINE (order_line_id, order_id, product_id, qty, discount, price) VALUES (3, 3, 3, 3, 1.00, 6.50);
INSERT INTO CUSTOMER_ORDER_LINE (order_line_id, order_id, product_id, qty, discount, price) VALUES (4, 4, 4, 4, 1.50, 7.00);
INSERT INTO CUSTOMER_ORDER_LINE (order_line_id, order_id, product_id, qty, discount, price) VALUES (5, 5, 5, 5, 0.00, 7.50);
INSERT INTO CUSTOMER_ORDER_LINE (order_line_id, order_id, product_id, qty, discount, price) VALUES (6, 6, 6, 1, 0.50, 8.00);
INSERT INTO CUSTOMER_ORDER_LINE (order_line_id, order_id, product_id, qty, discount, price) VALUES (7, 7, 7, 2, 1.00, 8.50);
INSERT INTO CUSTOMER_ORDER_LINE (order_line_id, order_id, product_id, qty, discount, price) VALUES (8, 8, 8, 3, 1.50, 9.00);
INSERT INTO CUSTOMER_ORDER_LINE (order_line_id, order_id, product_id, qty, discount, price) VALUES (9, 9, 9, 4, 0.00, 9.50);
INSERT INTO CUSTOMER_ORDER_LINE (order_line_id, order_id, product_id, qty, discount, price) VALUES (10, 10, 10, 5, 0.50, 10.00);
INSERT INTO CUSTOMER_ORDER_LINE (order_line_id, order_id, product_id, qty, discount, price) VALUES (11, 11, 11, 1, 1.00, 10.50);
INSERT INTO CUSTOMER_ORDER_LINE (order_line_id, order_id, product_id, qty, discount, price) VALUES (12, 12, 12, 2, 1.50, 11.00);
INSERT INTO CUSTOMER_ORDER_LINE (order_line_id, order_id, product_id, qty, discount, price) VALUES (13, 13, 13, 3, 0.00, 11.50);
INSERT INTO CUSTOMER_ORDER_LINE (order_line_id, order_id, product_id, qty, discount, price) VALUES (14, 14, 14, 4, 0.50, 12.00);
INSERT INTO CUSTOMER_ORDER_LINE (order_line_id, order_id, product_id, qty, discount, price) VALUES (15, 15, 15, 5, 1.00, 12.50);
INSERT INTO CUSTOMER_ORDER_LINE (order_line_id, order_id, product_id, qty, discount, price) VALUES (16, 16, 16, 1, 1.50, 13.00);
INSERT INTO CUSTOMER_ORDER_LINE (order_line_id, order_id, product_id, qty, discount, price) VALUES (17, 17, 17, 2, 0.00, 13.50);
INSERT INTO CUSTOMER_ORDER_LINE (order_line_id, order_id, product_id, qty, discount, price) VALUES (18, 18, 18, 3, 0.50, 14.00);
INSERT INTO CUSTOMER_ORDER_LINE (order_line_id, order_id, product_id, qty, discount, price) VALUES (19, 19, 19, 4, 1.00, 14.50);
INSERT INTO CUSTOMER_ORDER_LINE (order_line_id, order_id, product_id, qty, discount, price) VALUES (20, 20, 20, 5, 1.50, 15.00);
INSERT INTO CUSTOMER_ORDER_LINE (order_line_id, order_id, product_id, qty, discount, price) VALUES (21, 21, 21, 1, 0.00, 15.50);
INSERT INTO CUSTOMER_ORDER_LINE (order_line_id, order_id, product_id, qty, discount, price) VALUES (22, 22, 22, 2, 0.50, 16.00);
INSERT INTO CUSTOMER_ORDER_LINE (order_line_id, order_id, product_id, qty, discount, price) VALUES (23, 23, 23, 3, 1.00, 16.50);
INSERT INTO CUSTOMER_ORDER_LINE (order_line_id, order_id, product_id, qty, discount, price) VALUES (24, 24, 24, 4, 1.50, 17.00);
INSERT INTO CUSTOMER_ORDER_LINE (order_line_id, order_id, product_id, qty, discount, price) VALUES (25, 25, 25, 5, 0.00, 17.50);
INSERT INTO CUSTOMER_ORDER_LINE (order_line_id, order_id, product_id, qty, discount, price) VALUES (26, 26, 26, 1, 0.50, 18.00);
INSERT INTO CUSTOMER_ORDER_LINE (order_line_id, order_id, product_id, qty, discount, price) VALUES (27, 27, 27, 2, 1.00, 18.50);
INSERT INTO CUSTOMER_ORDER_LINE (order_line_id, order_id, product_id, qty, discount, price) VALUES (28, 28, 28, 3, 1.50, 19.00);
INSERT INTO CUSTOMER_ORDER_LINE (order_line_id, order_id, product_id, qty, discount, price) VALUES (29, 29, 29, 4, 0.00, 19.50);
INSERT INTO CUSTOMER_ORDER_LINE (order_line_id, order_id, product_id, qty, discount, price) VALUES (30, 30, 30, 5, 0.50, 20.00);
INSERT INTO CUSTOMER_ORDER_LINE (order_line_id, order_id, product_id, qty, discount, price) VALUES (31, 1, 31, 1, 1.00, 20.50);
INSERT INTO CUSTOMER_ORDER_LINE (order_line_id, order_id, product_id, qty, discount, price) VALUES (32, 2, 32, 2, 1.50, 21.00);
INSERT INTO CUSTOMER_ORDER_LINE (order_line_id, order_id, product_id, qty, discount, price) VALUES (33, 3, 33, 3, 0.00, 21.50);
INSERT INTO CUSTOMER_ORDER_LINE (order_line_id, order_id, product_id, qty, discount, price) VALUES (34, 4, 34, 4, 0.50, 22.00);
INSERT INTO CUSTOMER_ORDER_LINE (order_line_id, order_id, product_id, qty, discount, price) VALUES (35, 5, 35, 5, 1.00, 22.50);
INSERT INTO CUSTOMER_ORDER_LINE (order_line_id, order_id, product_id, qty, discount, price) VALUES (36, 6, 36, 1, 1.50, 23.00);
INSERT INTO CUSTOMER_ORDER_LINE (order_line_id, order_id, product_id, qty, discount, price) VALUES (37, 7, 37, 2, 0.00, 23.50);
INSERT INTO CUSTOMER_ORDER_LINE (order_line_id, order_id, product_id, qty, discount, price) VALUES (38, 8, 38, 3, 0.50, 24.00);
INSERT INTO CUSTOMER_ORDER_LINE (order_line_id, order_id, product_id, qty, discount, price) VALUES (39, 9, 39, 4, 1.00, 24.50);
INSERT INTO CUSTOMER_ORDER_LINE (order_line_id, order_id, product_id, qty, discount, price) VALUES (40, 10, 40, 5, 1.50, 25.00);
INSERT INTO CUSTOMER_ORDER_LINE (order_line_id, order_id, product_id, qty, discount, price) VALUES (41, 11, 41, 1, 0.00, 25.50);
INSERT INTO CUSTOMER_ORDER_LINE (order_line_id, order_id, product_id, qty, discount, price) VALUES (42, 12, 42, 2, 0.50, 26.00);
INSERT INTO CUSTOMER_ORDER_LINE (order_line_id, order_id, product_id, qty, discount, price) VALUES (43, 13, 43, 3, 1.00, 26.50);
INSERT INTO CUSTOMER_ORDER_LINE (order_line_id, order_id, product_id, qty, discount, price) VALUES (44, 14, 44, 4, 1.50, 27.00);
INSERT INTO CUSTOMER_ORDER_LINE (order_line_id, order_id, product_id, qty, discount, price) VALUES (45, 15, 45, 5, 0.00, 27.50);
INSERT INTO CUSTOMER_ORDER_LINE (order_line_id, order_id, product_id, qty, discount, price) VALUES (46, 16, 46, 1, 0.50, 28.00);
INSERT INTO CUSTOMER_ORDER_LINE (order_line_id, order_id, product_id, qty, discount, price) VALUES (47, 17, 47, 2, 1.00, 28.50);
INSERT INTO CUSTOMER_ORDER_LINE (order_line_id, order_id, product_id, qty, discount, price) VALUES (48, 18, 48, 3, 1.50, 29.00);
INSERT INTO CUSTOMER_ORDER_LINE (order_line_id, order_id, product_id, qty, discount, price) VALUES (49, 19, 49, 4, 0.00, 29.50);
INSERT INTO CUSTOMER_ORDER_LINE (order_line_id, order_id, product_id, qty, discount, price) VALUES (50, 20, 50, 5, 0.50, 30.00);
INSERT INTO CUSTOMER_ORDER_LINE (order_line_id, order_id, product_id, qty, discount, price) VALUES (51, 21, 51, 1, 1.00, 30.50);
INSERT INTO CUSTOMER_ORDER_LINE (order_line_id, order_id, product_id, qty, discount, price) VALUES (52, 22, 52, 2, 1.50, 31.00);
INSERT INTO CUSTOMER_ORDER_LINE (order_line_id, order_id, product_id, qty, discount, price) VALUES (53, 23, 53, 3, 0.00, 31.50);
INSERT INTO CUSTOMER_ORDER_LINE (order_line_id, order_id, product_id, qty, discount, price) VALUES (54, 24, 54, 4, 0.50, 32.00);
INSERT INTO CUSTOMER_ORDER_LINE (order_line_id, order_id, product_id, qty, discount, price) VALUES (55, 25, 55, 5, 1.00, 32.50);
INSERT INTO CUSTOMER_ORDER_LINE (order_line_id, order_id, product_id, qty, discount, price) VALUES (56, 26, 56, 1, 1.50, 33.00);
INSERT INTO CUSTOMER_ORDER_LINE (order_line_id, order_id, product_id, qty, discount, price) VALUES (57, 27, 57, 2, 0.00, 33.50);
INSERT INTO CUSTOMER_ORDER_LINE (order_line_id, order_id, product_id, qty, discount, price) VALUES (58, 28, 58, 3, 0.50, 34.00);
INSERT INTO CUSTOMER_ORDER_LINE (order_line_id, order_id, product_id, qty, discount, price) VALUES (59, 29, 59, 4, 1.00, 34.50);
INSERT INTO CUSTOMER_ORDER_LINE (order_line_id, order_id, product_id, qty, discount, price) VALUES (60, 30, 60, 5, 1.50, 35.00);
INSERT INTO CUSTOMER_ORDER_LINE (order_line_id, order_id, product_id, qty, discount, price) VALUES (61, 1, 61, 1, 0.00, 35.50);
INSERT INTO CUSTOMER_ORDER_LINE (order_line_id, order_id, product_id, qty, discount, price) VALUES (62, 2, 62, 2, 0.50, 36.00);
INSERT INTO CUSTOMER_ORDER_LINE (order_line_id, order_id, product_id, qty, discount, price) VALUES (63, 3, 63, 3, 1.00, 36.50);
INSERT INTO CUSTOMER_ORDER_LINE (order_line_id, order_id, product_id, qty, discount, price) VALUES (64, 4, 64, 4, 1.50, 37.00);
INSERT INTO CUSTOMER_ORDER_LINE (order_line_id, order_id, product_id, qty, discount, price) VALUES (65, 5, 65, 5, 0.00, 37.50);
INSERT INTO CUSTOMER_ORDER_LINE (order_line_id, order_id, product_id, qty, discount, price) VALUES (66, 6, 66, 1, 0.50, 38.00);
INSERT INTO CUSTOMER_ORDER_LINE (order_line_id, order_id, product_id, qty, discount, price) VALUES (67, 7, 67, 2, 1.00, 38.50);
INSERT INTO CUSTOMER_ORDER_LINE (order_line_id, order_id, product_id, qty, discount, price) VALUES (68, 8, 68, 3, 1.50, 39.00);
INSERT INTO CUSTOMER_ORDER_LINE (order_line_id, order_id, product_id, qty, discount, price) VALUES (69, 9, 69, 4, 0.00, 39.50);
INSERT INTO CUSTOMER_ORDER_LINE (order_line_id, order_id, product_id, qty, discount, price) VALUES (70, 10, 70, 5, 0.50, 40.00);
INSERT INTO CUSTOMER_ORDER_LINE (order_line_id, order_id, product_id, qty, discount, price) VALUES (71, 11, 71, 1, 1.00, 40.50);
INSERT INTO CUSTOMER_ORDER_LINE (order_line_id, order_id, product_id, qty, discount, price) VALUES (72, 12, 72, 2, 1.50, 41.00);
INSERT INTO CUSTOMER_ORDER_LINE (order_line_id, order_id, product_id, qty, discount, price) VALUES (73, 13, 73, 3, 0.00, 41.50);
INSERT INTO CUSTOMER_ORDER_LINE (order_line_id, order_id, product_id, qty, discount, price) VALUES (74, 14, 74, 4, 0.50, 42.00);
INSERT INTO CUSTOMER_ORDER_LINE (order_line_id, order_id, product_id, qty, discount, price) VALUES (75, 15, 75, 5, 1.00, 42.50);
INSERT INTO CUSTOMER_ORDER_LINE (order_line_id, order_id, product_id, qty, discount, price) VALUES (76, 16, 76, 1, 1.50, 43.00);
INSERT INTO CUSTOMER_ORDER_LINE (order_line_id, order_id, product_id, qty, discount, price) VALUES (77, 17, 77, 2, 0.00, 43.50);
INSERT INTO CUSTOMER_ORDER_LINE (order_line_id, order_id, product_id, qty, discount, price) VALUES (78, 18, 78, 3, 0.50, 44.00);
INSERT INTO CUSTOMER_ORDER_LINE (order_line_id, order_id, product_id, qty, discount, price) VALUES (79, 19, 79, 4, 1.00, 44.50);
INSERT INTO CUSTOMER_ORDER_LINE (order_line_id, order_id, product_id, qty, discount, price) VALUES (80, 20, 80, 5, 1.50, 45.00);
INSERT INTO CUSTOMER_ORDER_LINE (order_line_id, order_id, product_id, qty, discount, price) VALUES (81, 21, 81, 1, 0.00, 45.50);
INSERT INTO CUSTOMER_ORDER_LINE (order_line_id, order_id, product_id, qty, discount, price) VALUES (82, 22, 82, 2, 0.50, 46.00);
INSERT INTO CUSTOMER_ORDER_LINE (order_line_id, order_id, product_id, qty, discount, price) VALUES (83, 23, 83, 3, 1.00, 46.50);
INSERT INTO CUSTOMER_ORDER_LINE (order_line_id, order_id, product_id, qty, discount, price) VALUES (84, 24, 84, 4, 1.50, 47.00);
INSERT INTO CUSTOMER_ORDER_LINE (order_line_id, order_id, product_id, qty, discount, price) VALUES (85, 25, 85, 5, 0.00, 47.50);
INSERT INTO CUSTOMER_ORDER_LINE (order_line_id, order_id, product_id, qty, discount, price) VALUES (86, 26, 86, 1, 0.50, 48.00);
INSERT INTO CUSTOMER_ORDER_LINE (order_line_id, order_id, product_id, qty, discount, price) VALUES (87, 27, 87, 2, 1.00, 48.50);
INSERT INTO CUSTOMER_ORDER_LINE (order_line_id, order_id, product_id, qty, discount, price) VALUES (88, 28, 88, 3, 1.50, 49.00);
INSERT INTO CUSTOMER_ORDER_LINE (order_line_id, order_id, product_id, qty, discount, price) VALUES (89, 29, 89, 4, 0.00, 49.50);
INSERT INTO CUSTOMER_ORDER_LINE (order_line_id, order_id, product_id, qty, discount, price) VALUES (90, 30, 90, 5, 0.50, 50.00);
INSERT INTO CUSTOMER_ORDER_LINE (order_line_id, order_id, product_id, qty, discount, price) VALUES (91, 1, 91, 1, 1.00, 50.50);
INSERT INTO CUSTOMER_ORDER_LINE (order_line_id, order_id, product_id, qty, discount, price) VALUES (92, 2, 92, 2, 1.50, 51.00);
INSERT INTO CUSTOMER_ORDER_LINE (order_line_id, order_id, product_id, qty, discount, price) VALUES (93, 3, 93, 3, 0.00, 51.50);
INSERT INTO CUSTOMER_ORDER_LINE (order_line_id, order_id, product_id, qty, discount, price) VALUES (94, 4, 94, 4, 0.50, 52.00);
INSERT INTO CUSTOMER_ORDER_LINE (order_line_id, order_id, product_id, qty, discount, price) VALUES (95, 5, 95, 5, 1.00, 52.50);
INSERT INTO CUSTOMER_ORDER_LINE (order_line_id, order_id, product_id, qty, discount, price) VALUES (96, 6, 96, 1, 1.50, 53.00);
INSERT INTO CUSTOMER_ORDER_LINE (order_line_id, order_id, product_id, qty, discount, price) VALUES (97, 7, 97, 2, 0.00, 53.50);
INSERT INTO CUSTOMER_ORDER_LINE (order_line_id, order_id, product_id, qty, discount, price) VALUES (98, 8, 98, 3, 0.50, 54.00);
INSERT INTO CUSTOMER_ORDER_LINE (order_line_id, order_id, product_id, qty, discount, price) VALUES (99, 9, 99, 4, 1.00, 54.50);
INSERT INTO CUSTOMER_ORDER_LINE (order_line_id, order_id, product_id, qty, discount, price) VALUES (100, 10, 100, 5, 1.50, 55.00);
-- Insert SUPPLIER_ORDER (10 rows)
INSERT INTO SUPPLIER_ORDER (order_id, supplier_id, order_discount, order_date) VALUES (1, 1, 1.00, '2025-07-30 12:00:00');
INSERT INTO SUPPLIER_ORDER (order_id, supplier_id, order_discount, order_date) VALUES (2, 2, 2.00, '2025-07-28 12:00:00');
INSERT INTO SUPPLIER_ORDER (order_id, supplier_id, order_discount, order_date) VALUES (3, 3, 0.00, '2025-07-26 12:00:00');
INSERT INTO SUPPLIER_ORDER (order_id, supplier_id, order_discount, order_date) VALUES (4, 4, 1.00, '2025-07-24 12:00:00');
INSERT INTO SUPPLIER_ORDER (order_id, supplier_id, order_discount, order_date) VALUES (5, 5, 2.00, '2025-07-22 12:00:00');
INSERT INTO SUPPLIER_ORDER (order_id, supplier_id, order_discount, order_date) VALUES (6, 6, 0.00, '2025-07-20 12:00:00');
INSERT INTO SUPPLIER_ORDER (order_id, supplier_id, order_discount, order_date) VALUES (7, 1, 1.00, '2025-07-18 12:00:00');
INSERT INTO SUPPLIER_ORDER (order_id, supplier_id, order_discount, order_date) VALUES (8, 2, 2.00, '2025-07-16 12:00:00');
INSERT INTO SUPPLIER_ORDER (order_id, supplier_id, order_discount, order_date) VALUES (9, 3, 0.00, '2025-07-14 12:00:00');
INSERT INTO SUPPLIER_ORDER (order_id, supplier_id, order_discount, order_date) VALUES (10, 4, 1.00, '2025-07-12 12:00:00');
-- Insert SUPPLIER_ORDER_LINE (20 rows)
INSERT INTO SUPPLIER_ORDER_LINE (order_line_id, order_id, product_id, qty, discount, price) VALUES (1, 1, 1, 1, 0.00, 5.50);
INSERT INTO SUPPLIER_ORDER_LINE (order_line_id, order_id, product_id, qty, discount, price) VALUES (2, 2, 4, 2, 0.75, 7.00);
INSERT INTO SUPPLIER_ORDER_LINE (order_line_id, order_id, product_id, qty, discount, price) VALUES (3, 3, 7, 3, 1.50, 8.50);
INSERT INTO SUPPLIER_ORDER_LINE (order_line_id, order_id, product_id, qty, discount, price) VALUES (4, 4, 10, 4, 0.00, 10.00);
INSERT INTO SUPPLIER_ORDER_LINE (order_line_id, order_id, product_id, qty, discount, price) VALUES (5, 5, 13, 5, 0.75, 11.50);
INSERT INTO SUPPLIER_ORDER_LINE (order_line_id, order_id, product_id, qty, discount, price) VALUES (6, 6, 16, 6, 1.50, 13.00);
INSERT INTO SUPPLIER_ORDER_LINE (order_line_id, order_id, product_id, qty, discount, price) VALUES (7, 7, 19, 7, 0.00, 14.50);
INSERT INTO SUPPLIER_ORDER_LINE (order_line_id, order_id, product_id, qty, discount, price) VALUES (8, 8, 22, 8, 0.75, 16.00);
INSERT INTO SUPPLIER_ORDER_LINE (order_line_id, order_id, product_id, qty, discount, price) VALUES (9, 9, 25, 9, 1.50, 17.50);
INSERT INTO SUPPLIER_ORDER_LINE (order_line_id, order_id, product_id, qty, discount, price) VALUES (10, 10, 28, 10, 0.00, 19.00);
INSERT INTO SUPPLIER_ORDER_LINE (order_line_id, order_id, product_id, qty, discount, price) VALUES (11, 1, 31, 1, 0.75, 20.50);
INSERT INTO SUPPLIER_ORDER_LINE (order_line_id, order_id, product_id, qty, discount, price) VALUES (12, 2, 34, 2, 1.50, 22.00);
INSERT INTO SUPPLIER_ORDER_LINE (order_line_id, order_id, product_id, qty, discount, price) VALUES (13, 3, 37, 3, 0.00, 23.50);
INSERT INTO SUPPLIER_ORDER_LINE (order_line_id, order_id, product_id, qty, discount, price) VALUES (14, 4, 40, 4, 0.75, 25.00);
INSERT INTO SUPPLIER_ORDER_LINE (order_line_id, order_id, product_id, qty, discount, price) VALUES (15, 5, 43, 5, 1.50, 26.50);
INSERT INTO SUPPLIER_ORDER_LINE (order_line_id, order_id, product_id, qty, discount, price) VALUES (16, 6, 46, 6, 0.00, 28.00);
INSERT INTO SUPPLIER_ORDER_LINE (order_line_id, order_id, product_id, qty, discount, price) VALUES (17, 7, 49, 7, 0.75, 29.50);
INSERT INTO SUPPLIER_ORDER_LINE (order_line_id, order_id, product_id, qty, discount, price) VALUES (18, 8, 52, 8, 1.50, 31.00);
INSERT INTO SUPPLIER_ORDER_LINE (order_line_id, order_id, product_id, qty, discount, price) VALUES (19, 9, 55, 9, 0.00, 32.50);
INSERT INTO SUPPLIER_ORDER_LINE (order_line_id, order_id, product_id, qty, discount, price) VALUES (20, 10, 58, 10, 0.75, 34.00);

-- Expected values and CRCs (precomputed)
DROP TABLE IF EXISTS expected_values, found_values;
CREATE TABLE expected_values ( table_name varchar(60) not null primary key, recs int not null, crc_sha varchar(100) not null, crc_md5 varchar(100) not null );
CREATE TABLE found_values LIKE expected_values;
-- Insert expected counts and CRCs
INSERT INTO expected_values (table_name,recs,crc_sha,crc_md5) VALUES ('PRODUCT_CATEGORY', 6, 'bcc4c6842368353f743879abe1a8e78c', 'bcc4c6842368353f743879abe1a8e78c');
INSERT INTO expected_values (table_name,recs,crc_sha,crc_md5) VALUES ('BRAND', 6, '56e0044e1d80d1191ad8f87950a6a124', '56e0044e1d80d1191ad8f87950a6a124');
INSERT INTO expected_values (table_name,recs,crc_sha,crc_md5) VALUES ('COLOUR', 6, 'a2c97a5f01cec02475028dd1912d4a0e', 'a2c97a5f01cec02475028dd1912d4a0e');
INSERT INTO expected_values (table_name,recs,crc_sha,crc_md5) VALUES ('SIZE', 6, 'a850752f4a9892baa4336952504ceaf0', 'a850752f4a9892baa4336952504ceaf0');
INSERT INTO expected_values (table_name,recs,crc_sha,crc_md5) VALUES ('SUPPLIER', 6, '660e910ebfcb588afb080c564b6c580d', '660e910ebfcb588afb080c564b6c580d');
INSERT INTO expected_values (table_name,recs,crc_sha,crc_md5) VALUES ('PRODUCT', 150, '3165a165b6c1b6df27eb35e6eb22650b', '3165a165b6c1b6df27eb35e6eb22650b');
INSERT INTO expected_values (table_name,recs,crc_sha,crc_md5) VALUES ('USER', 100, '64d0001b9a658a150373024c0ee19953', '64d0001b9a658a150373024c0ee19953');
INSERT INTO expected_values (table_name,recs,crc_sha,crc_md5) VALUES ('ADDRESS', 80, 'e180e07d21bd82e51ad8e3fe64e1b115', 'e180e07d21bd82e51ad8e3fe64e1b115');
INSERT INTO expected_values (table_name,recs,crc_sha,crc_md5) VALUES ('USER_ADDRESS', 80, '13d85592d9b492451ac75d86f2a369c7', '13d85592d9b492451ac75d86f2a369c7');
INSERT INTO expected_values (table_name,recs,crc_sha,crc_md5) VALUES ('CUSTOMER_ORDER', 30, '1eefe0367451ff6b2227802f57f2d198', '1eefe0367451ff6b2227802f57f2d198');
INSERT INTO expected_values (table_name,recs,crc_sha,crc_md5) VALUES ('CUSTOMER_ORDER_LINE', 100, 'ff0ff74627d7f5499519046381e2e2dd', 'ff0ff74627d7f5499519046381e2e2dd');
INSERT INTO expected_values (table_name,recs,crc_sha,crc_md5) VALUES ('SUPPLIER_ORDER', 10, '168040ce7105f083efdf42be0c5bb602', '168040ce7105f083efdf42be0c5bb602');
INSERT INTO expected_values (table_name,recs,crc_sha,crc_md5) VALUES ('SUPPLIER_ORDER_LINE', 20, '996a32f42786e0fcff9f3dfac8a3d9d4', '996a32f42786e0fcff9f3dfac8a3d9d4');

-- Checksum / CRC computation block (will compute found_values)
DROP TABLE IF EXISTS tchecksum;
CREATE TABLE tchecksum (chk char(100));
SET @crc = '';

INSERT INTO tchecksum SELECT @crc := MD5(CONCAT_WS('#',@crc, product_id, product_name, category_id, brand_id, colour_id, size_id, supplier_id, price)) FROM PRODUCT ORDER BY product_id;
INSERT INTO found_values VALUES ('PRODUCT', (SELECT COUNT(*) FROM PRODUCT), @crc, @crc);
SET @crc = '';
INSERT INTO tchecksum SELECT @crc := MD5(CONCAT_WS('#',@crc, category_id, category_name)) FROM PRODUCT_CATEGORY ORDER BY category_id;
INSERT INTO found_values VALUES ('PRODUCT_CATEGORY', (SELECT COUNT(*) FROM PRODUCT_CATEGORY), @crc, @crc);
SET @crc = '';
INSERT INTO tchecksum SELECT @crc := MD5(CONCAT_WS('#',@crc, brand_id, brand_name)) FROM BRAND ORDER BY brand_id;
INSERT INTO found_values VALUES ('BRAND', (SELECT COUNT(*) FROM BRAND), @crc, @crc);
SET @crc = '';
INSERT INTO tchecksum SELECT @crc := MD5(CONCAT_WS('#',@crc, colour_id, colour_name)) FROM COLOUR ORDER BY colour_id;
INSERT INTO found_values VALUES ('COLOUR', (SELECT COUNT(*) FROM COLOUR), @crc, @crc);
SET @crc = '';
INSERT INTO tchecksum SELECT @crc := MD5(CONCAT_WS('#',@crc, size_id, size_name)) FROM SIZE ORDER BY size_id;
INSERT INTO found_values VALUES ('SIZE', (SELECT COUNT(*) FROM SIZE), @crc, @crc);
SET @crc = '';
INSERT INTO tchecksum SELECT @crc := MD5(CONCAT_WS('#',@crc, supplier_id, supplier_name)) FROM SUPPLIER ORDER BY supplier_id;
INSERT INTO found_values VALUES ('SUPPLIER', (SELECT COUNT(*) FROM SUPPLIER), @crc, @crc);
SET @crc = '';
INSERT INTO tchecksum SELECT @crc := MD5(CONCAT_WS('#',@crc, username, first_name, last_name, email)) FROM `USER` ORDER BY username;
INSERT INTO found_values VALUES ('USER', (SELECT COUNT(*) FROM `USER`), @crc, @crc);
SET @crc = '';
INSERT INTO tchecksum SELECT @crc := MD5(CONCAT_WS('#',@crc, address_id, house_unit_no, address_line1, address_line2, city, region, postal_code, country)) FROM ADDRESS ORDER BY address_id;
INSERT INTO found_values VALUES ('ADDRESS', (SELECT COUNT(*) FROM ADDRESS), @crc, @crc);
SET @crc = '';
INSERT INTO tchecksum SELECT @crc := MD5(CONCAT_WS('#',@crc, address_id, username)) FROM USER_ADDRESS ORDER BY address_id,username;
INSERT INTO found_values VALUES ('USER_ADDRESS', (SELECT COUNT(*) FROM USER_ADDRESS), @crc, @crc);
SET @crc = '';
INSERT INTO tchecksum SELECT @crc := MD5(CONCAT_WS('#',@crc, order_id, username, shipping_address_id, billing_address_id, order_discount, order_date)) FROM CUSTOMER_ORDER ORDER BY order_id;
INSERT INTO found_values VALUES ('CUSTOMER_ORDER', (SELECT COUNT(*) FROM CUSTOMER_ORDER), @crc, @crc);
SET @crc = '';
INSERT INTO tchecksum SELECT @crc := MD5(CONCAT_WS('#',@crc, order_line_id, order_id, product_id, qty, discount, price)) FROM CUSTOMER_ORDER_LINE ORDER BY order_line_id;
INSERT INTO found_values VALUES ('CUSTOMER_ORDER_LINE', (SELECT COUNT(*) FROM CUSTOMER_ORDER_LINE), @crc, @crc);
SET @crc = '';
INSERT INTO tchecksum SELECT @crc := MD5(CONCAT_WS('#',@crc, order_id, supplier_id, order_discount, order_date)) FROM SUPPLIER_ORDER ORDER BY order_id;
INSERT INTO found_values VALUES ('SUPPLIER_ORDER', (SELECT COUNT(*) FROM SUPPLIER_ORDER), @crc, @crc);
SET @crc = '';
INSERT INTO tchecksum SELECT @crc := MD5(CONCAT_WS('#',@crc, order_line_id, order_id, product_id, qty, discount, price)) FROM SUPPLIER_ORDER_LINE ORDER BY order_line_id;
INSERT INTO found_values VALUES ('SUPPLIER_ORDER_LINE', (SELECT COUNT(*) FROM SUPPLIER_ORDER_LINE), @crc, @crc);

SELECT table_name, recs AS expected_records, crc_md5 AS expected_crc FROM expected_values;
SELECT table_name, recs AS found_records, crc_md5 AS found_crc FROM found_values;

SELECT e.table_name, IF(e.recs=f.recs,'OK','not ok') AS records_match, IF(e.crc_md5=f.crc_md5,'ok','not ok') AS crc_match FROM expected_values e INNER JOIN found_values f USING (table_name);

SET @crc_fail=(SELECT COUNT(*) FROM expected_values e INNER JOIN found_values f ON (e.table_name=f.table_name) WHERE f.crc_md5 != e.crc_md5);
SET @count_fail=(SELECT COUNT(*) FROM expected_values e INNER JOIN found_values f ON (e.table_name=f.table_name) WHERE f.recs != e.recs);

SELECT TIMEDIFF( NOW(), (SELECT CREATE_TIME FROM information_schema.tables WHERE table_schema=DATABASE() AND table_name='expected_values') ) AS computation_time;
DROP TABLE IF EXISTS tchecksum;
SELECT 'CRC' AS summary, IF(@crc_fail = 0, 'OK', 'FAIL') AS result UNION ALL SELECT 'count', IF(@count_fail = 0, 'OK','FAIL');
