"(PDH-CSV 4.0) (India Standard Time)(-330)","\\ASCENDI-8POD398\Memory\Available MBytes","\\ASCENDI-8POD398\Memory\Pages/sec","\\ASCENDI-8POD398\Memory\Pool Nonpaged Bytes","\\ASCENDI-8POD398\Process(_Total)\Working Set"
"08/25/2025 16:09:22.920","4260"," ","216670208","5853396992"
"08/25/2025 16:09:27.606","4266","0","216567808","5834440704"
"08/25/2025 16:09:32.679","4268","0","216453120","5834772480"
"08/25/2025 16:09:37.823","4269","0","216477696","5834354688"
"08/25/2025 16:09:43.415","4271","0","216489984","5834027008"
"08/25/2025 16:09:49.084","4263","0","216485888","5834149888"
"08/25/2025 16:09:55.218","4259","0","216469504","5842083840"
"08/25/2025 16:10:01.464","4228","1902.3934628722695379","216940544","5935595520"
"08/25/2025 16:10:08.279","4166","747.22330107415564271","217436160","6038306816"
"08/25/2025 16:10:15.033","4169","0","216928256","6002049024"
"08/25/2025 16:10:21.357","4172","0","216834048","6001700864"
"08/25/2025 16:10:27.520","4189","0","216924160","6001844224"
"08/25/2025 16:10:33.234","4188","0","217075712","6001520640"
"08/25/2025 16:10:38.803","4187","3.1898656055791390074","216805376","6001131520"
"08/25/2025 16:10:44.050","4181","1.1730882757139093897","216866816","6000840704"
"08/25/2025 16:10:48.906","4173","1.6474076136384345759","216825856","6000648192"
"08/25/2025 16:10:53.530","4174","0","216690688","6000447488"
"08/25/2025 16:10:58.026","4173","0","216817664","6002094080"
"08/25/2025 16:11:02.201","4173","0","216838144","6003208192"
"08/25/2025 16:11:06.231","4174","0","216829952","6004322304"
"08/25/2025 16:11:09.985","4173","0","216752128","6004146176"
"08/25/2025 16:11:13.632","4172","22.383272532770810415","216739840","6004244480"
"08/25/2025 16:11:17.580","4173","1.5864956223429669269","216731648","6015275008"
"08/25/2025 16:11:21.555","4149","0","216788992","6026469376"
"08/25/2025 16:11:25.851","4155","0.20001602528394574199","216813568","6006935552"
"08/25/2025 16:11:30.255","4149","0","216727552","6003978240"
"08/25/2025 16:11:34.983","4160","0","216780800","5991813120"
"08/25/2025 16:11:39.837","4163","0","216776704","5991243776"
"08/25/2025 16:11:45.024","4164","0","216764416","5991088128"
"08/25/2025 16:11:50.359","4168","0","216690688","5988225024"
"08/25/2025 16:11:56.079","4163","0","216653824","5988098048"
"08/25/2025 16:12:01.948","4165","0","216518656","5988888576"
"08/25/2025 16:12:08.241","4166","0","216535040","5988937728"
"08/25/2025 16:12:14.699","4167","0","216682496","5988585472"
"08/25/2025 16:12:20.691","4168","0","216641536","5988667392"
"08/25/2025 16:12:26.505","4169","0","216641536","5988405248"
"08/25/2025 16:12:31.875","4170","0","216612864","5988106240"
"08/25/2025 16:12:37.117","4171","0","216641536","5988155392"
"08/25/2025 16:12:41.969","4172","0","216621056","5988270080"
"08/25/2025 16:12:46.675","4173","0","216641536","5988245504"
"08/25/2025 16:12:51.056","4176","0","216600576","5987610624"
"08/25/2025 16:12:55.291","4176","0","216584192","5987631104"
"08/25/2025 16:12:59.225","4166","0","216633344","5987586048"
"08/25/2025 16:13:03.030","4169","0","216596480","5986500608"
"08/25/2025 16:13:07.118","4170","0","216580096","5986570240"
"08/25/2025 16:13:11.312","4172","0","216625152","5961273344"
"08/25/2025 16:13:15.799","4173","0","216489984","5963513856"
"08/25/2025 16:13:20.412","4174","0","216625152","5963522048"
"08/25/2025 16:13:25.352","4175","0","216621056","5962498048"
"08/25/2025 16:13:30.425","4175","0","216637440","5963108352"
"08/25/2025 16:13:35.836","4175","0","216637440","5963083776"
"08/25/2025 16:13:41.420","4175","0","216666112","5962919936"
"08/25/2025 16:13:47.378","4173","0","216653824","5962874880"
"08/25/2025 16:13:53.539","4172","0","216670208","5962858496"
"08/25/2025 16:14:00.090","4168","0","216649728","5959843840"
"08/25/2025 16:14:06.844","4171","0","216596480","5959467008"
"08/25/2025 16:14:13.132","4177","0","216567808","5957189632"
"08/25/2025 16:14:19.204","4178","0","216489984","5955801088"
"08/25/2025 16:14:24.875","4176","0","216526848","5956378624"
"08/25/2025 16:14:30.345","4170","16.794593148681713046","216530944","5957586944"
"08/25/2025 16:14:35.454","4153","28.148361268286102188","216797184","6011568128"
"08/25/2025 16:14:40.367","4158","17.027933985143949513","217939968","5994733568"
"08/25/2025 16:14:44.952","4155","0.2002884714797027732","217120768","5994237952"
"08/25/2025 16:14:49.386","4215","0","216870912","5976276992"
"08/25/2025 16:14:53.512","4217","0","216743936","5976231936"
"08/25/2025 16:14:57.508","4218","0","216678400","5975891968"
"08/25/2025 16:15:01.221","4218","0","216711168","5977071616"
"08/25/2025 16:15:04.814","4221","0","216625152","5951381504"
"08/25/2025 16:15:08.645","4223","0","216629248","5951295488"
"08/25/2025 16:15:12.593","4223","0","216678400","5951385600"
"08/25/2025 16:15:16.797","4225","0","216633344","5951418368"
"08/25/2025 16:15:21.142","4226","0","216649728","5951483904"
"08/25/2025 16:15:25.775","4223","27.188554162468683728","216489984","5955522560"
"08/25/2025 16:15:30.551","4236","0","216711168","5904076800"
"08/25/2025 16:15:35.651","4238","0","216670208","5904076800"
"08/25/2025 16:15:40.909","4239","0","216633344","5904003072"
"08/25/2025 16:15:46.484","4240","0","216690688","5903667200"
"08/25/2025 16:15:52.277","4242","0","216641536","5902888960"
"08/25/2025 16:15:58.447","4244","0","216596480","5903183872"
"08/25/2025 16:16:04.805","4245","0","216563712","5903060992"
"08/25/2025 16:16:10.734","4246","0","216535040","5902852096"
"08/25/2025 16:16:16.462","4241","3.1964134962007233476","216571904","5907292160"
"08/25/2025 16:16:21.810","4238","0","216555520","5907537920"
"08/25/2025 16:16:26.956","4237","0","216563712","5907660800"
"08/25/2025 16:16:31.768","4236","0","216547328","5908017152"
"08/25/2025 16:16:36.405","4241","0","216395776","5893214208"
"08/25/2025 16:16:40.726","4241","0","216469504","5893058560"
"08/25/2025 16:16:44.911","4242","0","216449024","5892935680"
"08/25/2025 16:16:49.635","4243","0","216432640","5892861952"
"08/25/2025 16:16:54.603","4237","0","216502272","5892587520"
"08/25/2025 16:16:59.622","4241","0","216457216","5891088384"
"08/25/2025 16:17:04.623","4242","0","216477696","5891248128"
"08/25/2025 16:17:09.605","4243","12.041755993081608267","216477696","5891276800"
"08/25/2025 16:17:14.611","4244","0","216432640","5891178496"
"08/25/2025 16:17:19.621","4245","0","216461312","5893459968"
"08/25/2025 16:17:24.607","4246","0","216461312","5893439488"
"08/25/2025 16:17:29.613","4247","0","216420352","5893394432"
"08/25/2025 16:17:34.614","4248","0","216371200","5893513216"
"08/25/2025 16:17:39.611","4249","0","216363008","5893746688"
"08/25/2025 16:17:44.604","4250","0","216248320","5893644288"
"08/25/2025 16:17:49.622","4250","0","216346624","5893877760"
"08/25/2025 16:17:54.612","4247","0","216354816","5894160384"
"08/25/2025 16:17:59.607","4246","0","216375296","5894021120"
"08/25/2025 16:18:04.616","4245","0","216436736","5895548928"
"08/25/2025 16:18:09.620","4241","0","216383488","5895204864"
"08/25/2025 16:18:14.628","4243","0","216346624","5895286784"
"08/25/2025 16:18:19.611","4244","0","216371200","5895176192"
"08/25/2025 16:18:24.610","4245","0","216379392","5895065600"
"08/25/2025 16:18:29.616","4246","0","216383488","5894586368"
"08/25/2025 16:18:34.609","4247","0","216416256","5894303744"
"08/25/2025 16:18:39.614","4248","0","216408064","5894266880"
"08/25/2025 16:18:44.614","4249","0","216395776","5894053888"
"08/25/2025 16:18:49.617","4241","0","216264704","5893898240"
"08/25/2025 16:18:54.606","4244","0","216358912","5884039168"
"08/25/2025 16:18:59.620","4244","0","216354816","5884059648"
"08/25/2025 16:19:04.622","4246","0","216313856","5883973632"
"08/25/2025 16:19:09.617","4247","0","216309760","5883998208"
"08/25/2025 16:19:14.607","4248","0","216281088","5883400192"
"08/25/2025 16:19:19.612","4250","0","216317952","5882765312"
"08/25/2025 16:19:24.616","4250","0","216313856","5882953728"
"08/25/2025 16:19:29.616","4251","0","216313856","5882712064"
"08/25/2025 16:19:34.616","4252","0","216317952","5883912192"
"08/25/2025 16:19:39.617","4253","0","216346624","5884461056"
"08/25/2025 16:19:44.605","4253","0","216317952","5884309504"
"08/25/2025 16:19:49.610","4253","0","216346624","5884002304"
"08/25/2025 16:19:54.611","4253","0","216207360","5884030976"
"08/25/2025 16:19:59.614","4243","0","216330240","5883957248"
"08/25/2025 16:20:04.611","4244","0","216326144","5884190720"
"08/25/2025 16:20:09.615","4245","0","216363008","5884248064"
"08/25/2025 16:20:14.612","4246","0","216326144","5884227584"
"08/25/2025 16:20:19.615","4247","0","216301568","5883961344"
"08/25/2025 16:20:24.628","4248","0","216313856","5883908096"
"08/25/2025 16:20:29.611","4249","0","216326144","5883887616"
"08/25/2025 16:20:34.615","4249","0","216346624","5883949056"
"08/25/2025 16:20:39.614","4250","0","216305664","5884014592"
"08/25/2025 16:20:44.613","4243","0","216309760","5883891712"
"08/25/2025 16:20:49.619","4244","0","216276992","5883887616"
"08/25/2025 16:20:54.610","4245","0","216301568","5883916288"
"08/25/2025 16:20:59.618","4246","0","216182784","5883826176"
"08/25/2025 16:21:04.618","4248","0","216109056","5883785216"
"08/25/2025 16:21:09.605","4249","0","216211456","5883457536"
"08/25/2025 16:21:14.624","4250","0","216190976","5881753600"
"08/25/2025 16:21:19.608","4251","0","216236032","5882191872"
"08/25/2025 16:21:24.604","4252","0","216195072","5882179584"
"08/25/2025 16:21:29.610","4252","0","216236032","5882085376"
"08/25/2025 16:21:34.600","4253","0","216256512","5881933824"
"08/25/2025 16:21:39.622","4255","0","216215552","5881995264"
"08/25/2025 16:21:44.610","4255","0","216276992","5881634816"
"08/25/2025 16:21:49.627","4256","0","216305664","5881503744"
"08/25/2025 16:21:54.617","4257","0","216285184","5880360960"
"08/25/2025 16:21:59.619","4246","0","216289280","5879984128"
"08/25/2025 16:22:04.615","4248","0","216256512","5880029184"
"08/25/2025 16:22:09.607","4249","0","216211456","5879767040"
"08/25/2025 16:22:14.618","4249","0","216121344","5879922688"
"08/25/2025 16:22:19.625","4250","0","216322048","5879857152"
"08/25/2025 16:22:24.630","4251","0","216268800","5879517184"
"08/25/2025 16:22:29.607","4251","0","216272896","5879521280"
"08/25/2025 16:22:34.619","4252","0","216227840","5879197696"
"08/25/2025 16:22:39.620","4254","0","216309760","5881384960"
"08/25/2025 16:22:44.607","4245","3.2087761954210485271","216272896","5883207680"
"08/25/2025 16:22:49.621","4246","0.79768920604657189699","216260608","5883502592"
"08/25/2025 16:22:54.619","4245","24.009358848078978355","216399872","5924007936"
"08/25/2025 16:22:59.614","4245","0","216403968","5924003840"
"08/25/2025 16:23:04.603","4239","32.26237866389907083","216350720","5922144256"
"08/25/2025 16:23:09.617","4237","0","216289280","5922299904"
"08/25/2025 16:23:14.611","4224","4.805065981063835423","216547328","5938257920"
"08/25/2025 16:23:19.616","4224","29.972479868434401595","216588288","5942120448"
"08/25/2025 16:23:24.618","4227","0.19989855148512131189","216580096","5940228096"
"08/25/2025 16:23:29.627","4228","0","216481792","5940170752"
"08/25/2025 16:23:34.618","4229","0","216662016","5939863552"
"08/25/2025 16:23:39.616","4230","0","216678400","5940068352"
"08/25/2025 16:23:44.612","4223","3.2050058345128089599","216731648","5941624832"
"08/25/2025 16:23:49.608","4235","0","216715264","5925101568"
"08/25/2025 16:23:54.616","4232","0","216809472","5937053696"
"08/25/2025 16:23:59.610","4231","0.20025124321979326236","216834048","5939343360"
"08/25/2025 16:24:04.635","4222","23.480845510224543915","217358336","5942267904"
"08/25/2025 16:24:09.356","4216","29.13376089854584805","217157632","5953265664"
"08/25/2025 16:24:13.826","4224","3.6239277074741393925","216797184","5953638400"
"08/25/2025 16:24:18.594","4227","0","216788992","5952397312"
"08/25/2025 16:24:23.533","4228","0","216760320","5952483328"
"08/25/2025 16:24:28.764","4229","0","216809472","5952159744"
"08/25/2025 16:24:34.201","4230","0","216772608","5952102400"
"08/25/2025 16:24:39.959","4223","0","216850432","5951774720"
"08/25/2025 16:24:45.951","4224","0","216797184","5950480384"
"08/25/2025 16:24:51.611","4227","0","216752128","5950144512"
"08/25/2025 16:24:57.018","4229","0","216674304","5949071360"
"08/25/2025 16:25:02.093","4230","0","216539136","5947719680"
"08/25/2025 16:25:06.939","4233","0","216473600","5945704448"
"08/25/2025 16:25:11.524","4234","0","216670208","5945339904"
"08/25/2025 16:25:15.883","4216","46.472011169628004268","216809472","5962649600"
"08/25/2025 16:25:20.013","4217","0","216715264","5961842688"
"08/25/2025 16:25:23.926","4218","0.20079174594928753117","216739840","5962895360"
"08/25/2025 16:25:28.086","4221","0","216649728","5960785920"
"08/25/2025 16:25:32.410","4222","0","216653824","5960339456"
"08/25/2025 16:25:36.973","4225","0","216612864","5948887040"
"08/25/2025 16:25:41.733","4229","0","216571904","5937377280"
"08/25/2025 16:25:46.745","4230","0","216571904","5936959488"
"08/25/2025 16:25:51.972","4222","0","216510464","5936275456"
"08/25/2025 16:25:57.501","4225","0","216510464","5935443968"
"08/25/2025 16:26:03.252","4227","0","216391680","5935394816"
"08/25/2025 16:26:09.329","4228","0","216342528","5935083520"
"08/25/2025 16:26:15.646","4231","3.2065183387397238057","216498176","5935128576"
"08/25/2025 16:26:21.621","4233","0","216666112","5934895104"
"08/25/2025 16:26:27.334","4234","0.19941988754712541843","216670208","5934784512"
"08/25/2025 16:26:32.706","4235","0","216678400","5934952448"
"08/25/2025 16:26:37.823","4236","0","216674304","5934747648"
"08/25/2025 16:26:42.678","4234","0","216690688","5936971776"
"08/25/2025 16:26:47.298","4233","0","216637440","5936881664"
"08/25/2025 16:26:51.659","4231","0","216657920","5936889856"
"08/25/2025 16:26:55.796","4229","0","216584192","5936852992"
"08/25/2025 16:26:59.731","4229","0","216592384","5935005696"
"08/25/2025 16:27:03.471","4229","0","216510464","5933752320"
"08/25/2025 16:27:07.412","4230","0","216502272","5933215744"
"08/25/2025 16:27:11.527","4231","0","216485888","5933830144"
"08/25/2025 16:27:15.856","4227","0.4005905826842397488","216903680","5933580288"
"08/25/2025 16:27:20.360","4228","0","216907776","5933457408"
"08/25/2025 16:27:25.143","4229","0","216682496","5933264896"
"08/25/2025 16:27:30.117","4230","0","216481792","5932765184"
"08/25/2025 16:27:35.357","4231","0","216449024","5932908544"
"08/25/2025 16:27:40.819","4232","0","216481792","5932613632"
"08/25/2025 16:27:46.600","4233","0","216346624","5932888064"
"08/25/2025 16:27:52.625","4234","0","216231936","5932773376"
"08/25/2025 16:27:58.957","4234","0","216457216","5932670976"
"08/25/2025 16:28:05.577","4194","33.205605106141916849","217235456","6015111168"
"08/25/2025 16:28:11.858","4196","0.19954902319855172266","217214976","6000680960"
"08/25/2025 16:28:17.797","4203","0","216690688","5997166592"
"08/25/2025 16:28:23.458","4204","0","216723456","5996867584"
"08/25/2025 16:28:28.805","4205","0","216649728","5996699648"
"08/25/2025 16:28:33.892","4206","0","216662016","5996601344"
"08/25/2025 16:28:38.710","4207","0","216657920","5995945984"
"08/25/2025 16:28:43.289","4209","0","216612864","5995499520"
"08/25/2025 16:28:47.629","4200","0","216653824","5995274240"
"08/25/2025 16:28:51.736","4203","0","216514560","5984481280"
"08/25/2025 16:28:55.645","4204","0","216637440","5984452608"
"08/25/2025 16:28:59.353","4205","0","216662016","5984337920"
"08/25/2025 16:29:02.868","4207","0","216604672","5984448512"
"08/25/2025 16:29:06.570","4207","0","216662016","5953835008"
"08/25/2025 16:29:10.441","4215","0","216477696","5931921408"
"08/25/2025 16:29:14.523","4218","0","216428544","5930999808"
"08/25/2025 16:29:18.780","4219","0","216428544","5930938368"
"08/25/2025 16:29:23.260","4219","0","216420352","5930819584"
"08/25/2025 16:29:27.920","4221","0","216424448","5930389504"
"08/25/2025 16:29:32.867","4224","0","216395776","5930176512"
"08/25/2025 16:29:39.399","4209","0","236003328","5928960000"
"08/25/2025 16:29:43.422","4223","0.27424186316850329703","216403968","5929177088"
"08/25/2025 16:29:49.107","4223","0","216481792","5929172992"
"08/25/2025 16:29:55.047","4224","0","216436736","5929181184"
"08/25/2025 16:30:01.299","4225","2.3927315992210465012","216358912","5931139072"
"08/25/2025 16:30:07.835","4227","0","216367104","5929603072"
"08/25/2025 16:30:14.701","4226","0","216375296","5911293952"
"08/25/2025 16:30:21.202","4227","0","216395776","5910921216"
"08/25/2025 16:30:27.372","4225","0","216276992","5910233088"
"08/25/2025 16:30:33.218","4226","0","216285184","5910093824"
"08/25/2025 16:30:38.780","4227","0","216420352","5910167552"
"08/25/2025 16:30:44.052","4228","0","216416256","5909798912"
"08/25/2025 16:30:49.050","4229","0","216395776","5909676032"
"08/25/2025 16:30:53.797","4229","0","216408064","5909757952"
"08/25/2025 16:30:58.288","4230","0","216395776","5909434368"
"08/25/2025 16:31:02.577","4231","0","216379392","5909655552"
"08/25/2025 16:31:06.630","4212","47.55352308867404787","216576000","6002065408"
"08/25/2025 16:31:10.463","4206","6.822955697986762047","216780800","6002888704"
"08/25/2025 16:31:14.106","4198","13.000709058672059726","216743936","6000218112"
"08/25/2025 16:31:17.931","4204","14.403228915858356629","216391680","5943676928"
"08/25/2025 16:31:21.942","4199","0","216567808","5944496128"
"08/25/2025 16:31:26.148","4199","0","216510464","5944987648"
"08/25/2025 16:31:30.588","4201","254.5075581498650763","216559616","5957451776"
"08/25/2025 16:31:35.178","4204","0","216494080","5934964736"
"08/25/2025 16:31:40.038","4204","1.5966988251789424602","216514560","5935181824"
"08/25/2025 16:31:45.133","4208","0","216584192","5935517696"
"08/25/2025 16:31:50.450","4209","0","216608768","5935378432"
"08/25/2025 16:31:56.069","4210","0","216506368","5935575040"
"08/25/2025 16:32:01.912","4210","0","216657920","5935767552"
"08/25/2025 16:32:08.088","4201","0","216645632","5935468544"
"08/25/2025 16:32:14.532","4202","0","216588288","5935579136"
"08/25/2025 16:32:20.686","4203","0","216588288","5935472640"
"08/25/2025 16:32:26.486","4204","0","216580096","5935575040"
"08/25/2025 16:32:32.037","4205","0","216555520","5935677440"
"08/25/2025 16:32:37.256","4206","0","216563712","5935599616"
"08/25/2025 16:32:42.207","4203","0","216498176","5936521216"
"08/25/2025 16:32:46.909","4204","0","216485888","5936570368"
"08/25/2025 16:32:51.394","4204","0","216481792","5936685056"
"08/25/2025 16:32:55.635","4215","119.01203477252096263","216535040","5962960896"
"08/25/2025 16:33:00.094","4206","3.0574447466678620344","216563712","5969022976"
"08/25/2025 16:33:03.473","4215","0","216596480","5953937408"
"08/25/2025 16:33:07.489","4216","0","216621056","5946757120"
"08/25/2025 16:33:11.672","4218","0","216518656","5946937344"
"08/25/2025 16:33:16.068","4220","0","216571904","5946839040"
"08/25/2025 16:33:20.678","4213","0","216567808","5959856128"
